text_id,diagnostic_mean,prognostic_mean,motivational_mean
1000164198627088,2.0,2.0,4.0
1000346171937094,0.0,0.0,3.0
1000583702759923,4.0,3.0,4.0
1001643848486680,0.0,0.0,1.0
1001705045323585,0.0,1.0,4.0
1001824741861214,2.0,2.0,4.0
1001838399500594,2.0,2.0,3.0
1001958669267150,0.0,0.0,3.0
1001964292638135,3.0,2.0,4.0
1001998559413129,0.0,1.0,3.0
1002106815304511,3.0,2.0,4.0
10024034384279433,3.0,1.0,2.0
1002420095757554,3.0,1.0,3.0
1003282811849059,1.0,2.0,4.0
1003427188273125,2.0,2.0,4.0
1004493329113599,0.0,1.0,1.0
1004503131723055,2.0,2.0,4.0
1004872268818270,1.0,1.0,3.0
1006673771315119,1.0,1.0,4.0
1006727588134283,3.0,2.0,4.0
1006763272214551,0.0,1.0,4.0
1007210714765141,4.0,3.0,4.0
1007218487913616,0.0,2.0,4.0
1007219007932070,2.0,3.0,4.0
1007929348522952,0.0,1.0,4.0
1008004515479192,2.0,2.0,4.0
1008271025276666,0.0,1.0,4.0
1008539064456620,0.0,1.0,3.0
1008577097779450,1.0,1.0,3.0
1008836888619570,2.0,2.0,3.0
1008855778422319,2.0,3.0,4.0
1009056464381002,3.0,2.0,4.0
1009525087604267,3.0,3.0,4.0
1009982708534341,3.0,3.0,4.0
1010003300974375,0.0,2.0,3.0
1010252678428359,0.0,0.0,2.0
1010837385170590,0.0,0.0,3.0
1011221234150056,0.0,1.0,3.0
1011555834334473,0.0,0.0,3.0
1011749677476323,0.0,1.0,4.0
1012056218470509,1.0,0.0,3.0
1012124657398068,3.0,2.0,4.0
1012258040731204,4.0,1.0,3.0
1012370898468308,0.0,1.0,3.0
1012788538005656,2.0,2.0,4.0
1013082378359167,1.0,2.0,4.0
1013084097184620,2.0,1.0,4.0
1013422964155357,0.0,1.0,4.0
1013452621084909,4.0,2.0,3.0
1013492410600438,0.0,1.0,4.0
1014239864822778,1.0,1.0,3.0
1014458554814026,0.0,0.0,4.0
1014943717961464,0.0,0.0,1.0
1015003297121861,4.0,3.0,4.0
1015009384469536,2.0,1.0,4.0
1015726921046664,1.0,2.0,4.0
1017304230233700,3.0,3.0,4.0
1017416917705634,1.0,1.0,4.0
1017658580313598,2.0,2.0,4.0
1017790303504489,2.0,1.0,4.0
1017901496839436,3.0,4.0,3.0
1018206630575693,0.0,1.0,4.0
1018355370126573,3.0,1.0,4.0
1018416317613877,4.0,2.0,4.0
1018542310157541,2.0,3.0,3.0
1019194163811722,2.0,3.0,3.0
1019297610746671,1.0,3.0,4.0
1019390960492694,4.0,3.0,4.0
1019994400674907,2.0,2.0,4.0
1020256376513898,2.0,2.0,4.0
1020792327579383,2.0,2.0,3.0
1021415510004833,3.0,2.0,4.0
1021535170272890,0.0,1.0,4.0
1021545427241724,0.0,1.0,3.0
1021578920255086,0.0,1.0,4.0
1021676186908315,4.0,3.0,4.0
1021922473665852,3.0,2.0,4.0
1023172036834829,0.0,0.0,1.0
1023177319840343,3.0,0.0,1.0
1023300567357151,0.0,0.0,0.0
1023955567125173,1.0,3.0,4.0
1024275190195657,3.0,2.0,4.0
1025094692991527,1.0,3.0,4.0
1025189083429263,0.0,1.0,4.0
1025206482709324,3.0,2.0,3.0
1025298466899089,0.0,1.0,3.0
1025680923538777,1.0,2.0,4.0
1026202095931693,0.0,0.0,0.0
1026297133090248,2.0,3.0,3.0
1026761026158467,0.0,1.0,3.0
1027041113196473,0.0,1.0,4.0
1027159272554787,0.0,1.0,3.0
1027988196035838,0.0,0.0,0.0
1028434565774374,1.0,1.0,4.0
1028865896320326,1.0,2.0,4.0
1029325189240023,0.0,0.0,1.0
1030500096502702,1.0,2.0,4.0
1030562742238712,2.0,1.0,4.0
1030871629491993,1.0,1.0,3.0
1030901635511497,1.0,1.0,4.0
1031612045653790,0.0,0.0,2.0
1031678045650720,0.0,1.0,4.0
1031996549766395,0.0,1.0,3.0
1032363079329054,0.0,0.0,3.0
1032454092921189,2.0,4.0,4.0
1032456171900295,1.0,0.0,4.0
1034558675100354,3.0,3.0,4.0
1034830685348819,1.0,2.0,4.0
1034848342244274,0.0,0.0,0.0
1035565454989079,2.0,3.0,4.0
1035619464998029,3.0,2.0,4.0
1035743249398116,0.0,1.0,3.0
1035851095513631,0.0,0.0,0.0
1035910789016875,0.0,0.0,0.0
1036451052270601,0.0,0.0,2.0
1036774995146036,1.0,1.0,2.0
1036780938494383,0.0,0.0,3.0
1037131452184619,3.0,3.0,4.0
1037149322536109,0.0,0.0,2.0
1037457125603746,0.0,1.0,3.0
1037552435821024,2.0,1.0,4.0
1038786198263383,1.0,2.0,4.0
1038893048003277,2.0,2.0,4.0
1039156122237546,4.0,3.0,4.0
1039424954869591,2.0,0.0,1.0
1039631264873053,3.0,2.0,4.0
1040033534557963,1.0,2.0,3.0
1040390671836187,0.0,1.0,4.0
1040432701838788,0.0,0.0,2.0
1040922731923882,1.0,0.0,3.0
1041045991609949,1.0,2.0,4.0
1041171231685644,0.0,1.0,3.0
1041442765461611,0.0,1.0,4.0
1041605601745973,3.0,2.0,4.0
1042129875011324,3.0,2.0,3.0
1043097647170508,2.0,3.0,3.0
1043577645236692,1.0,2.0,4.0
1043652704148632,3.0,2.0,4.0
1043680444933129,0.0,0.0,2.0
1044729717424759,4.0,1.0,2.0
1045150626544318,3.0,3.0,4.0
1045293344826007,1.0,2.0,4.0
1045575111534265,2.0,2.0,3.0
1046012851124393,0.0,1.0,4.0
1046270141615665,2.0,2.0,4.0
1046591401149712,1.0,0.0,3.0
1046849940818421,2.0,3.0,4.0
1047060954457939,0.0,1.0,3.0
1047061054919364,3.0,3.0,2.0
1047095021461628,1.0,0.0,1.0
1047446551611297,3.0,3.0,2.0
1047575664274773,2.0,2.0,4.0
1047661323716547,3.0,2.0,4.0
1047908584804946,2.0,3.0,3.0
1048191190966093,0.0,1.0,2.0
1048455510374230,4.0,3.0,4.0
1048914994472274,2.0,1.0,4.0
1049192954698677,2.0,1.0,2.0
1049298264436388,2.0,3.0,4.0
1049516717412905,1.0,1.0,4.0
1049599059461670,1.0,2.0,2.0
1049755847514134,0.0,1.0,2.0
1051012744011353,2.0,0.0,1.0
1051166481136356,1.0,2.0,4.0
1051831714190280,1.0,2.0,2.0
1053315840704426,3.0,3.0,4.0
1053642330656369,3.0,3.0,4.0
1053700583675956,3.0,2.0,4.0
1053984950914220,0.0,0.0,2.0
1057425409734305,3.0,3.0,2.0
1057723390457220,1.0,1.0,4.0
1057776522820755,2.0,1.0,3.0
1058109763618164,3.0,1.0,3.0
1059544682852407,1.0,0.0,4.0
1059670796176539,3.0,3.0,4.0
1060115853342096,3.0,2.0,4.0
1060197759683088,0.0,1.0,3.0
1060304152532214,4.0,4.0,3.0
1061079092454358,0.0,0.0,1.0
1061108042487598,1.0,2.0,4.0
1061117608654910,4.0,2.0,4.0
1061415150152448,0.0,1.0,4.0
1062223979495314,3.0,1.0,2.0
1062310763386736,2.0,3.0,4.0
1062544022312561,4.0,3.0,4.0
1063016766477346,2.0,2.0,3.0
1063546775516076,4.0,3.0,4.0
1063694509657135,0.0,0.0,1.0
1063731958020167,3.0,3.0,4.0
1064202722794987,3.0,4.0,3.0
1064587625433616,2.0,2.0,2.0
1065322432907653,1.0,2.0,2.0
1065590719196919,2.0,2.0,4.0
1065917971981548,1.0,2.0,3.0
1066089269640528,2.0,4.0,4.0
1066230571974055,0.0,1.0,4.0
1066427485171745,1.0,3.0,4.0
1067543085765716,0.0,1.0,4.0
1068275958402800,1.0,2.0,2.0
1068702505657605,1.0,2.0,4.0
1068860116076585,0.0,1.0,2.0
1069086952303538,1.0,2.0,4.0
1069414314895222,3.0,2.0,4.0
1069520238749885,1.0,3.0,4.0
1069607418856417,0.0,1.0,4.0
1069815088948299,4.0,3.0,2.0
1070457818099698,2.0,1.0,3.0
1071064948556517,4.0,4.0,4.0
1071213912153437,0.0,1.0,4.0
1071360968077004,3.0,3.0,4.0
1071449957794830,1.0,3.0,4.0
1073287515073018,1.0,2.0,4.0
1074314061040685,0.0,1.0,3.0
1074604127804075,1.0,1.0,4.0
1075582450977167,3.0,3.0,4.0
1075790187003539,4.0,2.0,4.0
1077313177043417,4.0,3.0,4.0
1077582551352850,2.0,0.0,0.0
1079031603705552,3.0,2.0,4.0
1079449391018674,3.0,2.0,4.0
1079731413937708,1.0,3.0,4.0
1080162767217655,3.0,1.0,4.0
1080497656882841,1.0,2.0,4.0
1080701111384998,4.0,3.0,4.0
1080869984296373,2.0,1.0,4.0
1080927393126491,1.0,0.0,3.0
1081629710642195,0.0,1.0,3.0
1081862319689796,4.0,3.0,4.0
1082493673670486,0.0,0.0,3.0
1082511406984003,4.0,2.0,4.0
1082677806994253,2.0,3.0,3.0
1082691327560420,3.0,1.0,4.0
1083764029601719,4.0,2.0,4.0
1083794920105355,4.0,3.0,4.0
1083907476761552,3.0,2.0,4.0
1084752399797314,3.0,2.0,4.0
1085074127810260,2.0,1.0,4.0
1085303306423209,0.0,1.0,4.0
1085343339469734,0.0,0.0,4.0
1085784989902664,0.0,1.0,4.0
1086276183839384,3.0,1.0,2.0
1086417723259291,0.0,0.0,1.0
1087078743662381,0.0,0.0,3.0
1087229019046017,1.0,2.0,3.0
1087444226406189,2.0,4.0,3.0
1087856537092968,0.0,1.0,4.0
1087860509693015,1.0,1.0,4.0
1088068119478007,2.0,1.0,4.0
1088767682969099,0.0,2.0,4.0
1088780252468208,0.0,1.0,3.0
1088859532687313,2.0,3.0,4.0
1088863178921274,2.0,2.0,4.0
1088887697038444,0.0,1.0,4.0
1088944663580758,3.0,2.0,3.0
1089122566090132,4.0,2.0,4.0
1089607840420451,3.0,4.0,4.0
1089867686226181,1.0,2.0,3.0
1089913502935428,2.0,2.0,3.0
1090086138888088,2.0,1.0,4.0
1090513839393778,0.0,0.0,1.0
1090797258936849,0.0,1.0,3.0
1090866280264783,0.0,1.0,4.0
1090902730052660,1.0,0.0,4.0
1091065676342110,0.0,1.0,2.0
1092214049036162,0.0,0.0,3.0
1092341442641228,3.0,3.0,3.0
1092590829335100,3.0,3.0,4.0
1093062669220887,0.0,0.0,2.0
1093980203013513,0.0,0.0,1.0
1094520431816708,2.0,3.0,4.0
1094532305546979,3.0,1.0,4.0
1094645032102229,0.0,1.0,4.0
1094839768718770,0.0,1.0,3.0
1094965248852462,0.0,1.0,4.0
1095124068395408,0.0,1.0,3.0
1095186859287302,3.0,2.0,4.0
1096199351949634,2.0,4.0,2.0
1096573235048513,3.0,1.0,3.0
1096722516120605,0.0,1.0,4.0
1096849961884093,0.0,1.0,3.0
1097429858849963,1.0,2.0,4.0
1097627725236462,2.0,3.0,4.0
1097757658611006,4.0,0.0,3.0
1097877112329724,3.0,3.0,4.0
1097955542014207,0.0,1.0,4.0
1098449118679029,4.0,2.0,4.0
1098650788454863,3.0,1.0,4.0
1099543338622999,1.0,2.0,4.0
1099564728324798,3.0,3.0,4.0
1099976329264893,1.0,2.0,4.0
1100515208481790,4.0,3.0,2.0
1100678288466452,3.0,3.0,4.0
1100882954811810,0.0,0.0,2.0
1100883008344767,1.0,2.0,4.0
1101356455100730,3.0,2.0,4.0
1101604428209522,0.0,1.0,4.0
1102056541012567,2.0,2.0,4.0
1102078804756730,2.0,2.0,4.0
1102300311575772,1.0,3.0,4.0
1102413048766826,2.0,2.0,3.0
1102472721559726,4.0,1.0,3.0
1103189497983619,2.0,3.0,3.0
1103470104513057,4.0,3.0,4.0
1103696994604262,4.0,3.0,2.0
1103997415620093,0.0,1.0,2.0
1104179334447655,1.0,1.0,4.0
1104726821007291,2.0,2.0,4.0
1104742400523953,1.0,1.0,3.0
1105115374523422,0.0,1.0,3.0
1105139481397803,1.0,1.0,3.0
1105281010998106,1.0,1.0,4.0
1105367901284398,1.0,2.0,4.0
1105377081337626,1.0,0.0,3.0
1105510333908975,0.0,1.0,3.0
1105582221143666,3.0,2.0,3.0
1105849271555367,1.0,1.0,2.0
1106412743874861,1.0,1.0,4.0
1106473017217751,3.0,3.0,4.0
1106563191011420,0.0,0.0,0.0
1106596740992771,1.0,0.0,4.0
1106945287885538,1.0,1.0,4.0
1107094020941287,0.0,2.0,1.0
1107097461009092,3.0,3.0,3.0
1107201494484147,3.0,1.0,2.0
1107373694435774,3.0,2.0,4.0
1108193005121014,0.0,1.0,4.0
1108831270708769,1.0,2.0,4.0
1109007447272549,2.0,2.0,4.0
1109390873989089,0.0,2.0,4.0
1109650084179435,1.0,2.0,3.0
1109980227284251,3.0,3.0,4.0
1110004620800260,0.0,1.0,2.0
1110219197467528,1.0,0.0,0.0
1110380718009696,3.0,4.0,3.0
1110507631310855,0.0,1.0,4.0
1110517340692495,3.0,2.0,4.0
1110639777120315,2.0,2.0,4.0
1111118580364887,3.0,1.0,3.0
1111120993924775,1.0,1.0,4.0
1112127563124094,3.0,3.0,3.0
1112390856767024,1.0,2.0,3.0
1112597998003262,3.0,2.0,2.0
1112876861019313,2.0,0.0,2.0
1112948240414215,3.0,3.0,4.0
1113195374365075,0.0,1.0,3.0
1113451623610877,1.0,4.0,4.0
1114348719675022,0.0,1.0,3.0
1114361183525768,2.0,1.0,4.0
1114504550160230,0.0,1.0,2.0
1114892510048116,2.0,0.0,3.0
1114913189953726,2.0,3.0,4.0
1115803110289947,2.0,3.0,2.0
1115888616528752,0.0,1.0,3.0
1116197266528857,1.0,3.0,4.0
1116627443379275,4.0,3.0,4.0
1116906546430593,2.0,1.0,4.0
1117612006757774,2.0,1.0,1.0
1117631893287384,4.0,2.0,4.0
1117656599822007,2.0,1.0,4.0
1118186226442029,2.0,1.0,4.0
1118231572958413,0.0,0.0,0.0
1118539566638090,0.0,0.0,0.0
1118557269759253,0.0,0.0,1.0
1119030159488722,4.0,4.0,4.0
1119291902651222,1.0,2.0,3.0
1119317776167368,3.0,2.0,4.0
1119338906184572,2.0,2.0,2.0
1119586585749497,3.0,2.0,4.0
1119702199625097,3.0,3.0,4.0
1120317942744647,1.0,0.0,1.0
1120539132928889,0.0,1.0,4.0
1120697366343916,0.0,0.0,2.0
1120724459553789,0.0,0.0,2.0
1120904542701146,3.0,2.0,3.0
1120924859827946,1.0,2.0,3.0
1121038515967836,3.0,1.0,4.0
1121712089436205,1.0,2.0,3.0
1121829279690109,0.0,1.0,4.0
1122193232551059,3.0,3.0,1.0
1122254885859304,1.0,3.0,4.0
1122407016106964,3.0,2.0,4.0
1122422679576230,3.0,1.0,4.0
1122535232447874,3.0,2.0,4.0
1122628035728699,2.0,2.0,4.0
1122711315756371,0.0,0.0,0.0
1122940318686300,1.0,2.0,4.0
1122942332951015,3.0,2.0,3.0
1123379499503686,0.0,2.0,3.0
1123388362782759,0.0,0.0,2.0
1123520196176795,2.0,4.0,4.0
1123632219870745,0.0,1.0,4.0
1123704335900007,0.0,1.0,3.0
1123827252289271,2.0,3.0,4.0
1123833272306528,2.0,1.0,1.0
1124158175766269,3.0,3.0,4.0
1124190728718289,3.0,3.0,4.0
1124217436041058,2.0,3.0,4.0
1124262725575682,0.0,0.0,0.0
1124475892206103,0.0,1.0,3.0
1125227039075577,1.0,3.0,4.0
1125669819042012,3.0,3.0,4.0
1125730452548930,3.0,2.0,4.0
1125977088830540,3.0,4.0,3.0
1126446038691712,0.0,1.0,4.0
1126559029090192,1.0,1.0,3.0
1126867758974802,2.0,3.0,4.0
1126999908904696,4.0,3.0,4.0
1127097019162409,1.0,2.0,3.0
1127204155369035,4.0,3.0,4.0
1127234309374735,1.0,2.0,3.0
1127414629165508,0.0,1.0,4.0
1127478965543348,0.0,1.0,3.0
1127544192364716,3.0,4.0,3.0
1127985662163196,0.0,1.0,4.0
1128051945700958,2.0,2.0,4.0
1128109195393503,2.0,1.0,4.0
1128368185117813,2.0,1.0,4.0
1128527988998722,3.0,0.0,1.0
1128953431964646,0.0,1.0,4.0
1128987114975846,1.0,1.0,4.0
1129004238493735,3.0,2.0,2.0
1129251952183065,4.0,2.0,4.0
1129328685649668,0.0,0.0,1.0
1129373065059506,0.0,0.0,1.0
1129399428655909,0.0,1.0,2.0
1129489515090325,0.0,1.0,4.0
1129721808296574,0.0,0.0,2.0
1129768221897574,1.0,1.0,3.0
1129880068691719,1.0,3.0,4.0
1130119396342417,1.0,0.0,1.0
1130127171555898,0.0,0.0,3.0
1130196258497750,3.0,2.0,4.0
1130623625144681,2.0,0.0,3.0
1130689735163961,1.0,1.0,3.0
1130896785190840,1.0,1.0,3.0
1131030862147224,0.0,0.0,4.0
1131251341827094,3.0,2.0,4.0
1131292644860996,1.0,3.0,0.0
1131307355156502,0.0,1.0,4.0
1131394548778072,2.0,2.0,4.0
1132049498021939,0.0,1.0,3.0
1132106601344622,2.0,2.0,1.0
1132240035125175,3.0,2.0,4.0
1132363898565259,3.0,4.0,4.0
1132472591645347,3.0,3.0,4.0
1132543958658523,1.0,4.0,2.0
1132601994734297,3.0,1.0,3.0
1132709174708606,0.0,1.0,4.0
1132713511827830,2.0,2.0,3.0
1132918987944027,0.0,0.0,0.0
1132979781461802,0.0,0.0,0.0
1133239207851127,2.0,1.0,4.0
1133661888102191,3.0,1.0,2.0
1133845554900926,3.0,3.0,4.0
1134405998159738,1.0,2.0,4.0
1134436504755060,1.0,3.0,4.0
1134658984835680,0.0,0.0,1.0
1135311581572675,1.0,2.0,4.0
1135420918142658,2.0,0.0,3.0
1135432314950335,1.0,2.0,4.0
1136013611507927,3.0,3.0,4.0
1136538301308081,3.0,1.0,4.0
1136777844651021,2.0,3.0,4.0
1136784474474330,4.0,4.0,4.0
1136857761240979,1.0,2.0,3.0
1137437644839772,2.0,1.0,4.0
1137438724201785,1.0,3.0,2.0
1137550961252839,3.0,3.0,4.0
1137613521908934,1.0,1.0,4.0
1137795760903645,2.0,3.0,4.0
1137971414453354,2.0,2.0,1.0
1138098187632099,1.0,1.0,3.0
1138316887685783,4.0,3.0,3.0
1138561157910979,0.0,0.0,1.0
1138673650997772,0.0,0.0,0.0
1138759677904405,1.0,1.0,2.0
1138883321083159,1.0,1.0,4.0
1138947384545856,0.0,1.0,3.0
1139111724892111,3.0,2.0,4.0
1139185894541508,0.0,0.0,0.0
1139317830698531,1.0,1.0,4.0
1139405321746766,0.0,0.0,3.0
1139497823863554,2.0,3.0,4.0
1139906064511067,1.0,2.0,4.0
1140150737529927,1.0,0.0,1.0
1140218893696642,1.0,3.0,1.0
1140400584415117,2.0,1.0,3.0
1140836627493575,2.0,3.0,3.0
1141048224126563,3.0,2.0,3.0
1141252850895414,2.0,3.0,4.0
1141436890717269,3.0,3.0,4.0
1141747744273892,4.0,4.0,4.0
1141802087303652,2.0,3.0,4.0
1142015994269812,1.0,2.0,3.0
1142058194128844,2.0,3.0,4.0
1142086794365723,3.0,3.0,3.0
1142178950767097,0.0,0.0,3.0
1142637670574950,4.0,0.0,2.0
1142706630550865,3.0,1.0,3.0
1142801667468407,1.0,2.0,3.0
1142854310702956,4.0,3.0,4.0
1143430384059784,1.0,2.0,4.0
1144418647133609,3.0,3.0,3.0
1144430307123709,3.0,1.0,2.0
1144666673583895,2.0,0.0,1.0
1144977116997998,3.0,3.0,4.0
1144996560895266,2.0,3.0,4.0
1145176329890485,0.0,1.0,4.0
1145210427384222,0.0,1.0,4.0
1145305906966494,0.0,1.0,3.0
1145419437304484,1.0,1.0,4.0
1145584027210290,2.0,3.0,2.0
1146001126752957,2.0,0.0,0.0
1146223446845258,2.0,2.0,4.0
1146653683661161,1.0,2.0,4.0
1146742120465035,0.0,1.0,4.0
1146837093511236,3.0,3.0,4.0
1146913779706662,3.0,2.0,4.0
1146996213712669,0.0,0.0,1.0
1147102063465248,4.0,2.0,4.0
1147104570190015,0.0,1.0,3.0
1147217500443144,1.0,1.0,4.0
1147267310167112,0.0,1.0,4.0
1147434757165645,0.0,0.0,4.0
1147462610100705,3.0,2.0,2.0
1147708350591599,3.0,2.0,4.0
1147792293665391,1.0,3.0,4.0
1148255933366438,2.0,2.0,4.0
1148339636597252,1.0,3.0,3.0
1148386306727163,0.0,1.0,3.0
1148545780314022,0.0,0.0,3.0
1148774220178759,0.0,0.0,0.0
1148863826942572,0.0,0.0,1.0
1148981623337226,3.0,3.0,2.0
1149026473675176,0.0,1.0,4.0
1149144499972320,3.0,1.0,3.0
1149509690242302,1.0,1.0,4.0
1149529950092431,1.0,2.0,4.0
1149550100093584,2.0,2.0,3.0
1149800199873255,3.0,2.0,3.0
1149877239857071,1.0,0.0,3.0
1150201079927301,0.0,0.0,2.0
1150573176683199,2.0,3.0,4.0
1150755239770976,0.0,1.0,3.0
1151206256562760,0.0,0.0,1.0
1151446100378879,0.0,1.0,4.0
1151536933166142,0.0,1.0,3.0
1151597633357776,3.0,2.0,1.0
1151841006358409,0.0,1.0,3.0
1152042983258407,3.0,1.0,4.0
1152050166638265,3.0,1.0,3.0
1152052799955833,0.0,1.0,3.0
1152404916585203,1.0,3.0,4.0
1152751159719143,0.0,0.0,1.0
1152998946170073,2.0,2.0,1.0
1153232683655199,4.0,3.0,4.0
1153361392969332,1.0,0.0,2.0
1153457989458776,2.0,2.0,1.0
1153510336327290,0.0,1.0,2.0
1153568076284988,3.0,4.0,3.0
1153575379658603,0.0,0.0,0.0
1153622019666772,1.0,3.0,4.0
1153676506462062,3.0,2.0,4.0
1153695905977242,1.0,2.0,3.0
1154291039604762,4.0,2.0,4.0
1154734399648801,2.0,3.0,4.0
1154825166021316,4.0,3.0,4.0
1155113542991291,0.0,0.0,0.0
1155305969586189,3.0,2.0,3.0
1155365869479123,2.0,3.0,3.0
1155427983254169,1.0,3.0,4.0
1155446409699783,1.0,3.0,3.0
1155770795924211,0.0,0.0,3.0
1156309745855877,1.0,0.0,4.0
1156373232538467,3.0,3.0,4.0
1156402335880771,0.0,1.0,2.0
1156474766037332,1.0,0.0,2.0
1156979273133299,4.0,1.0,2.0
1157314285973209,3.0,2.0,3.0
1157715429103889,1.0,1.0,4.0
1158164959143526,3.0,4.0,4.0
1158797365583368,2.0,2.0,3.0
1158843005768713,1.0,2.0,4.0
1158923645803424,1.0,2.0,4.0
1158968572467471,4.0,1.0,3.0
1159213252055146,1.0,2.0,4.0
1159242966253961,0.0,0.0,2.0
1159568728872970,1.0,1.0,3.0
1159598182243369,0.0,1.0,4.0
1159674639082216,2.0,3.0,4.0
1159752695741605,1.0,3.0,4.0
1160511762269500,0.0,1.0,3.0
1161072312096840,2.0,3.0,3.0
1161665525610033,3.0,2.0,4.0
1162122168803770,1.0,1.0,4.0
1162187605346783,0.0,1.0,3.0
1162250172264952,4.0,3.0,4.0
1162445539214549,0.0,0.0,4.0
1162525062138239,3.0,3.0,4.0
1162592122104052,1.0,2.0,4.0
1162612125534440,2.0,2.0,3.0
1163007962110476,3.0,1.0,4.0
1163408241797386,0.0,1.0,4.0
1163539028797960,1.0,2.0,3.0
1164087405115870,2.0,1.0,3.0
1164536478615960,0.0,1.0,3.0
1164544125235730,2.0,1.0,3.0
1164734795143253,3.0,0.0,2.0
1165914528396754,3.0,1.0,2.0
1167126101789404,0.0,1.0,4.0
1167195348300551,0.0,0.0,2.0
1167473458130701,2.0,3.0,2.0
1167803648065392,0.0,0.0,2.0
1167817991425214,3.0,2.0,4.0
1168114208312177,1.0,2.0,4.0
1168378271313326,3.0,3.0,4.0
1168439091133873,1.0,1.0,4.0
1168555944661543,0.0,1.0,3.0
1169107824578700,3.0,3.0,4.0
1169364191442197,0.0,0.0,0.0
1169520628028419,0.0,1.0,4.0
1169537577849725,2.0,1.0,4.0
1170362181147089,1.0,1.0,3.0
1171394640900277,3.0,2.0,4.0
1171885334845908,0.0,1.0,3.0
1172593521119516,2.0,3.0,4.0
1173736320758697,1.0,4.0,3.0
1173981434312320,1.0,1.0,4.0
1174008237581136,2.0,1.0,4.0
1174173197745094,3.0,3.0,4.0
1174378884020022,1.0,2.0,3.0
1174482520943616,0.0,0.0,0.0
1174949554632072,2.0,1.0,4.0
1176132740916055,0.0,1.0,4.0
1176172300686983,4.0,3.0,4.0
1176220140794943,0.0,1.0,2.0
1176333860791511,3.0,3.0,4.0
1176495244666359,0.0,0.0,1.0
1177195044414322,0.0,0.0,2.0
1177230873821480,1.0,1.0,1.0
1177285400488393,3.0,1.0,2.0
1177580007268856,2.0,2.0,4.0
1178200860336751,1.0,1.0,3.0
1178325543960476,3.0,1.0,4.0
1178756190248570,1.0,2.0,4.0
1178839413835228,0.0,0.0,2.0
1179022547125195,3.0,1.0,2.0
1180226723461521,3.0,4.0,3.0
1180494716332192,3.0,1.0,4.0
1180543637059351,0.0,1.0,4.0
1180654983670108,3.0,3.0,3.0
1180826850887463,4.0,4.0,4.0
1182140856693729,0.0,1.0,3.0
1182662997201801,2.0,3.0,4.0
1182881703172284,2.0,2.0,4.0
1183269003415333,4.0,0.0,1.0
1185086863187471,2.0,3.0,4.0
1185825986215272,0.0,1.0,3.0
1185893946901217,2.0,1.0,4.0
1186891879807372,1.0,2.0,2.0
1187847512876067,4.0,1.0,4.0
1188184896195746,0.0,1.0,3.0
1191596866322133,1.0,1.0,4.0
1192472669691430,0.0,1.0,3.0
1193700742469465,0.0,0.0,1.0
1194400998915350,4.0,1.0,3.0
1194615320401772,1.0,2.0,4.0
1194946395569024,0.0,0.0,3.0
1195464356033877,3.0,3.0,4.0
1196816015390027,3.0,3.0,4.0
1199053815683542,0.0,0.0,0.0
1199246515102601,2.0,0.0,1.0
1200499608162496,3.0,3.0,4.0
1201648680926459,3.0,2.0,4.0
1202587894175745,3.0,2.0,3.0
1202695668151339,3.0,1.0,4.0
1202777384832729,3.0,2.0,1.0
1203456007444890,4.0,2.0,4.0
1204670665108860,0.0,0.0,0.0
1204913700473774,2.0,0.0,1.0
1205046794207462,1.0,2.0,4.0
1205944201669093,3.0,2.0,4.0
1209046422291907,2.0,1.0,3.0
1209107180642672,2.0,2.0,4.0
1210362686729234,4.0,3.0,4.0
1213517687532648,0.0,1.0,4.0
1216579123410252,2.0,0.0,1.0
1217856395963342,0.0,1.0,4.0
1219975549306951,2.0,1.0,3.0
1220800376127612,4.0,4.0,3.0
1220901760088973,2.0,1.0,4.0
1221116629002082,1.0,0.0,2.0
1222584705708953,4.0,2.0,4.0
1223263452765031,0.0,1.0,2.0
1223370562289445,2.0,2.0,4.0
1224780125457665,0.0,2.0,4.0
1228039405146146,3.0,3.0,4.0
1229451575958213,3.0,3.0,4.0
1230450919119637,2.0,3.0,3.0
1231603571470607,0.0,0.0,1.0
1231629930028090,3.0,2.0,4.0
1231900915172535,0.0,0.0,4.0
1232199491211471,4.0,3.0,4.0
1232436997864811,1.0,2.0,3.0
1233052094477725,0.0,0.0,0.0
1234606641108792,3.0,2.0,3.0
1235177867770422,0.0,2.0,4.0
1235568902054276,3.0,2.0,4.0
1237523643967556,0.0,0.0,4.0
1240274750402472,0.0,1.0,4.0
1242674323634022,1.0,2.0,3.0
1243061240284182,4.0,3.0,4.0
1243951666718581,2.0,2.0,4.0
1244470629952506,3.0,4.0,3.0
1244909630059107,0.0,2.0,4.0
1245070573232271,0.0,0.0,2.0
1246296376491384,0.0,0.0,0.0
1248409136221533,0.0,1.0,4.0
1248541079581286,1.0,1.0,4.0
1249193710028563,4.0,4.0,3.0
1249699146124138,0.0,0.0,3.0
1250034079423973,1.0,1.0,4.0
1251397975918849,3.0,3.0,4.0
1251443519256319,2.0,1.0,3.0
1252192212535466,2.0,2.0,3.0
1252668219343606,3.0,3.0,4.0
1252741772438181,1.0,0.0,2.0
1252754109110803,1.0,3.0,4.0
1252989002617696,3.0,1.0,4.0
1253204259075734,3.0,3.0,4.0
1253869812365780,0.0,1.0,3.0
1254845358940493,0.0,1.0,4.0
1255421505556078,1.0,1.0,4.0
1255789242294460,3.0,2.0,4.0
1255791389010513,0.0,1.0,3.0
1255930189805143,3.0,2.0,4.0
1256277215486290,1.0,1.0,3.0
1256306658764005,1.0,2.0,3.0
1256572708926306,0.0,0.0,1.0
1257196115573782,1.0,2.0,2.0
1257394872175761,0.0,0.0,1.0
1257586865501467,1.0,2.0,4.0
1258061258620696,3.0,2.0,4.0
1258288122170979,3.0,2.0,4.0
1258307591935895,2.0,3.0,4.0
1258680862084620,1.0,0.0,3.0
1258722025438269,0.0,3.0,4.0
1259315998462737,3.0,1.0,4.0
1260572851835209,3.0,3.0,3.0
1260697295170127,0.0,0.0,1.0
1261547441805405,0.0,0.0,0.0
1262684961535521,0.0,0.0,0.0
1263770808214043,1.0,2.0,4.0
1263951788041172,0.0,0.0,3.0
1264671691444781,2.0,1.0,0.0
1264879231502234,1.0,1.0,4.0
1264979762010699,0.0,1.0,3.0
1266481221061355,1.0,3.0,4.0
1266684828006827,0.0,1.0,4.0
1266706034601383,0.0,0.0,3.0
1267100047748285,3.0,2.0,4.0
1267642231017949,0.0,0.0,4.0
1268430080862390,3.0,2.0,4.0
1268507504387158,2.0,3.0,3.0
1268687247577115,0.0,0.0,1.0
1269484494350437,2.0,3.0,4.0
1269919827566728,2.0,2.0,4.0
1269987790960501,3.0,1.0,4.0
1270436234079536,0.0,0.0,3.0
1270847724148822,3.0,1.0,2.0
1271074260670168,0.0,0.0,1.0
1272350787212647,2.0,1.0,3.0
1273087700561534,3.0,3.0,4.0
1273792983903431,1.0,2.0,4.0
1274401577201311,0.0,0.0,3.0
1274440930278024,3.0,1.0,4.0
1274913893737909,1.0,2.0,4.0
1275314043696414,2.0,4.0,4.0
1275405336751184,0.0,0.0,3.0
1275871846977890,2.0,3.0,4.0
1275877227010010,0.0,1.0,3.0
1275934207032701,0.0,1.0,4.0
1276093303522189,3.0,2.0,3.0
1276159887019929,0.0,0.0,2.0
1276807916873350,1.0,2.0,3.0
1277293756813316,2.0,1.0,4.0
1277351986831374,1.0,2.0,4.0
1277432790149277,2.0,2.0,4.0
1277455200032928,0.0,1.0,3.0
1278092636561882,3.0,2.0,4.0
1278158756731694,0.0,0.0,1.0
1278342209949267,4.0,3.0,4.0
1278685856754043,0.0,0.0,2.0
1279158496503971,1.0,2.0,3.0
1279321289951060,0.0,1.0,3.0
1279950183027422,0.0,1.0,2.0
1280305913415383,3.0,3.0,4.0
1280799059840122,0.0,0.0,3.0
1281079183147827,3.0,3.0,4.0
1281962386177756,2.0,2.0,4.0
1282129196423246,1.0,1.0,4.0
1282590119691083,3.0,2.0,2.0
1282925939636044,3.0,1.0,4.0
1283535299428653,0.0,0.0,2.0
1283682153837490,3.0,1.0,3.0
1283735912951845,3.0,2.0,3.0
1284154239438075,2.0,3.0,4.0
1284312709304555,0.0,0.0,3.0
1284975672631037,4.0,3.0,4.0
1285639459504641,1.0,3.0,4.0
1285692739491971,0.0,1.0,4.0
1285820719203630,3.0,2.0,3.0
1285847159361405,3.0,2.0,4.0
1285854235993389,3.0,1.0,2.0
1286019119268714,0.0,1.0,3.0
1286112252479199,4.0,3.0,3.0
1286215975950384,0.0,1.0,3.0
1286624655934950,0.0,0.0,0.0
1286964695902115,0.0,1.0,4.0
1287767669140329,4.0,3.0,4.0
1288043192546444,1.0,1.0,4.0
1288122939179742,2.0,1.0,4.0
1288361389029560,0.0,0.0,1.0
1288784515688522,4.0,2.0,4.0
1288847799026065,1.0,1.0,4.0
1289009923053502,1.0,2.0,4.0
1289145596507361,3.0,2.0,4.0
1289403525544317,4.0,1.0,2.0
1289757215705566,3.0,2.0,4.0
1290183951983601,3.0,2.0,4.0
1290711635500961,0.0,0.0,0.0
1290984838850680,1.0,1.0,3.0
1291369105463612,1.0,0.0,1.0
1291594728524042,4.0,2.0,1.0
1291844315484422,2.0,3.0,4.0
1292388618615900,0.0,0.0,2.0
1293033251903902,0.0,1.0,1.0
1293105628661518,0.0,1.0,4.0
1293378495446457,0.0,0.0,2.0
1293394328341156,3.0,2.0,4.0
1294087411616860,3.0,2.0,4.0
1294271131557604,0.0,0.0,0.0
1294673574865485,1.0,1.0,3.0
1294679581663881,0.0,1.0,3.0
1294918115134943,0.0,0.0,3.0
1295185448298818,4.0,3.0,4.0
1295223151601261,1.0,1.0,4.0
1295227732551096,1.0,2.0,3.0
1295232321586383,1.0,2.0,4.0
1295266591393903,3.0,3.0,3.0
1295983925645194,1.0,2.0,4.0
1296601144994115,1.0,1.0,3.0
1296765001651081,2.0,3.0,3.0
1297219458277417,3.0,1.0,4.0
1297673861495024,0.0,1.0,2.0
1298102974808026,1.0,1.0,3.0
1298223494659498,3.0,2.0,3.0
1298287954646256,0.0,0.0,1.0
1298819074637348,3.0,0.0,2.0
1298939225563480,0.0,1.0,3.0
1299433047927743,2.0,3.0,3.0
1299771354685130,0.0,0.0,1.0
1300063951200897,1.0,3.0,4.0
1300681197855086,2.0,1.0,4.0
1300710457819552,2.0,2.0,4.0
1300809004490571,3.0,2.0,2.0
1300939867818161,2.0,3.0,4.0
1300988374227843,3.0,3.0,2.0
1300995608685212,4.0,1.0,4.0
1301260954269796,0.0,1.0,3.0
1302037967368678,1.0,2.0,4.0
1302104844314553,1.0,1.0,4.0
1302823835133752,1.0,2.0,4.0
1302834470869203,0.0,1.0,2.0
1303486714123158,2.0,0.0,3.0
1303796667346123,1.0,0.0,0.0
1304306634022689,0.0,1.0,3.0
1304649070738854,0.0,0.0,0.0
1304802034923574,1.0,2.0,4.0
1304974961052401,1.0,2.0,3.0
1305669937418436,3.0,2.0,4.0
1305773033779321,1.0,3.0,4.0
1306689771547941,1.0,2.0,4.0
1306747133969324,2.0,2.0,4.0
1307090617007433,1.0,3.0,4.0
1307177300274832,3.0,2.0,3.0
1307313700267330,3.0,2.0,4.0
1307738511090408,2.0,1.0,4.0
1307967166863998,0.0,1.0,3.0
1308130658142491,2.0,2.0,4.0
1308477520172183,1.0,0.0,0.0
1308583434325524,3.0,2.0,4.0
1309349340159926,4.0,3.0,4.0
1309462587037722,1.0,3.0,4.0
1310287756958568,3.0,3.0,4.0
1310862183813995,2.0,2.0,4.0
1311061480204231,3.0,2.0,4.0
1311087744021980,1.0,2.0,4.0
1311601940434567,1.0,2.0,4.0
1312167960032825,0.0,1.0,2.0
1312601259770344,0.0,0.0,2.0
1312915886854911,3.0,2.0,4.0
1312942286419311,0.0,1.0,3.0
1312999966509655,1.0,2.0,4.0
1313003497224433,1.0,2.0,4.0
1313030040531736,3.0,2.0,4.0
1313499963223478,3.0,2.0,4.0
1313646079299843,4.0,3.0,4.0
1313940563145758,3.0,2.0,4.0
1313984083064390,0.0,0.0,1.0
1314009083182567,0.0,0.0,0.0
1314081963337788,3.0,2.0,4.0
1314687309701200,0.0,0.0,4.0
1314811599521072,0.0,0.0,1.0
1314877529935664,0.0,1.0,4.0
1315020476201761,0.0,0.0,0.0
1315268599638762,2.0,2.0,4.0
1315829386526921,3.0,2.0,4.0
1316518670654211,4.0,4.0,3.0
1316560759461741,2.0,3.0,4.0
1316709189758678,0.0,1.0,4.0
1316783342795377,3.0,1.0,4.0
1316923419632679,4.0,3.0,4.0
1317240037277455,0.0,0.0,0.0
1317303620517794,3.0,1.0,2.0
1317780379229746,2.0,3.0,3.0
1317829166076631,2.0,2.0,4.0
1317829186081154,4.0,3.0,4.0
1317830709527851,0.0,1.0,2.0
1318590362516948,3.0,2.0,3.0
1318778836618136,3.0,2.0,4.0
1319151406745599,3.0,1.0,4.0
1319420669681938,0.0,1.0,4.0
1319511285740495,0.0,1.0,4.0
1319845356396120,0.0,1.0,3.0
1319947709041301,2.0,3.0,3.0
1320612532439048,2.0,3.0,4.0
1320769342620793,2.0,0.0,1.0
1321415959282579,1.0,2.0,3.0
1321585262600406,1.0,1.0,4.0
1321593172331179,0.0,1.0,4.0
1321804876389770,0.0,1.0,4.0
1321837213438358,2.0,1.0,3.0
1321873360154212,3.0,2.0,3.0
1322016449142788,0.0,1.0,4.0
1322024062923375,0.0,1.0,4.0
1322324035622949,3.0,2.0,4.0
1322347285450781,2.0,1.0,4.0
1322499352226405,1.0,2.0,4.0
1323396432522566,3.0,2.0,4.0
1323487428984613,0.0,0.0,3.0
1323518098695358,2.0,3.0,4.0
1323650455427629,2.0,3.0,4.0
1324539602304544,3.0,1.0,4.0
1324873738528449,0.0,0.0,1.0
1325177875165336,2.0,2.0,2.0
1325254518632241,2.0,1.0,4.0
1325320796468126,0.0,1.0,3.0
1325615295305651,0.0,0.0,0.0
1325639525296777,0.0,1.0,2.0
1325815468775191,0.0,0.0,2.0
1325914378723749,1.0,2.0,4.0
1325938385388823,2.0,2.0,4.0
1327680341591034,3.0,2.0,4.0
1327727771567436,0.0,1.0,4.0
1327999011669780,3.0,3.0,3.0
1328066478941558,0.0,0.0,3.0
1328086671726176,0.0,2.0,4.0
1328198152712707,0.0,0.0,2.0
1328246012221134,1.0,1.0,4.0
1328340989113073,4.0,3.0,4.0
1328690708267751,1.0,2.0,4.0
1328823575148759,4.0,3.0,3.0
1328828171584706,3.0,2.0,4.0
1328925178287266,0.0,1.0,3.0
1329540558048404,4.0,3.0,4.0
1329653458054263,1.0,0.0,3.0
1329708298432959,3.0,3.0,4.0
1330171265375151,1.0,2.0,2.0
1330513811481470,1.0,2.0,4.0
1331256016490142,0.0,1.0,3.0
1331623294645119,4.0,2.0,4.0
1331711658568816,2.0,1.0,2.0
1332410481273374,4.0,3.0,4.0
1332700638839886,3.0,2.0,4.0
1332862081373835,0.0,0.0,0.0
1333389804337138,0.0,1.0,4.0
1333611418353280,4.0,1.0,3.0
1333803791614008,0.0,1.0,4.0
1334466258869777,2.0,3.0,4.0
1334861701474917,0.0,1.0,2.0
1334875351199672,1.0,0.0,2.0
1335670100800098,4.0,3.0,4.0
1335700458542405,2.0,2.0,4.0
1335944114997800,4.0,4.0,3.0
1336218825265613,3.0,1.0,3.0
1336389973934941,2.0,3.0,4.0
1336406798528054,4.0,3.0,2.0
1336814040641214,1.0,2.0,1.0
1336865457946045,3.0,2.0,4.0
1337035030613121,0.0,1.0,3.0
1337225151052128,4.0,2.0,4.0
1337238621947159,3.0,2.0,4.0
1337547944097079,0.0,1.0,3.0
1337553547244080,3.0,2.0,4.0
1337587150750080,0.0,0.0,1.0
1337684640979376,0.0,2.0,4.0
1337873533888064,0.0,2.0,4.0
1338104730439348,0.0,1.0,3.0
1338133553732919,3.0,2.0,3.0
1338233697601165,3.0,3.0,4.0
1338244810647906,0.0,0.0,2.0
1338342257520870,1.0,3.0,3.0
1338710811055367,3.0,3.0,4.0
1338885630948765,3.0,2.0,3.0
1339125387919510,1.0,1.0,3.0
1339401621640688,3.0,2.0,4.0
1339440564293426,0.0,1.0,4.0
1339586874264675,2.0,3.0,4.0
1339934371572738,0.0,1.0,4.0
1340123290883793,4.0,3.0,4.0
1340180287893389,3.0,2.0,4.0
1340357687526599,3.0,2.0,4.0
1340592307262321,1.0,2.0,4.0
1340645520257229,0.0,0.0,3.0
1340750990836258,0.0,0.0,4.0
1341199090964367,2.0,2.0,4.0
1341291163962380,1.0,2.0,4.0
1341586950614580,0.0,1.0,3.0
1341869293921392,3.0,2.0,4.0
1342259610115970,0.0,0.0,1.0
1342706304485324,2.0,1.0,4.0
1342949923725356,3.0,4.0,3.0
1343176103358713,1.0,1.0,3.0
1343257300136820,0.0,1.0,4.0
1343327011266200,0.0,0.0,0.0
1343599451070628,3.0,0.0,3.0
1343766083654608,2.0,2.0,4.0
1343845903731459,1.0,1.0,3.0
1343881667947562,3.0,2.0,4.0
1344250603597746,4.0,3.0,4.0
1344277863585581,0.0,1.0,3.0
1344317236535460,1.0,2.0,4.0
1345003696964733,2.0,1.0,4.0
1345093846653899,3.0,3.0,2.0
1345213956487191,1.0,2.0,4.0
1345293661096247,1.0,0.0,1.0
1345451999445777,2.0,2.0,4.0
1345650737766238,0.0,1.0,3.0
1346068473053861,4.0,1.0,3.0
1346267264144344,1.0,2.0,4.0
1346388783170202,0.0,1.0,4.0
1346543896705986,0.0,1.0,4.0
1346706953001226,2.0,1.0,3.0
1346945740004711,2.0,2.0,4.0
1346990256485395,0.0,1.0,4.0
1347207780158364,3.0,2.0,4.0
1348078893322258,2.0,3.0,4.0
1348262496605935,2.0,1.0,4.0
1348815346136747,2.0,3.0,4.0
1349031336465847,2.0,2.0,4.0
1349116896556281,3.0,1.0,4.0
1349271542920785,1.0,1.0,4.0
1349299919401151,2.0,2.0,3.0
1349352106530657,0.0,1.0,3.0
1349622813085250,1.0,2.0,4.0
1349633810442301,3.0,1.0,4.0
1349728999793348,4.0,3.0,4.0
1349791203909489,2.0,3.0,4.0
1351026026076069,0.0,0.0,1.0
1351107332572102,2.0,3.0,4.0
1351456367078030,3.0,2.0,3.0
1352442466842436,1.0,0.0,3.0
1352803519226125,2.0,1.0,4.0
1352873389457351,1.0,3.0,4.0
1353254265706961,0.0,0.0,2.0
1353261469374916,3.0,1.0,4.0
1353923265605546,0.0,1.0,3.0
1354142630136075,3.0,1.0,1.0
1354289813034602,0.0,2.0,1.0
1354745816607444,3.0,0.0,1.0
1355132809197895,3.0,2.0,4.0
1355318065434230,4.0,3.0,4.0
1355384659974036,1.0,0.0,3.0
1355758026482657,0.0,1.0,3.0
1356269126602703,2.0,1.0,4.0
1356646546424583,1.0,2.0,4.0
1356694209010935,3.0,2.0,4.0
1356881359055488,1.0,1.0,4.0
1357303345232855,1.0,1.0,3.0
1357349822294435,0.0,1.0,4.0
1357674042363606,0.0,1.0,4.0
1357769278915756,1.0,1.0,4.0
1358041272029780,2.0,3.0,4.0
1358382415536664,0.0,1.0,4.0
1358558045307787,0.0,1.0,3.0
1358568702205411,3.0,2.0,4.0
1358830589547973,2.0,2.0,4.0
1358945791768791,0.0,1.0,4.0
1359392422161104,0.0,1.0,4.0
1359582521871234,2.0,3.0,4.0
1359590022079535,2.0,1.0,1.0
1360219564981610,1.0,2.0,4.0
1360522359507848,2.0,2.0,4.0
1360540952744546,0.0,1.0,4.0
1360628579342256,0.0,1.0,3.0
1360798802822218,3.0,4.0,4.0
1361043135070238,3.0,2.0,4.0
1361065195609325,2.0,2.0,4.0
1361369039430789,2.0,3.0,4.0
1361672152733400,0.0,1.0,4.0
1362330588705738,2.0,2.0,3.0
1362963978116233,3.0,2.0,4.0
1363721201659658,1.0,2.0,4.0
1363961424973333,2.0,2.0,4.0
1364196918087501,0.0,0.0,0.0
1364641481365906,0.0,1.0,3.0
1364979504153355,3.0,2.0,4.0
1365480941287888,3.0,1.0,4.0
1365660622088454,4.0,3.0,3.0
1365771234725063,1.0,3.0,2.0
1365846982093944,1.0,2.0,4.0
1366697259849231,4.0,3.0,4.0
1366956031989029,4.0,2.0,4.0
1367217888808854,4.0,4.0,4.0
1367754634586966,0.0,1.0,4.0
1368028017901634,1.0,3.0,4.0
1368276307492945,0.0,1.0,4.0
1368646565186801,0.0,0.0,0.0
1369015094269104,1.0,3.0,4.0
1369609461074215,0.0,2.0,4.0
1369654392003292,3.0,2.0,4.0
1369829481721634,3.0,3.0,4.0
1369856338388678,1.0,3.0,4.0
1369882398125698,2.0,3.0,4.0
1370164430813597,0.0,1.0,4.0
1370356705077304,3.0,2.0,4.0
1370425291002187,3.0,2.0,3.0
1370898928503828,3.0,2.0,4.0
1371220430517652,4.0,4.0,3.0
1371278701884554,4.0,2.0,3.0
1371340367229703,1.0,1.0,2.0
1371706970485950,0.0,1.0,2.0
1373477697355649,1.0,4.0,4.0
1373798020968494,2.0,1.0,2.0
1374484696869758,3.0,1.0,3.0
1374928874701243,1.0,2.0,4.0
1375290781336448,0.0,1.0,4.0
1375689677775852,2.0,3.0,3.0
1375733474658737,0.0,0.0,2.0
1375938729784183,3.0,2.0,4.0
1376091400465384,1.0,2.0,4.0
1376247050643634,3.0,3.0,4.0
1376265967078812,3.0,0.0,1.0
1376312160020123,3.0,4.0,2.0
1376459621034141,2.0,2.0,4.0
1376603564616886,0.0,0.0,0.0
1377623359869143,2.0,2.0,4.0
1378028176519991,4.0,3.0,4.0
1378217613177435,1.0,0.0,4.0
1378973854302100,2.0,1.0,4.0
1378979726861006,0.0,1.0,4.0
1379558054135765,0.0,0.0,3.0
1379631619687369,4.0,3.0,4.0
1379736889675665,0.0,0.0,2.0
1380654480270922,2.0,1.0,4.0
1380715627162239,3.0,3.0,4.0
1380773533084496,0.0,1.0,4.0
1381067880541586,2.0,0.0,1.0
1381115996630317,0.0,1.0,3.0
1381629942821203,2.0,2.0,4.0
1381870065794954,3.0,3.0,3.0
1381871880799391,0.0,0.0,3.0
1381996190503800,3.0,1.0,4.0
1382056857147760,3.0,2.0,4.0
1382468407081049,0.0,1.0,4.0
1382545625962174,0.0,0.0,1.0
1383276210030301,4.0,4.0,3.0
1384261795888613,0.0,0.0,1.0
1384999402909325,3.0,2.0,4.0
1385445400363730,1.0,3.0,4.0
1385680270121895,1.0,1.0,3.0
1386399379435011,0.0,0.0,1.0
1387087175589511,3.0,1.0,2.0
1387460252662756,2.0,1.0,4.0
1387500653592067,2.0,2.0,3.0
1388040626856800,0.0,0.0,1.0
1388314180110124,2.0,3.0,4.0
1388811016641777,2.0,3.0,4.0
1389480085765968,3.0,1.0,3.0
1389687953051836,1.0,0.0,2.0
1390751918970597,3.0,4.0,4.0
1391118289883314,2.0,3.0,3.0
1391368888969906,0.0,2.0,4.0
1391763925121309,2.0,3.0,4.0
1392420251724109,2.0,0.0,1.0
1392801991701125,1.0,1.0,2.0
1392862096231074,0.0,0.0,2.0
1395389105985538,3.0,1.0,4.0
1396151405673775,2.0,3.0,4.0
1397756949079770,1.0,2.0,4.0
1397816257854996,3.0,1.0,4.0
1397831568152290,0.0,0.0,1.0
1398866478735370,0.0,1.0,2.0
1398922425475209,2.0,2.0,4.0
1400096398842482,0.0,0.0,0.0
1400380284278928,1.0,1.0,4.0
1400610815220594,0.0,1.0,3.0
1400699627321086,4.0,2.0,4.0
1404043581545901,1.0,1.0,4.0
1406610376976180,3.0,2.0,2.0
1406687140401670,1.0,2.0,4.0
1408457043445048,3.0,2.0,4.0
1408948881284700,2.0,2.0,4.0
1408992094378603,0.0,1.0,4.0
1409910757159205,3.0,2.0,4.0
1412053373121337,1.0,2.0,1.0
1412254210817986,2.0,1.0,2.0
1412326007455838,4.0,1.0,3.0
1413223779743915,2.0,3.0,4.0
1414378293952688,1.0,2.0,4.0
1415618119847636,1.0,2.0,4.0
1416214276426051,4.0,3.0,4.0
1416222146014719,2.0,3.0,3.0
1416340117054546,3.0,1.0,3.0
1417116636999019,1.0,1.0,4.0
1417695829208418,2.0,1.0,4.0
1417819565974738,0.0,1.0,4.0
1419317240046195,0.0,0.0,1.0
1419983563350135,3.0,4.0,4.0
1420483015579462,0.0,1.0,4.0
1420547588813716,2.0,1.0,4.0
1421199075520655,0.0,1.0,4.0
1424645715569261,1.0,1.0,4.0
1427628215583182,3.0,3.0,4.0
1427650952542789,2.0,2.0,4.0
1428592044730609,2.0,0.0,1.0
1428788412406024,0.0,1.0,3.0
1428821364753334,2.0,2.0,3.0
1429207559229153,0.0,0.0,3.0
1432217424506242,3.0,2.0,4.0
1433675241083013,3.0,2.0,4.0
1434647893756140,1.0,1.0,4.0
1434666797622894,1.0,2.0,3.0
1439022013364325,4.0,3.0,4.0
1440889143167119,2.0,3.0,4.0
1441053120634992,1.0,2.0,4.0
1442416033828918,1.0,1.0,4.0
1443675796612227,0.0,0.0,1.0
1445134940994555,3.0,2.0,4.0
1447015100591393,4.0,2.0,3.0
1447612855795462,4.0,2.0,4.0
1449098993721407,0.0,1.0,3.0
1450188760206644,0.0,1.0,3.0
1450663653784035,0.0,0.0,2.0
1451874179046350,3.0,3.0,4.0
1452339849082969,3.0,2.0,4.0
1452929612658613,0.0,0.0,4.0
1454095730088187,2.0,1.0,3.0
1456450033290374,1.0,2.0,4.0
1456731248587584,4.0,3.0,4.0
1457249752898978,1.0,2.0,4.0
1457468888501840,1.0,1.0,3.0
1458016198653033,3.0,2.0,4.0
1458114861572065,0.0,1.0,3.0
1459598781663139,0.0,3.0,4.0
1464775691476590,3.0,3.0,4.0
1465668141989085,4.0,4.0,3.0
1466709305494038,0.0,0.0,3.0
1467120287206208,1.0,1.0,3.0
1467697987967006,4.0,3.0,4.0
1467728542037250,1.0,2.0,4.0
1471158217428326,2.0,3.0,4.0
1471362690874438,0.0,0.0,3.0
1473361836551436,3.0,2.0,4.0
1474384380136599,0.0,1.0,4.0
1474713750599357,1.0,1.0,4.0
1475772606730267,2.0,1.0,4.0
1477172526285494,0.0,2.0,3.0
1479935300819197,4.0,4.0,3.0
1480046465938074,0.0,1.0,4.0
1480052216246090,3.0,2.0,3.0
1481052259892568,0.0,1.0,4.0
1486238359251135,0.0,1.0,4.0
1487526335983855,2.0,0.0,1.0
1487796901862505,0.0,1.0,3.0
1488573605916537,3.0,2.0,4.0
1488602308472589,2.0,3.0,4.0
1488626249207524,4.0,2.0,3.0
1489004362418527,3.0,2.0,4.0
1489695478365270,2.0,2.0,4.0
1489818595672547,1.0,2.0,4.0
1490037741659590,3.0,1.0,4.0
1491957615574748,0.0,1.0,1.0
1492114288319843,2.0,3.0,4.0
1494132641233963,4.0,3.0,4.0
1496532131491219,4.0,3.0,4.0
1498037537530428,0.0,1.0,4.0
1500114228012079,3.0,2.0,1.0
1500220655237474,0.0,1.0,2.0
1500221394573463,1.0,1.0,4.0
1500633444148313,3.0,2.0,4.0
1502200024388713,3.0,3.0,4.0
1502428004401770,3.0,1.0,2.0
1502636351059250,0.0,1.0,4.0
1502821273727843,4.0,1.0,4.0
1504199976962111,0.0,1.0,3.0
1505076676809092,1.0,1.0,2.0
1505282427006520,0.0,1.0,3.0
1505631080644426,4.0,4.0,3.0
1506496943357660,0.0,0.0,2.0
1506730310523189,3.0,2.0,4.0
1507458371062799,0.0,1.0,3.0
1508444343184352,1.0,1.0,4.0
1508721863598131,0.0,0.0,0.0
1508888241251751,0.0,1.0,4.0
1509721953504380,2.0,3.0,4.0
1509973367776070,1.0,1.0,4.0
1510909723690629,4.0,3.0,4.0
1511553430517498,2.0,1.0,4.0
1513546742641351,3.0,3.0,4.0
1513639220506373,2.0,3.0,2.0
1514306183216402,0.0,1.0,4.0
1515008995818934,1.0,2.0,4.0
1515241282489669,2.0,1.0,4.0
1516029532399182,3.0,3.0,3.0
1516757519007329,0.0,0.0,0.0
1517607965598211,0.0,0.0,1.0
1519669272006740,0.0,1.0,3.0
1521094048576238,3.0,3.0,4.0
1522722569319255,0.0,0.0,1.0
1522978445526284,2.0,3.0,4.0
1524219395101722,1.0,0.0,2.0
1524827692748302,3.0,2.0,4.0
1525153378171904,2.0,2.0,4.0
1525910548094982,1.0,2.0,4.0
1526113364720481,2.0,2.0,4.0
1526194584738891,2.0,3.0,4.0
1526213334718605,3.0,2.0,4.0
1526525122451758,2.0,2.0,4.0
1527203968089244,3.0,2.0,3.0
1527910892134714,0.0,1.0,3.0
1528800777798075,0.0,1.0,3.0
1528823414593979,0.0,0.0,2.0
1529094638999561,2.0,1.0,4.0
1529324571099870,1.0,3.0,4.0
1529370545591056,4.0,3.0,4.0
1530215120809842,2.0,2.0,3.0
1530289834321033,0.0,0.0,2.0
1530318172180937,3.0,2.0,4.0
1530429568827797,0.0,0.0,1.0
1530561962150729,2.0,3.0,4.0
1530822600962540,2.0,2.0,4.0
1530853607584963,0.0,0.0,3.0
1530980000800011,3.0,1.0,4.0
1531086800813857,1.0,2.0,4.0
1531549462077971,3.0,3.0,3.0
1531873640710208,0.0,2.0,4.0
1531948338573874,2.0,3.0,4.0
1531965835284814,0.0,1.0,4.0
1532018444150966,3.0,2.0,4.0
1532881104042678,0.0,1.0,4.0
1532936497375294,2.0,1.0,4.0
1533836987480484,0.0,1.0,3.0
1533950447268805,3.0,2.0,4.0
1534687477219376,2.0,3.0,4.0
1534868720510659,4.0,3.0,4.0
1535128437138887,2.0,1.0,4.0
1535269447156023,3.0,2.0,4.0
1535375777988509,4.0,1.0,2.0
1536482933673725,0.0,0.0,3.0
1537334911695492,4.0,1.0,3.0
1537449573779959,0.0,1.0,4.0
1537633216947607,3.0,1.0,4.0
1539657974530421,3.0,2.0,3.0
1540154570736682,3.0,1.0,3.0
1541369053209004,0.0,1.0,4.0
1541507243225095,3.0,2.0,3.0
1541620927255809,4.0,3.0,4.0
1541637020988054,0.0,1.0,4.0
1542088086490073,3.0,2.0,4.0
1542195607502636,4.0,3.0,4.0
1542251537654170,2.0,1.0,3.0
1542363963146113,0.0,1.0,2.0
1542669927123464,1.0,2.0,4.0
1542941900856284,0.0,1.0,1.0
1545819086061305,1.0,0.0,2.0
1546042736932246,0.0,0.0,3.0
1546270975992350,3.0,3.0,3.0
1546487366060737,0.0,0.0,3.0
1546981080150330,1.0,2.0,4.0
1548024409247594,0.0,0.0,0.0
1548387863394886,1.0,0.0,4.0
1548574922468563,0.0,1.0,4.0
1548963642439120,3.0,2.0,4.0
1549100925798556,2.0,3.0,4.0
1550227353554798,0.0,1.0,3.0
1550308922998056,3.0,2.0,3.0
1550346426535257,1.0,2.0,4.0
1550497362929348,1.0,2.0,4.0
1550667759775210,0.0,1.0,3.0
1551275112246044,3.0,2.0,4.0
1551317675712788,2.0,3.0,4.0
1552423282777266,2.0,1.0,4.0
1552432082134915,3.0,3.0,4.0
1553029096400272,0.0,1.0,4.0
1553562122672888,2.0,1.0,4.0
1553744308640965,1.0,2.0,4.0
1553964076080480,0.0,1.0,4.0
1554401666137686,4.0,3.0,4.0
1554768439694507,4.0,4.0,3.0
1554937718524511,4.0,3.0,4.0
1555197136348863,2.0,1.0,2.0
1555213246272947,3.0,3.0,3.0
1555365765178302,3.0,2.0,2.0
1555401288311089,0.0,1.0,4.0
1555524986356502,0.0,2.0,4.0
1556854212475209,3.0,2.0,4.0
1556980335287598,2.0,1.0,2.0
1557009121483798,0.0,1.0,3.0
1557133344998050,0.0,0.0,1.0
1557308712606998,4.0,4.0,3.0
1557503174941787,3.0,1.0,4.0
1557574411626706,1.0,2.0,4.0
1557788621592144,3.0,2.0,4.0
1558013835227590,2.0,3.0,4.0
1558141748887558,3.0,2.0,4.0
1558323562420928,0.0,1.0,3.0
1559137851799318,4.0,1.0,4.0
1560063804679613,0.0,0.0,3.0
1560127512529407,4.0,3.0,2.0
1560477784612705,3.0,3.0,4.0
1561090684612420,0.0,3.0,4.0
1561117414584146,1.0,1.0,4.0
1561307458046039,2.0,1.0,3.0
1561753241111651,2.0,3.0,4.0
1562316987804316,0.0,0.0,0.0
1562735515201696,0.0,1.0,2.0
1562872282523056,1.0,1.0,3.0
1562905932095265,1.0,3.0,3.0
1563177084559334,0.0,0.0,0.0
1563595508234528,4.0,3.0,2.0
1564105778642580,2.0,0.0,2.0
1564116508412367,2.0,1.0,1.0
1564372007557607,2.0,1.0,3.0
1565984661461129,0.0,2.0,3.0
1567102884507409,3.0,3.0,4.0
1567139997498954,3.0,2.0,4.0
1567520901502536,0.0,0.0,3.0
1567832821758447,4.0,3.0,4.0
1567894085061692,0.0,1.0,4.0
1567989358296502,0.0,0.0,0.0
1568075408206453,2.0,2.0,3.0
1568149324655892,1.0,2.0,4.0
1568915584646780,0.0,0.0,3.0
1569633527086492,3.0,3.0,3.0
1569643657979640,3.0,3.0,2.0
1570424827066282,1.0,2.0,4.0
1570737963579909,1.0,2.0,3.0
1570829753564642,3.0,2.0,4.0
1571049434713228,0.0,1.0,4.0
1571666100173668,1.0,2.0,4.0
1572138990115190,0.0,1.0,4.0
1572544274268360,1.0,2.0,4.0
1573112560008763,0.0,0.0,0.0
1573189686702542,0.0,1.0,3.0
1573438734274802,1.0,3.0,4.0
1573796130831402,2.0,3.0,4.0
1574024940738194,2.0,1.0,3.0
1574401974349314,0.0,0.0,1.0
1574440378029516,4.0,3.0,4.0
1575839590593837,3.0,1.0,3.0
1575996174255675,1.0,1.0,4.0
1576378753867560,1.0,2.0,4.0
1577564170761125,0.0,1.0,4.0
1577564942991605,2.0,3.0,4.0
1578235856477359,2.0,2.0,4.0
1579643440609504,3.0,4.0,4.0
1580296780558401,4.0,3.0,4.0
1580692343327114,2.0,2.0,4.0
1580737097387377,1.0,2.0,4.0
1581184089232536,0.0,0.0,2.0
1581681482803577,0.0,1.0,4.0
1581683686648549,0.0,0.0,1.0
1581901713438123,3.0,2.0,4.0
1582060203491849,3.0,0.0,3.0
1582272139347305,3.0,3.0,4.0
1582573580141143,0.0,0.0,0.0
1582891469259717,3.0,3.0,4.0
1583123719003717,3.0,2.0,3.0
1583268090174808,0.0,0.0,2.0
1584050716731988,1.0,2.0,2.0
1584709666657663,4.0,4.0,3.0
1584916386239678,1.0,0.0,1.0
1584997569850188,0.0,1.0,3.0
1585189419027294,2.0,3.0,2.0
1585485149731994,2.0,2.0,4.0
1586448975340878,2.0,3.0,4.0
1586781968878717,1.0,3.0,4.0
1587037695238520,0.0,1.0,3.0
1587760448551064,4.0,3.0,4.0
1587771592764870,1.0,3.0,3.0
1587853328496314,0.0,1.0,4.0
1588763731764940,4.0,1.0,4.0
1589212995300754,2.0,1.0,2.0
1589446104998461,1.0,1.0,2.0
1589765102578948,0.0,1.0,4.0
1590726588220450,0.0,1.0,0.0
1590931678482939,3.0,2.0,4.0
1592381644785437,3.0,2.0,2.0
1592462538054457,2.0,2.0,4.0
1594744451407555,2.0,4.0,4.0
1596139554347776,2.0,2.0,4.0
1596461861073063,0.0,1.0,4.0
1596962384272212,2.0,3.0,1.0
1597111978679445,1.0,2.0,3.0
1598253111059103,2.0,2.0,4.0
1598574598326757,3.0,4.0,3.0
1599686375184215,2.0,3.0,4.0
1600294570865534,3.0,4.0,4.0
1601105863941795,2.0,2.0,3.0
1602173347093598,0.0,1.0,3.0
1602185193761985,0.0,1.0,1.0
1602220497837886,0.0,1.0,3.0
1602616590647060,3.0,0.0,1.0
1603159238010225,1.0,2.0,4.0
1604594971177288,2.0,2.0,3.0
1605124060129247,0.0,2.0,4.0
1605733350014938,3.0,3.0,4.0
1605870410022640,3.0,1.0,4.0
1607176954008321,3.0,3.0,1.0
1607626360173005,1.0,2.0,3.0
1607791626613638,2.0,2.0,3.0
1607932951116806,2.0,3.0,4.0
1608009133159434,2.0,3.0,4.0
1608344846441449,4.0,2.0,4.0
1609708847212886,2.0,2.0,4.0
1610944200587941,3.0,3.0,2.0
1611029850263910,2.0,0.0,3.0
1611193469489728,0.0,1.0,3.0
1611223949498419,1.0,2.0,4.0
1611775252759249,1.0,3.0,3.0
1611924403657672,1.0,0.0,2.0
1613125325978380,3.0,4.0,4.0
1613797876120001,3.0,2.0,4.0
1614350216977216,0.0,0.0,1.0
1614416165843361,2.0,0.0,2.0
1614465406704798,3.0,3.0,4.0
1617007149187803,0.0,1.0,3.0
1617063929244758,3.0,2.0,3.0
1618176625402587,0.0,2.0,4.0
1618642732408537,0.0,2.0,4.0
1619147075359567,3.0,2.0,4.0
1619400069893031,2.0,3.0,4.0
1620374158556000,1.0,2.0,4.0
1620819912646444,0.0,1.0,2.0
1620879748542140,1.0,2.0,4.0
1623767341848054,0.0,0.0,1.0
1624249384970057,3.0,3.0,4.0
1624299711820831,1.0,1.0,4.0
1625184371438425,3.0,1.0,4.0
1627762551459970,3.0,3.0,4.0
1628002832323848,1.0,2.0,3.0
1629354921794056,0.0,0.0,4.0
1630257924546868,2.0,1.0,3.0
1630301864266569,0.0,0.0,2.0
1630677774242264,2.0,1.0,4.0
1631381648417741,2.0,2.0,4.0
1631990224379637,0.0,0.0,2.0
1632956000916372,2.0,2.0,3.0
1633524767590201,0.0,1.0,2.0
1633530743940987,0.0,0.0,1.0
1635635837313818,2.0,2.0,4.0
1635963527291952,3.0,3.0,3.0
1637445170190137,3.0,1.0,4.0
1637956403754338,0.0,1.0,4.0
1638576126868599,0.0,2.0,4.0
1639798147082917,2.0,2.0,3.0
1640691036566300,0.0,2.0,4.0
1640898177010044,2.0,1.0,3.0
1641168476498403,1.0,1.0,4.0
1641950299732436,2.0,3.0,3.0
1641961683083873,1.0,2.0,3.0
1643059749660208,4.0,4.0,3.0
1643247209539902,4.0,3.0,3.0
1644391329485160,0.0,0.0,2.0
1646777093065072,4.0,3.0,4.0
1647296272859264,0.0,1.0,2.0
1647655729642438,2.0,3.0,4.0
1648153419606353,0.0,0.0,3.0
1648341652446275,1.0,3.0,4.0
1649322932607944,2.0,3.0,3.0
1649382122327714,3.0,3.0,4.0
1649806589212726,0.0,0.0,0.0
1651345662461061,4.0,3.0,3.0
1651457572580423,0.0,1.0,3.0
1651498185466984,3.0,4.0,3.0
1652007538725883,0.0,0.0,2.0
1654268378769571,3.0,1.0,4.0
1654458612114372,0.0,1.0,4.0
1654499178480713,2.0,3.0,4.0
1656071342773847,3.0,2.0,4.0
1657376818318612,3.0,2.0,1.0
1657438804984598,0.0,1.0,3.0
1657572705137624,0.0,1.0,3.0
1657662631808438,4.0,2.0,3.0
1658070042405710,1.0,1.0,4.0
1659836121893490,0.0,1.0,3.0
1660936424553089,1.0,2.0,4.0
1661400697783308,2.0,2.0,4.0
1661654051371115,4.0,2.0,4.0
1662079031048157,1.0,2.0,4.0
1662186331401179,1.0,1.0,3.0
1663533564561465,1.0,2.0,4.0
1664019921497532,4.0,3.0,4.0
1664714238996685,2.0,2.0,4.0
1666079577667992,3.0,2.0,3.0
1666341940584176,1.0,2.0,4.0
1666697700922484,2.0,2.0,4.0
1666904254239188,1.0,2.0,4.0
1667208147559325,1.0,0.0,2.0
1667622523848301,1.0,1.0,4.0
1668510314041055,1.0,3.0,4.0
1668594454360042,1.0,0.0,2.0
1668991464035659,0.0,0.0,0.0
1669010830882081,2.0,2.0,4.0
1669089797648003,2.0,4.0,4.0
1670287390217445,0.0,0.0,0.0
1670394127247554,0.0,1.0,4.0
1670620993879915,0.0,1.0,3.0
1671342880404065,3.0,3.0,4.0
1671350280212394,0.0,1.0,4.0
1671521240615127,1.0,2.0,4.0
1671847013728676,0.0,0.0,1.0
1672512949971288,1.0,2.0,4.0
1672589620273440,4.0,2.0,4.0
1672631109984821,0.0,2.0,4.0
1672748436670074,2.0,1.0,3.0
1672964043639942,0.0,0.0,4.0
1673559439955020,0.0,1.0,3.0
1673920267044293,4.0,2.0,2.0
1674783260119493,1.0,1.0,3.0
1674959520069674,0.0,1.0,3.0
1675035050115031,0.0,1.0,4.0
1675064976421045,3.0,1.0,4.0
1676037026673195,3.0,3.0,4.0
1676159746303241,1.0,1.0,2.0
1676822056590515,4.0,1.0,2.0
1676944889518323,4.0,1.0,3.0
1677467813236211,2.0,2.0,4.0
1677737899808950,2.0,2.0,4.0
1678240292754568,2.0,2.0,3.0
1678583946394924,0.0,0.0,1.0
1679813943109785,4.0,3.0,4.0
1679899702597627,1.0,2.0,3.0
1683232036097154,3.0,3.0,4.0
1683553149174947,0.0,1.0,3.0
1683730972178979,4.0,3.0,4.0
1684032992534199,0.0,1.0,3.0
1684529745466153,2.0,3.0,4.0
1684709418759066,0.0,1.0,4.0
1685024879036005,1.0,2.0,4.0
1686391282310144,0.0,0.0,2.0
1686436645420389,1.0,2.0,3.0
1686700248572943,3.0,2.0,3.0
1686835658879717,1.0,1.0,4.0
1686885375591296,0.0,1.0,4.0
1687482175452386,0.0,1.0,4.0
1687554141840343,2.0,4.0,4.0
1688401892400067,0.0,0.0,1.0
1688501955404341,1.0,0.0,3.0
1688656939057092,2.0,1.0,1.0
1689292658287545,2.0,1.0,4.0
1689403531616467,0.0,1.0,4.0
1689529272159841,4.0,4.0,4.0
1690365638488419,0.0,0.0,3.0
1690786604837553,0.0,0.0,1.0
1691191434747264,3.0,2.0,3.0
1691697401889310,2.0,2.0,4.0
1693150701551734,3.0,2.0,4.0
1693744338189421,3.0,3.0,4.0
1694543781780331,3.0,2.0,3.0
1694788701076277,0.0,1.0,4.0
1695119571431099,3.0,1.0,4.0
1695275168081109,2.0,2.0,4.0
1695660104667139,2.0,2.0,4.0
1696703444933904,1.0,2.0,4.0
1696825297533892,2.0,1.0,2.0
1697579491099236,0.0,1.0,3.0
1698029974389893,3.0,1.0,2.0
1698193824065964,2.0,2.0,3.0
1698350020730659,0.0,1.0,4.0
1698532310726400,2.0,0.0,3.0
1699226327600860,0.0,1.0,3.0
1699466780637799,2.0,3.0,4.0
1699747974479448,1.0,2.0,4.0
1699750437891895,4.0,0.0,1.0
1700177764173242,0.0,1.0,2.0
1700346324196448,2.0,2.0,4.0
1700369774222524,0.0,0.0,2.0
1700897393825405,0.0,1.0,4.0
1701003677148504,2.0,1.0,4.0
1701749103831214,3.0,2.0,4.0
1702022374449716,3.0,2.0,3.0
1702902480353425,0.0,1.0,3.0
1702920400278472,0.0,0.0,2.0
1703217490538865,2.0,1.0,4.0
1703610703531199,1.0,2.0,3.0
1703729557369218,3.0,1.0,3.0
1704303720874020,3.0,0.0,1.0
1704673213358536,2.0,1.0,4.0
1705295753662782,0.0,0.0,1.0
1706544913599374,3.0,2.0,4.0
1706662896581203,3.0,2.0,4.0
1706761627142259,0.0,2.0,3.0
1707112323994743,1.0,1.0,4.0
1708225520415664,2.0,0.0,2.0
1709066006322059,0.0,1.0,3.0
1709471926978372,1.0,1.0,4.0
1710433002844954,1.0,1.0,3.0
1710460040001433,3.0,2.0,4.0
1712498442628331,0.0,0.0,1.0
1712713686125878,1.0,2.0,4.0
1713274469528767,1.0,2.0,4.0
1713776566612942,3.0,1.0,2.0
1713849479551880,0.0,1.0,4.0
1713973976538730,2.0,1.0,4.0
1714843929570235,0.0,2.0,4.0
1714997212765680,0.0,1.0,4.0
1715071672231898,0.0,1.0,3.0
1715281849596841,1.0,3.0,4.0
1719148448816729,3.0,2.0,3.0
1720456419409838,1.0,1.0,3.0
1722298418413010,1.0,2.0,4.0
1722448604966386,2.0,1.0,4.0
1722585111989390,2.0,2.0,4.0
1723238192036196,3.0,2.0,4.0
1723325561573342,3.0,3.0,4.0
1724541894795400,2.0,3.0,4.0
1725100518524364,3.0,2.0,4.0
1725254382005690,3.0,2.0,4.0
1725532181792914,0.0,0.0,2.0
1725890605114878,3.0,3.0,4.0
1726719777876126,1.0,2.0,4.0
1727393917914542,0.0,1.0,4.0
1727704968251662,0.0,1.0,3.0
1727759295152371,4.0,3.0,4.0
1727946817769699,1.0,1.0,2.0
1729481565064294,2.0,0.0,3.0
1730879014710148,4.0,4.0,4.0
1730990077475521,3.0,3.0,4.0
1731385300740703,1.0,2.0,4.0
1732010531472476,1.0,0.0,4.0
1732893294377473,0.0,0.0,4.0
1733531811116888,2.0,0.0,1.0
1733699024055933,2.0,2.0,4.0
1733997831087567,0.0,0.0,1.0
1734045977153288,3.0,2.0,4.0
1734432077346478,2.0,3.0,4.0
1734664617109929,0.0,1.0,3.0
1736079364002751,1.0,2.0,4.0
1736187260559978,2.0,1.0,4.0
1737555863938513,1.0,3.0,4.0
1737670004108398,2.0,4.0,3.0
1738140464052571,1.0,2.0,4.0
1738975963502424,0.0,1.0,4.0
1740255723765007,0.0,1.0,4.0
1740906150101147,1.0,0.0,2.0
1741409713314370,0.0,1.0,2.0
1741907246642438,0.0,1.0,3.0
1742117206362491,0.0,0.0,3.0
1742839476293911,0.0,0.0,1.0
1742984437130332,0.0,1.0,3.0
1743339906195154,2.0,3.0,4.0
1743666300137046,3.0,2.0,4.0
1744153463406976,1.0,2.0,4.0
1744992209393757,2.0,1.0,3.0
1745224453085480,0.0,0.0,3.0
1745392366539637,3.0,2.0,4.0
1745716216828277,0.0,1.0,3.0
1748640132374601,0.0,1.0,3.0
1750067965726572,0.0,1.0,3.0
1750173025704551,1.0,1.0,2.0
1750552469311493,3.0,3.0,4.0
1751866736140220,0.0,0.0,1.0
1751921222823815,3.0,2.0,4.0
1752338969339867,3.0,1.0,4.0
1752828312413088,0.0,1.0,2.0
1753388552327919,2.0,3.0,2.0
1753422038824333,4.0,3.0,4.0
1753527622329876,4.0,1.0,4.0
1753811589396311,0.0,0.0,1.0
1755055595068516,3.0,2.0,4.0
1756604011794560,1.0,3.0,4.0
1756965194827955,3.0,3.0,4.0
1758633982130272,2.0,1.0,2.0
1758758018275477,2.0,3.0,4.0
1760404158635050,1.0,2.0,4.0
1761398541562780,1.0,3.0,3.0
1761675251313117,0.0,0.0,3.0
1762808067838279,0.0,1.0,3.0
1764237197749497,0.0,2.0,4.0
1764680110946655,3.0,0.0,1.0
1765167931323633,4.0,3.0,3.0
1765420344219109,1.0,2.0,4.0
1765748150913330,1.0,3.0,4.0
1765908070772859,4.0,3.0,3.0
1767004561125939,2.0,2.0,4.0
1767018747416703,2.0,1.0,4.0
1767750004039041,3.0,3.0,2.0
1768225923974380,0.0,0.0,2.0
1768774513901957,3.0,2.0,4.0
1769489330513237,1.0,3.0,2.0
1770961100738210,2.0,1.0,2.0
1772028003643690,3.0,2.0,4.0
1773766440112833,2.0,0.0,1.0
1774082976551603,0.0,1.0,3.0
1774422880075382,1.0,1.0,3.0
1774568916866915,0.0,1.0,4.0
1775280789981038,3.0,3.0,4.0
1775353923242297,1.0,1.0,3.0
1776071470486289,3.0,1.0,0.0
1776333833154824,0.0,1.0,2.0
1776629919856537,3.0,0.0,2.0
1776876496486344,3.0,2.0,3.0
1777578249766046,2.0,2.0,4.0
1778257966326597,0.0,0.0,1.0
1778330563603160,3.0,1.0,2.0
1778368512934265,0.0,0.0,3.0
1778762779334600,4.0,3.0,3.0
1779203532865049,1.0,0.0,2.0
1779694382880837,1.0,2.0,3.0
1780838913264763,4.0,2.0,3.0
1780858042755262,3.0,3.0,4.0
1781163345990824,0.0,0.0,3.0
1781259139698068,1.0,2.0,4.0
1781422772641625,3.0,2.0,4.0
1782120086105840,2.0,0.0,1.0
1782294319171106,0.0,1.0,3.0
1782895022270465,0.0,1.0,4.0
1783233402218045,0.0,1.0,4.0
1783589512439697,1.0,1.0,3.0
1783973909107157,0.0,0.0,3.0
1784357605676220,4.0,2.0,4.0
1784663122345958,3.0,3.0,4.0
1785107202221602,3.0,2.0,4.0
1785683608894947,3.0,2.0,3.0
1785726811969846,3.0,1.0,3.0
1786135846170536,0.0,1.0,4.0
1786184526075296,2.0,1.0,4.0
1786506516036252,0.0,1.0,4.0
1786693528819508,2.0,2.0,4.0
1787764931979719,3.0,2.0,4.0
1788011392563762,2.0,3.0,3.0
1788609165323975,0.0,0.0,1.0
1789254898527190,4.0,3.0,2.0
1789486908516912,3.0,2.0,1.0
1790772605466926,2.0,1.0,1.0
1791195128685389,3.0,1.0,1.0
1792608598182053,3.0,3.0,3.0
1793156998518926,0.0,0.0,0.0
1793547724831765,4.0,3.0,4.0
1793937357879794,0.0,0.0,1.0
1794112541365782,0.0,1.0,2.0
1794139054391986,3.0,2.0,3.0
1794346461768295,2.0,1.0,4.0
1794467628072580,0.0,1.0,3.0
1794806038559136,0.0,0.0,1.0
1795275694569760,0.0,0.0,2.0
1795838157939383,3.0,1.0,3.0
1795994994565492,2.0,2.0,4.0
1796220297860115,0.0,1.0,4.0
1796978557732894,3.0,1.0,3.0
1797304205013838,2.0,3.0,4.0
1797816157421923,2.0,1.0,4.0
1798746014206334,0.0,0.0,1.0
1798825444080518,3.0,2.0,4.0
1799886071203426,2.0,3.0,3.0
1800119294080246,3.0,4.0,4.0
1800874067573779,2.0,3.0,4.0
1802551423832973,1.0,2.0,4.0
1802901867115138,0.0,1.0,4.0
1802937190454730,2.0,1.0,3.0
1803667320456458,4.0,3.0,3.0
1803907617461921,1.0,1.0,4.0
1804517287012054,0.0,1.0,3.0
1804707356947805,3.0,4.0,3.0
1806383083449703,0.0,2.0,3.0
1806581486547612,0.0,2.0,4.0
1807119243386721,0.0,2.0,3.0
1807152293373908,0.0,0.0,1.0
1807212613443727,0.0,0.0,3.0
1807678240082871,1.0,3.0,4.0
1808039046373094,2.0,1.0,4.0
1809421546557319,0.0,0.0,1.0
1809653969760824,3.0,3.0,3.0
1809747603110595,2.0,3.0,2.0
1810239353061733,4.0,2.0,4.0
1811020826205069,3.0,2.0,4.0
1811190153024111,2.0,2.0,4.0
1811876849564837,0.0,1.0,4.0
1811935819715129,3.0,3.0,4.0
1814434233326679,1.0,2.0,3.0
1815570472290039,4.0,3.0,3.0
1816547985765936,1.0,4.0,4.0
1817985385695976,4.0,2.0,4.0
1820254285390263,0.0,0.0,0.0
1820349128479556,1.0,2.0,4.0
1821192888720256,0.0,1.0,2.0
1821455731933901,2.0,2.0,4.0
1823002508513843,2.0,2.0,4.0
1823370201768084,0.0,1.0,2.0
1823879168446339,0.0,3.0,4.0
1824224961736646,4.0,3.0,4.0
1824252071683407,2.0,4.0,4.0
1826034218149294,1.0,2.0,4.0
1826700731463016,3.0,3.0,3.0
1827345484705494,0.0,0.0,1.0
1828358251306787,4.0,4.0,3.0
1830143677788157,1.0,2.0,3.0
1830333564462190,0.0,0.0,2.0
1830386607763377,0.0,1.0,3.0
1835032003933491,1.0,1.0,3.0
1835202930217095,3.0,3.0,4.0
1837120186926950,4.0,3.0,4.0
1837806960289399,2.0,1.0,3.0
1838176640049679,0.0,1.0,4.0
1839775530111085,0.0,1.0,3.0
1840441860115430,0.0,0.0,3.0
1841272313307041,1.0,3.0,4.0
1842297899508614,0.0,0.0,2.0
1842301339731740,3.0,1.0,3.0
1845182012575158,1.0,2.0,4.0
1845744863459855,2.0,1.0,4.0
1846491192843486,0.0,0.0,0.0
1846546673382304,0.0,1.0,4.0
1847068376265045,2.0,2.0,4.0
1848012409473823,2.0,1.0,2.0
1850663105881533,0.0,1.0,4.0
1853132355451588,2.0,2.0,4.0
1855183878405338,1.0,2.0,4.0
1857146438358389,1.0,1.0,4.0
1858188531819591,0.0,1.0,4.0
1858521474981076,4.0,3.0,4.0
1860002394535768,4.0,2.0,3.0
1861314848232913,1.0,2.0,3.0
1862500714221847,4.0,3.0,4.0
1862540818014985,3.0,1.0,2.0
1866153363825595,4.0,2.0,3.0
1867641130641866,0.0,0.0,4.0
1869657487176084,1.0,2.0,4.0
1876432653096881,3.0,1.0,4.0
1878720046609032,3.0,1.0,3.0
1884151758783383,0.0,1.0,3.0
1884665452024702,2.0,3.0,4.0
1889267074953164,3.0,3.0,4.0
1890737954798536,0.0,1.0,4.0
1890912745158495,1.0,0.0,2.0
1891622895004122,0.0,1.0,2.0
1899685047365676,2.0,3.0,3.0
1902478051137536,2.0,1.0,4.0
1902980590376862,3.0,1.0,1.0
1903484206729953,1.0,1.0,3.0
1904185617207866,0.0,1.0,3.0
1904823576861450,2.0,3.0,4.0
1905109016702410,2.0,2.0,4.0
1905975630074720,1.0,3.0,2.0
1906410663218013,0.0,1.0,3.0
1909736299493276,2.0,2.0,4.0
1913497859183276,0.0,0.0,2.0
1913509406279140,2.0,3.0,4.0
1915001796001394,1.0,2.0,4.0
1915720698957855,0.0,1.0,3.0
1917093089098069,2.0,2.0,4.0
1921369325490703,4.0,3.0,1.0
1926973864680375,0.0,1.0,4.0
1927356754422661,2.0,3.0,3.0
1936182906790586,0.0,0.0,1.0
1936586947059889,0.0,1.0,4.0
1936936186828983,3.0,2.0,1.0
1938537160181652,2.0,3.0,3.0
1941193209870500,2.0,2.0,4.0
1942410626211029,1.0,2.0,4.0
1943254589498567,1.0,3.0,4.0
1948025589377860,3.0,3.0,4.0
1948710855808701,3.0,2.0,4.0
1950578465724423,1.0,2.0,4.0
1950656312081885,0.0,0.0,0.0
1951920865475546,0.0,1.0,3.0
1953508441820544,0.0,1.0,4.0
1953596485120125,1.0,1.0,4.0
1955121165340515,3.0,2.0,4.0
1955179058307144,2.0,0.0,1.0
1955549941848374,0.0,1.0,4.0
1956092751538715,1.0,3.0,4.0
1956826115004848,1.0,2.0,4.0
1957568461430187,0.0,0.0,2.0
1958046701335520,1.0,0.0,2.0
1958301994691126,1.0,2.0,4.0
1959530597906647,2.0,1.0,4.0
1960721147953245,0.0,0.0,3.0
1965058377293371,2.0,2.0,3.0
1966537117186328,3.0,0.0,1.0
1967701280530120,0.0,1.0,4.0
1969424240343690,0.0,1.0,4.0
1972983089845662,1.0,1.0,4.0
1974382850027193,0.0,2.0,4.0
1974592213191930,0.0,1.0,4.0
1976061503084182,2.0,1.0,4.0
1976717476175887,1.0,2.0,4.0
1976951792803502,0.0,1.0,4.0
1981527532342035,3.0,1.0,3.0
1982820925528405,1.0,1.0,4.0
1984565088851962,1.0,2.0,4.0
1985279192123282,0.0,0.0,2.0
1986905038740061,0.0,0.0,3.0
1987854968357636,3.0,1.0,2.0
1989437688201341,2.0,1.0,4.0
1990994821674665,3.0,2.0,4.0
1992725481503756,2.0,2.0,4.0
1994845701160498,1.0,2.0,4.0
1995349734508904,1.0,2.0,3.0
1995387520969682,1.0,2.0,2.0
1998210754173653,0.0,1.0,3.0
1998910230575563,0.0,1.0,3.0
2000835520743359,2.0,3.0,3.0
2001394133661743,3.0,3.0,4.0
2001741447298797,4.0,2.0,3.0
2003323340470196,0.0,1.0,4.0
2006802676605888,0.0,1.0,3.0
2008601482935551,1.0,0.0,1.0
2010443062792570,3.0,1.0,3.0
2010548859757826,3.0,2.0,4.0
2010648582912746,0.0,1.0,4.0
2010790526420926,3.0,2.0,2.0
2011069016438782,0.0,1.0,3.0
2011865955947422,1.0,2.0,4.0
2012417095901449,0.0,1.0,2.0
2012504869401292,0.0,1.0,3.0
2012797319471157,2.0,1.0,4.0
2013888612357590,1.0,1.0,3.0
2015027055790076,1.0,2.0,4.0
2016049182608492,4.0,2.0,3.0
2016554505617558,1.0,0.0,1.0
2016972465672821,2.0,3.0,4.0
2018183882113768,1.0,2.0,4.0
2018226328679495,2.0,3.0,4.0
2018459365307322,0.0,1.0,4.0
2019581695227906,3.0,1.0,1.0
2020725001770250,3.0,2.0,4.0
2021470878360046,2.0,1.0,3.0
2024179998486124,3.0,3.0,4.0
2025523264749711,0.0,1.0,3.0
2025575107941556,0.0,1.0,2.0
2026026987915238,2.0,2.0,4.0
2026696201186995,1.0,1.0,4.0
2029057987570918,3.0,2.0,4.0
2030191094059735,0.0,0.0,1.0
2031635074496063,2.0,2.0,4.0
2034145447191737,1.0,2.0,4.0
2034149970435726,4.0,2.0,4.0
2034479060326066,3.0,3.0,4.0
2042760029522083,0.0,0.0,2.0
2044155639358137,0.0,0.0,0.0
2045200516088753,1.0,2.0,4.0
2045465819387827,1.0,0.0,1.0
2045615712642833,3.0,3.0,4.0
2045619215801396,3.0,2.0,4.0
2047629525686873,0.0,1.0,4.0
2048629952684427,2.0,2.0,4.0
2049866676406894,0.0,0.0,4.0
2050935692016529,1.0,3.0,4.0
2050978312089251,4.0,1.0,2.0
2051099778818506,3.0,1.0,3.0
2054440528684036,2.0,2.0,4.0
2056393591454164,4.0,2.0,4.0
2056688891411056,3.0,1.0,4.0
2056935075071073,0.0,0.0,3.0
2057485984676299,1.0,1.0,2.0
2058662748060180,2.0,1.0,4.0
2059183854682350,0.0,1.0,4.0
2060264901062971,3.0,1.0,3.0
2060578591108126,3.0,1.0,4.0
2062667110830736,3.0,2.0,4.0
2064125574507477,1.0,3.0,3.0
2064243864001823,1.0,0.0,4.0
2064271974037979,4.0,3.0,4.0
2065360427690116,3.0,3.0,4.0
2067158137058354,1.0,2.0,2.0
2068457476931765,1.0,2.0,4.0
2070884423709990,1.0,3.0,4.0
2070944943319220,4.0,1.0,3.0
2074127993194381,4.0,4.0,4.0
2074711206282100,0.0,0.0,0.0
2078894792626765,4.0,4.0,3.0
2079335529390058,3.0,2.0,4.0
2080456092505879,0.0,1.0,4.0
2082049612706684,0.0,1.0,4.0
2082138255577256,4.0,2.0,3.0
2084296642293091,1.0,1.0,4.0
2085979901997400,0.0,1.0,2.0
2088570391594488,1.0,2.0,3.0
2088647134901959,1.0,3.0,4.0
2088910071708106,1.0,1.0,4.0
2089990671517466,3.0,2.0,4.0
2090466428469931,2.0,2.0,4.0
2091032871346006,1.0,3.0,2.0
2092020758330485,0.0,0.0,1.0
2093148874455285,2.0,2.0,4.0
2096409167392851,3.0,2.0,4.0
2096597247439552,0.0,1.0,3.0
2100367983892338,1.0,2.0,4.0
2101762656945810,3.0,2.0,4.0
2103037696819808,2.0,1.0,3.0
2105168716606950,2.0,2.0,2.0
2107028960157130,3.0,2.0,4.0
2107811549638363,0.0,1.0,3.0
2108478782919841,0.0,0.0,0.0
2108554266750707,0.0,1.0,4.0
2110124216092451,0.0,1.0,4.0
2111463359469610,1.0,1.0,1.0
2112341545951236,0.0,2.0,3.0
2113467869084205,4.0,3.0,4.0
2113470519156235,1.0,1.0,4.0
2115946859278089,3.0,3.0,4.0
2120194405206969,3.0,4.0,2.0
2120473025179735,1.0,2.0,4.0
2120781105023414,2.0,1.0,4.0
2121014929294210,0.0,1.0,4.0
2122646278181832,3.0,2.0,3.0
2124179184651776,1.0,3.0,4.0
2124890891298383,0.0,1.0,4.0
2125753111172992,3.0,3.0,4.0
2127219361008415,3.0,2.0,4.0
2127539884779242,1.0,0.0,1.0
2128137537782145,1.0,1.0,4.0
2132085920561958,0.0,1.0,4.0
2133854127059415,3.0,2.0,3.0
2134292590636332,3.0,2.0,3.0
2134388706978446,2.0,2.0,4.0
2146682909587986,0.0,0.0,1.0
2149603718907927,1.0,1.0,2.0
2149610302650025,0.0,1.0,3.0
2154199661663150,0.0,1.0,3.0
2155072838241490,0.0,2.0,3.0
2155554424877180,0.0,1.0,4.0
2155741614845758,4.0,3.0,3.0
2159697694450139,3.0,4.0,3.0
2160009164431000,2.0,2.0,4.0
2160834874358666,0.0,0.0,0.0
2163450137886845,0.0,1.0,4.0
2165190150720359,1.0,2.0,3.0
2171321440110888,0.0,0.0,0.0
2178716073052551,2.0,2.0,3.0
2179914105757025,1.0,1.0,4.0
2180378442472879,0.0,1.0,3.0
2183617669161865,0.0,1.0,4.0
2184148975696515,0.0,1.0,4.0
2189673461426930,0.0,0.0,0.0
2195879851360990,0.0,1.0,3.0
2198353447226713,3.0,0.0,2.0
2200814787052323,4.0,3.0,4.0
2201073717129087,3.0,3.0,3.0
2202382910518819,1.0,1.0,0.0
2208274882907995,1.0,0.0,2.0
2212449232935505,0.0,0.0,4.0
2212958419494626,0.0,1.0,3.0
2214795239339362,2.0,2.0,4.0
2220403705451326,2.0,2.0,3.0
2222514061930539,3.0,3.0,4.0
2223917595072359,1.0,1.0,4.0
2229147617943788,3.0,2.0,3.0
2231060677290841,0.0,1.0,4.0
2233927227446316,1.0,2.0,3.0
2235894106804434,0.0,0.0,2.0
2239086316823582,3.0,2.0,4.0
2240447803425595,0.0,1.0,4.0
2244860386086839,3.0,1.0,2.0
2246742602533208,4.0,3.0,4.0
2247645299109834,0.0,1.0,4.0
2249656808738437,0.0,1.0,4.0
2253029578568153,2.0,1.0,3.0
2255473805281461,3.0,4.0,3.0
2255804621904739,2.0,3.0,3.0
2257471527961921,2.0,1.0,4.0
2257607828316074,1.0,1.0,3.0
2260230271381453,0.0,1.0,4.0
2263772144450419,1.0,2.0,4.0
2275605506146577,0.0,1.0,3.0
2275795309843058,0.0,1.0,3.0
2275919846595972,0.0,2.0,4.0
2278546622950400,1.0,3.0,2.0
2279812466091366,0.0,1.0,3.0
2280174746145768,3.0,2.0,4.0
2280201212364794,3.0,3.0,4.0
2280695278964914,3.0,4.0,3.0
2285351091864349,0.0,2.0,4.0
2287009621769492,3.0,3.0,3.0
2288206855341437,0.0,1.0,4.0
2290893157909198,0.0,1.0,4.0
2292817127915719,1.0,2.0,3.0
2294785584684578,2.0,3.0,4.0
2304285563278812,2.0,2.0,4.0
2304954416537904,0.0,1.0,4.0
2305187093551012,1.0,1.0,3.0
2307087463032131,2.0,2.0,3.0
2309339866097449,3.0,2.0,4.0
2309808982719626,2.0,0.0,0.0
2313586115762215,4.0,2.0,4.0
2314528085579945,1.0,2.0,4.0
2315942378773884,2.0,1.0,4.0
2319097668622328,2.0,0.0,3.0
2319244225140866,3.0,1.0,3.0
2319410385118587,2.0,3.0,4.0
2321456831621108,2.0,3.0,4.0
2323711858374556,2.0,3.0,1.0
2323780154647267,1.0,1.0,4.0
2325606454475408,0.0,0.0,2.0
2328276137573125,0.0,1.0,3.0
2334997093377926,3.0,1.0,4.0
2335596396824030,0.0,2.0,4.0
2342376572785320,1.0,4.0,4.0
2345242376220145,2.0,3.0,4.0
2346156305724631,4.0,3.0,4.0
2346422149428803,0.0,0.0,1.0
2347783768951460,2.0,1.0,4.0
234846022951111,3.0,3.0,4.0
2352122325138098,1.0,2.0,4.0
2353442021853615,0.0,1.0,4.0
2355801208122838,4.0,1.0,3.0
2360449458027289,0.0,1.0,4.0
2364728350547243,0.0,2.0,3.0
2366830610344709,2.0,2.0,4.0
2367618000253213,3.0,2.0,4.0
2368583956823606,0.0,3.0,4.0
2369294697212550,0.0,0.0,2.0
2371568689695186,3.0,2.0,3.0
2377048489296817,2.0,2.0,4.0
2377068735970342,3.0,2.0,1.0
2382607259230186,3.0,3.0,4.0
2388195458201494,1.0,2.0,3.0
2389514421383083,4.0,3.0,3.0
2394097104260963,2.0,0.0,2.0
2395032294174390,1.0,1.0,4.0
2398788510466373,3.0,0.0,0.0
2399300133744676,0.0,0.0,3.0
2399336107097858,2.0,3.0,4.0
2401591723529305,3.0,2.0,1.0
2404747120020510,0.0,1.0,4.0
2405625399607725,2.0,1.0,4.0
2410397109299395,2.0,1.0,2.0
2413951005609031,2.0,2.0,4.0
2414953985537698,0.0,1.0,3.0
2415787525578886,1.0,2.0,4.0
2416307102052301,1.0,3.0,4.0
2418074841929454,0.0,0.0,1.0
2419836335081907,2.0,2.0,4.0
242198242296111,2.0,2.0,4.0
2425312574537750,0.0,1.0,3.0
242749248699325,0.0,0.0,0.0
243035242144898,2.0,1.0,2.0
2435014406851707,0.0,0.0,3.0
2436889977070352,1.0,1.0,4.0
2437239313464978,2.0,3.0,3.0
2438273303178278,2.0,2.0,4.0
2439206622949594,2.0,2.0,4.0
2443745275814539,3.0,4.0,3.0
2444248855917394,1.0,1.0,4.0
24541731412154802,3.0,2.0,4.0
2455489611584179,0.0,0.0,3.0
24573863205590264,2.0,1.0,4.0
2461963677620190,1.0,2.0,4.0
2463315660814727,1.0,0.0,3.0
246590181839932,4.0,3.0,2.0
24679996915001602,4.0,4.0,4.0
2474204726114541,2.0,3.0,4.0
2478230915991978,2.0,3.0,3.0
2481376385703875,0.0,1.0,4.0
2482323105309504,0.0,1.0,4.0
2482933752170324,0.0,1.0,4.0
2483422312163138,1.0,2.0,3.0
2488872728207443,0.0,1.0,2.0
2489513921390759,0.0,1.0,3.0
2489631561508944,1.0,3.0,4.0
24899504139702726,4.0,3.0,4.0
25032093663049871,2.0,3.0,3.0
2504724330024345,1.0,3.0,4.0
2505204226646655,2.0,1.0,3.0
2506644846521720,0.0,0.0,4.0
250782121416504,1.0,2.0,4.0
2508745459646722,2.0,1.0,3.0
2513894272458138,3.0,3.0,4.0
2530276157414773,1.0,2.0,4.0
2538608963015440,0.0,0.0,1.0
2542476856172001,1.0,2.0,4.0
2546812142189088,3.0,2.0,1.0
2559671247811957,1.0,1.0,4.0
2560025271101407,1.0,3.0,4.0
2562186607316949,1.0,1.0,3.0
2575582426208862,1.0,1.0,4.0
2591816914608287,4.0,3.0,4.0
2593062967702568,2.0,2.0,4.0
2593414120868307,1.0,1.0,4.0
2594136227644368,2.0,2.0,4.0
2596047797515025,0.0,1.0,3.0
2599019460296232,0.0,0.0,2.0
2603825070020479,2.0,3.0,4.0
2607597512964386,1.0,4.0,4.0
2612998049047136,2.0,4.0,3.0
2614148855709708,4.0,2.0,4.0
2615654818863373,0.0,1.0,3.0
2623426021440535,1.0,1.0,3.0
2627863527396869,3.0,3.0,2.0
2629625014092642,0.0,0.0,1.0
2630318294073909,0.0,1.0,4.0
2631182707283813,0.0,1.0,3.0
2635098460212371,1.0,3.0,4.0
2639107492956193,4.0,4.0,3.0
2640637069659799,2.0,3.0,4.0
2644508029687648,1.0,1.0,3.0
2646353045572651,4.0,4.0,4.0
2647951095653913,3.0,2.0,4.0
2654750264922099,0.0,1.0,4.0
2659695784221579,3.0,2.0,4.0
2661549550704150,0.0,0.0,1.0
2662594757272500,2.0,2.0,4.0
2664530053975759,1.0,2.0,3.0
2664568353728478,1.0,3.0,4.0
2666280156902881,3.0,3.0,4.0
2666498876881823,0.0,0.0,2.0
2667351190139885,3.0,3.0,4.0
2667943273393637,0.0,2.0,4.0
2668354996885679,1.0,1.0,4.0
26694846646772201,3.0,2.0,4.0
2675252812931056,3.0,0.0,1.0
2682079961999500,3.0,2.0,4.0
26824311737246539,3.0,2.0,4.0
26959598963723369,0.0,1.0,3.0
26989850720710717,0.0,0.0,3.0
2705192663025210,3.0,2.0,4.0
2710861349122612,3.0,2.0,4.0
27164128919926498,2.0,3.0,4.0
27216190281336985,2.0,1.0,4.0
27229796373361422,1.0,2.0,4.0
2723322174519317,0.0,0.0,3.0
2723916357996791,1.0,1.0,3.0
2728351114013492,3.0,2.0,3.0
27290576280552410,1.0,2.0,4.0
27309838791958832,0.0,0.0,1.0
2733122223539850,2.0,0.0,2.0
27337918919234161,0.0,1.0,4.0
273580172381572,3.0,0.0,1.0
2738272246358189,2.0,1.0,4.0
2739522883114324,3.0,2.0,4.0
27408909155414447,2.0,3.0,4.0
27444131088539193,1.0,2.0,4.0
2746604698883129,3.0,0.0,2.0
27489935144024241,4.0,3.0,4.0
27499796489698765,0.0,1.0,4.0
2752288754958328,4.0,3.0,4.0
27546630094966690,0.0,1.0,4.0
2758278411039012,0.0,0.0,2.0
27589419697356625,0.0,0.0,0.0
27636449625984973,2.0,1.0,4.0
2765323030527576,0.0,0.0,3.0
27684583904490566,2.0,3.0,4.0
27688152194149843,2.0,2.0,4.0
2771196933265776,2.0,2.0,3.0
27733593736339599,0.0,0.0,2.0
27738599622421661,2.0,4.0,3.0
27795093930134591,2.0,1.0,4.0
27796463083355972,3.0,3.0,4.0
27836035999327933,4.0,2.0,1.0
2784066041796463,2.0,0.0,3.0
2785740234945717,0.0,0.0,2.0
2797679283743532,0.0,1.0,3.0
28014602321464781,2.0,2.0,4.0
28055589927437528,0.0,1.0,4.0
28059107713714546,3.0,2.0,4.0
2808348236027898,1.0,2.0,4.0
2809177186136059,4.0,3.0,4.0
2809902772525024,0.0,0.0,1.0
281212841491926,3.0,3.0,4.0
281877674750319,2.0,2.0,4.0
28193903960244566,4.0,4.0,4.0
2821421931360726,2.0,2.0,4.0
28234056732947945,3.0,2.0,4.0
2823425294485723,0.0,1.0,4.0
28245257731760270,2.0,2.0,3.0
28258377527140108,0.0,1.0,4.0
2827193210792435,0.0,1.0,3.0
2827621167397521,2.0,3.0,4.0
2828269864201422,0.0,0.0,4.0
2829056860610781,3.0,3.0,4.0
2832207733655452,1.0,2.0,3.0
2832208260290624,1.0,1.0,4.0
28338460799135258,0.0,1.0,4.0
28369188422695937,0.0,0.0,1.0
28401528546159406,0.0,0.0,2.0
2843675602632705,3.0,2.0,4.0
2844863442511296,2.0,2.0,3.0
28456433547335048,1.0,1.0,3.0
2847692975578900,2.0,3.0,4.0
28490959390593005,1.0,2.0,4.0
28495982493380686,3.0,2.0,4.0
2857710211236500,3.0,1.0,3.0
2864674767077028,3.0,3.0,2.0
2871941139860992,1.0,2.0,4.0
28736113246002933,0.0,1.0,2.0
2874529229389754,2.0,1.0,4.0
2875910475936803,0.0,1.0,3.0
2884232841735157,2.0,2.0,4.0
28842584072009714,2.0,3.0,4.0
28848381374752955,0.0,0.0,0.0
2886501091686351,3.0,4.0,4.0
2902024756638362,0.0,1.0,3.0
290614897372971,2.0,0.0,1.0
2907640756073531,0.0,1.0,4.0
2910425302457906,3.0,2.0,3.0
29141681145420997,1.0,2.0,4.0
2915298678644319,3.0,1.0,2.0
2917962001728505,0.0,0.0,1.0
2920056458345966,0.0,0.0,0.0
2922718441220229,3.0,2.0,4.0
2923963877759784,1.0,2.0,4.0
2929806580519066,0.0,0.0,3.0
29314663861456634,2.0,3.0,4.0
2933893893441889,0.0,1.0,3.0
2936141996746504,0.0,0.0,4.0
293749850161654,2.0,3.0,4.0
2937625006386956,2.0,1.0,3.0
2948217645332897,2.0,3.0,4.0
2954051171437313,2.0,2.0,3.0
2954634811360242,2.0,2.0,4.0
2955392211467029,0.0,1.0,2.0
2956100154574099,3.0,2.0,4.0
2957950917689502,1.0,2.0,4.0
2967528553596876,0.0,0.0,3.0
297089616702892,0.0,1.0,3.0
2974361686055560,0.0,0.0,3.0
2985417421808905,0.0,1.0,4.0
3001464893344887,3.0,2.0,4.0
3004594616371601,2.0,0.0,1.0
3015703085251906,3.0,3.0,4.0
3020069368191516,2.0,2.0,4.0
3028726763934623,3.0,3.0,4.0
3032149403641258,2.0,3.0,4.0
3035456486606922,0.0,2.0,3.0
3039453786253247,2.0,3.0,3.0
3054679368199190,3.0,2.0,4.0
3065807810251196,1.0,3.0,2.0
3067837476697905,4.0,3.0,4.0
3080670588756454,0.0,1.0,4.0
308577115574161,3.0,0.0,0.0
308797011822434,1.0,4.0,4.0
311410222067126,2.0,2.0,4.0
311694004609355,4.0,2.0,4.0
3132531896894159,4.0,3.0,4.0
313627354627027,2.0,3.0,4.0
3136565896481430,4.0,2.0,4.0
3137533163081306,2.0,3.0,2.0
3139862376204887,0.0,1.0,3.0
314357591627895,4.0,3.0,4.0
3147832592013602,3.0,2.0,3.0
315416178126117,2.0,2.0,4.0
3160155567458620,2.0,3.0,4.0
317148747831389,1.0,1.0,4.0
317976397933498,2.0,1.0,3.0
31916417661305278,1.0,2.0,3.0
3192238287597150,1.0,1.0,0.0
319671464422036,4.0,3.0,4.0
3197298817073431,3.0,4.0,4.0
3212967505759929,0.0,1.0,4.0
3218640208523633,3.0,2.0,4.0
3226112407530317,4.0,3.0,4.0
3226818764186422,0.0,1.0,4.0
3235337810108148,3.0,2.0,1.0
323984260433844,1.0,2.0,4.0
324405636756110,2.0,3.0,4.0
324715133739643,3.0,1.0,4.0
3260582220755441,1.0,1.0,3.0
3277913272513827,0.0,0.0,2.0
3307650739425087,1.0,2.0,4.0
332487823293384,0.0,1.0,3.0
3329357400701910,0.0,1.0,4.0
3347687918750838,2.0,2.0,4.0
3353252931480074,4.0,4.0,4.0
3363945187070697,0.0,2.0,4.0
3379467462186988,3.0,1.0,4.0
3393637324105532,0.0,1.0,3.0
3401804933323750,4.0,3.0,4.0
3421025354697136,0.0,0.0,1.0
3431792736951629,2.0,0.0,3.0
343881904950233,2.0,1.0,4.0
3438969699605976,3.0,3.0,4.0
3451887901645079,0.0,0.0,1.0
3454936918148001,0.0,0.0,1.0
3459517980881045,4.0,1.0,2.0
3485074728466101,1.0,2.0,4.0
349229891430150,3.0,1.0,4.0
3527782457429040,3.0,2.0,4.0
3529636417200068,0.0,0.0,2.0
3533225950311530,0.0,0.0,0.0
3533393813630293,2.0,1.0,1.0
3533550263611316,1.0,2.0,3.0
3540266812806293,0.0,0.0,0.0
3544551529036184,3.0,1.0,4.0
3548562808778564,4.0,1.0,3.0
3553424768155827,1.0,0.0,2.0
3555366708011128,0.0,1.0,4.0
3560512714251617,1.0,0.0,0.0
3590053204625528,0.0,1.0,4.0
3604878969646070,0.0,0.0,2.0
360638860220672,4.0,3.0,3.0
3614159745415395,1.0,2.0,4.0
3616932835112643,0.0,1.0,4.0
3617518928396001,2.0,0.0,3.0
362297683349523,4.0,2.0,3.0
3625250127765817,0.0,1.0,3.0
362946583112219,3.0,1.0,3.0
363273396628646,4.0,3.0,3.0
3632776756978796,2.0,1.0,4.0
3645879492217275,1.0,3.0,2.0
365190452739535,4.0,1.0,3.0
365197366682996,0.0,1.0,4.0
3657520114470435,3.0,3.0,3.0
36725400127104886,1.0,2.0,4.0
3686048721532411,2.0,1.0,4.0
3692031461099836,2.0,2.0,4.0
369753032892658,1.0,0.0,3.0
3697563997165529,1.0,2.0,4.0
3705091849655560,0.0,0.0,3.0
3705456229768282,4.0,1.0,3.0
373623262125302,3.0,2.0,4.0
373796122336276,2.0,2.0,3.0
3740013202928563,0.0,0.0,2.0
37440059505579124,2.0,0.0,2.0
3759789644238299,2.0,1.0,2.0
3770522479929599,0.0,1.0,4.0
3772081059709054,3.0,4.0,3.0
377372451736057,3.0,2.0,4.0
3778125792436747,0.0,1.0,3.0
378473108223970,4.0,3.0,4.0
3786842038295365,3.0,1.0,4.0
3787680021493711,1.0,2.0,3.0
379131358202601,2.0,1.0,4.0
3794586830792819,0.0,0.0,2.0
3796014083993882,0.0,0.0,1.0
3799584713624713,4.0,1.0,3.0
3800645170067609,3.0,2.0,3.0
3800756746809025,4.0,3.0,4.0
3801635166744901,3.0,3.0,3.0
3806964532885185,2.0,3.0,4.0
3807106556218299,2.0,3.0,3.0
3807112766206431,0.0,0.0,1.0
381077564544604,3.0,3.0,1.0
3811808719081295,0.0,1.0,3.0
38118087217807218,0.0,1.0,4.0
3819350554998398,3.0,3.0,4.0
3820333001517545,2.0,2.0,4.0
3823551527895117,2.0,1.0,4.0
3825926444388376,4.0,3.0,4.0
3826185487642462,2.0,2.0,3.0
3829000734018338,2.0,2.0,4.0
3831477163771103,1.0,1.0,4.0
3836308516584886,0.0,1.0,4.0
3837188599943725,4.0,3.0,4.0
383751694381905,3.0,1.0,4.0
3840336412779103,0.0,2.0,4.0
3843124262619514,1.0,3.0,4.0
3848511072145456,0.0,0.0,2.0
3848817405448425,1.0,1.0,3.0
3850322025282798,0.0,1.0,3.0
385116704686925,3.0,4.0,4.0
3856040894659480,3.0,3.0,4.0
3857687684446862,0.0,0.0,3.0
3857901804433213,3.0,2.0,3.0
3861139670841370,1.0,1.0,4.0
3865517963722937,0.0,0.0,2.0
3865804853678359,0.0,0.0,1.0
3868413763398348,0.0,2.0,4.0
3872991359606435,2.0,3.0,2.0
3874807312732420,0.0,1.0,4.0
3874859089392506,1.0,2.0,4.0
3875770039304920,1.0,2.0,4.0
3878459015760210,3.0,2.0,4.0
3879800372293659,0.0,1.0,3.0
3882113865377405,4.0,3.0,4.0
3882901041971953,0.0,1.0,2.0
3886125994992249,0.0,0.0,4.0
3886879648307139,4.0,3.0,3.0
3887390728182134,0.0,0.0,1.0
3897378130520127,0.0,0.0,0.0
3897683663848000,0.0,1.0,3.0
3901658953485095,0.0,1.0,2.0
3904385256471573,3.0,3.0,4.0
3904847639842897,1.0,3.0,4.0
3905636399752923,4.0,3.0,4.0
3908415076080532,0.0,0.0,3.0
3909694869309277,2.0,4.0,4.0
3912658798991951,1.0,4.0,2.0
3913846955553889,3.0,3.0,4.0
3917224051938452,0.0,1.0,3.0
3919419874871547,1.0,2.0,4.0
391953857240064,0.0,0.0,2.0
3921519228122854,4.0,4.0,4.0
3921686481443321,0.0,0.0,3.0
3928554970751077,3.0,3.0,4.0
3931167930429721,4.0,3.0,4.0
3940737059543357,1.0,3.0,4.0
3942825259309591,0.0,0.0,3.0
3946954868894211,2.0,3.0,2.0
3950292461963479,2.0,1.0,4.0
3953058251605762,2.0,1.0,4.0
3954999381395691,2.0,1.0,4.0
3955716027981773,4.0,4.0,3.0
3958487837756238,1.0,2.0,4.0
3962149414064221,1.0,2.0,3.0
3962455517333452,3.0,3.0,4.0
3971299619806514,0.0,0.0,2.0
3973572186210186,2.0,1.0,4.0
3973780912943632,0.0,1.0,4.0
3983214538564684,0.0,0.0,4.0
3988820578103058,0.0,1.0,3.0
3993515784210995,4.0,3.0,4.0
3994265654191885,0.0,0.0,1.0
3996412790683183,0.0,1.0,3.0
399726656536198,3.0,2.0,1.0
3999034866895450,0.0,0.0,2.0
400178609825688,1.0,2.0,3.0
4005500556400854,1.0,2.0,4.0
400682276436400,2.0,1.0,3.0
400896756414629,2.0,3.0,4.0
4009220552542785,2.0,0.0,3.0
4020033981602051,2.0,1.0,1.0
4023572091197498,0.0,1.0,3.0
4024637514446275,0.0,1.0,4.0
4028477787458871,1.0,3.0,3.0
4028668074085365,3.0,2.0,4.0
403048355522128,3.0,3.0,4.0
4037421899912527,0.0,0.0,2.0
4037879213115375,3.0,2.0,4.0
4042076596076842,0.0,0.0,3.0
4042201422683965,0.0,0.0,3.0
4045830062355001,0.0,0.0,1.0
405086746027263,1.0,2.0,3.0
4053338141568572,4.0,2.0,4.0
4054250481376661,2.0,1.0,4.0
405630552639245,0.0,1.0,4.0
4058993187710420,0.0,2.0,4.0
4059316084314035,1.0,2.0,4.0
4068616816772135,1.0,1.0,4.0
406890198660328,1.0,1.0,4.0
4069046626714848,3.0,1.0,4.0
4069742979913774,0.0,0.0,2.0
4073638899535820,2.0,2.0,4.0
4095881497361074,1.0,1.0,4.0
410244902166545,3.0,1.0,3.0
4105020446486130,4.0,3.0,4.0
4108090222656636,2.0,3.0,4.0
412533791810064,1.0,2.0,4.0
413225937903966,3.0,2.0,3.0
4136417329903524,1.0,2.0,4.0
4141239496120518,1.0,0.0,1.0
414515324411471,3.0,1.0,2.0
414726354996811,3.0,3.0,4.0
4149346405286858,1.0,3.0,4.0
415078198295180,0.0,1.0,3.0
4155655891398586,1.0,3.0,4.0
415895688260902,2.0,2.0,4.0
415945554266047,3.0,2.0,4.0
419893473753971,4.0,3.0,4.0
420783060510948,2.0,2.0,4.0
4219821544931607,3.0,0.0,3.0
422293897617776,1.0,2.0,4.0
4230750830569688,1.0,2.0,4.0
4243403275794410,1.0,2.0,4.0
426401490557168,0.0,0.0,1.0
4264819813753946,3.0,3.0,4.0
4275978315964899,1.0,0.0,0.0
428067219642631,4.0,3.0,3.0
428605880247157,3.0,1.0,2.0
429298543507772,1.0,2.0,4.0
429348300173604,0.0,1.0,3.0
430052699371119,2.0,2.0,4.0
4327482634159289,2.0,2.0,4.0
4328256674115299,1.0,0.0,2.0
433124213178694,3.0,2.0,4.0
4340729616190922,0.0,0.0,3.0
4341409302795035,4.0,1.0,2.0
434526439704734,0.0,1.0,3.0
436075086156249,2.0,2.0,3.0
437355039257831,1.0,2.0,4.0
437375845822877,1.0,2.0,4.0
4376064745977147,0.0,1.0,3.0
438941822526945,2.0,2.0,4.0
439405112336317,2.0,0.0,1.0
439799842290683,2.0,3.0,4.0
4398961283690689,3.0,1.0,4.0
440445438408485,2.0,1.0,4.0
440575998594289,0.0,1.0,3.0
4409830585971890,1.0,1.0,3.0
4417201805161221,1.0,3.0,4.0
441760408971725,3.0,2.0,3.0
443295748750291,0.0,0.0,0.0
443298942080599,1.0,2.0,4.0
443536321893738,3.0,2.0,4.0
443764781869374,3.0,3.0,4.0
4439579099591330,4.0,1.0,2.0
444075305159037,1.0,1.0,4.0
4451004075161142,3.0,2.0,4.0
4484015515177470,2.0,2.0,4.0
448992154958255,3.0,3.0,4.0
4490385941201516,3.0,3.0,4.0
4510712742544010,4.0,1.0,2.0
4518628871792088,0.0,1.0,4.0
452201714650215,1.0,3.0,3.0
452377094571215,1.0,1.0,3.0
4532354583682699,3.0,3.0,4.0
455792044271033,3.0,2.0,4.0
455906877459152,0.0,1.0,4.0
4562845930700251,2.0,1.0,3.0
4566179910372626,0.0,1.0,3.0
4566260343598556,2.0,2.0,4.0
457994630654664,4.0,1.0,1.0
459301320586630,2.0,1.0,3.0
4604518506463144,2.0,1.0,3.0
460770246528341,2.0,3.0,4.0
460922739975365,1.0,3.0,4.0
461332810330983,0.0,1.0,4.0
461562833682654,3.0,1.0,1.0
462210553649783,2.0,0.0,2.0
462993753090892,3.0,3.0,4.0
463255236188400,0.0,1.0,4.0
463830443462354,3.0,2.0,4.0
464115973419480,0.0,1.0,4.0
464309780016437,2.0,1.0,3.0
465270749973926,0.0,1.0,4.0
465767503204664,3.0,3.0,4.0
467069309189776,0.0,1.0,3.0
467440649216272,0.0,1.0,3.0
4691595141164884,1.0,2.0,4.0
469865762846774,1.0,0.0,4.0
470105112825131,1.0,1.0,4.0
470982672740693,3.0,1.0,4.0
471236225531531,4.0,3.0,4.0
471761559147616,0.0,1.0,4.0
471828805793254,3.0,2.0,4.0
471881492469676,4.0,2.0,4.0
4722731161285458,0.0,0.0,2.0
4725824874406883,1.0,2.0,4.0
472624145902463,1.0,0.0,1.0
472666991840738,0.0,1.0,3.0
472872475689313,0.0,1.0,4.0
473198508639985,1.0,2.0,4.0
473791479106948,0.0,0.0,0.0
473867401909404,2.0,1.0,4.0
473993115139389,0.0,1.0,3.0
474045169110035,3.0,1.0,3.0
475028675661427,0.0,1.0,2.0
475587768926209,4.0,2.0,3.0
475695412062216,2.0,1.0,4.0
475743548920299,0.0,1.0,4.0
476035468335073,2.0,2.0,4.0
476751591924710,2.0,1.0,4.0
477323358559881,0.0,1.0,4.0
477465895186902,0.0,0.0,3.0
477548638747947,0.0,1.0,4.0
477602504786496,3.0,3.0,3.0
478753768610893,2.0,2.0,4.0
480056507922850,0.0,1.0,4.0
480789531734925,2.0,0.0,2.0
481173414810699,0.0,0.0,0.0
481188834786814,2.0,3.0,4.0
481216284791227,0.0,0.0,1.0
481257351688977,1.0,2.0,4.0
481342414793635,2.0,1.0,1.0
482041181006538,0.0,1.0,4.0
482476961625312,1.0,0.0,1.0
483235424096923,1.0,2.0,4.0
483252781221834,3.0,2.0,4.0
483842821158822,0.0,0.0,1.0
484957994374470,1.0,3.0,4.0
484991460555995,3.0,2.0,3.0
485263034332216,0.0,1.0,3.0
485354917665238,2.0,1.0,3.0
485829817611311,0.0,1.0,4.0
485929590942523,0.0,1.0,4.0
486117847865490,2.0,0.0,1.0
486118821197022,2.0,1.0,4.0
486781264527923,0.0,2.0,2.0
486922841174341,2.0,1.0,3.0
487351067435799,2.0,2.0,4.0
487435384098559,2.0,1.0,3.0
487712657403543,3.0,1.0,4.0
487923347692185,4.0,2.0,3.0
488295704009004,1.0,2.0,3.0
488802673949516,0.0,1.0,2.0
491053080368254,0.0,0.0,1.0
491193937015467,0.0,1.0,4.0
491602310644569,2.0,3.0,4.0
491699056957488,2.0,3.0,3.0
491839569914411,4.0,2.0,4.0
492040593886655,1.0,3.0,4.0
492540757167632,1.0,2.0,4.0
492621239825612,0.0,1.0,4.0
493663620059108,0.0,1.0,2.0
493839790481560,2.0,3.0,4.0
493847083756255,1.0,1.0,4.0
494439476674347,1.0,2.0,4.0
494888916614271,2.0,3.0,4.0
495000976241215,2.0,2.0,3.0
495261190273292,1.0,0.0,0.0
495416449894827,1.0,3.0,4.0
495764120210846,0.0,0.0,3.0
495981116509383,3.0,2.0,3.0
496175056848487,2.0,2.0,4.0
496511290143531,4.0,3.0,4.0
496535876797581,2.0,2.0,3.0
497919153414001,3.0,2.0,4.0
497934402939738,1.0,2.0,4.0
498265623311750,0.0,3.0,4.0
499031439814302,1.0,2.0,4.0
499272439835489,0.0,0.0,3.0
499281736129163,2.0,1.0,4.0
500379159356905,0.0,1.0,4.0
500414279696930,2.0,1.0,3.0
500631742659992,4.0,3.0,4.0
500937376366777,1.0,0.0,1.0
500988725956522,4.0,2.0,1.0
501094456347388,0.0,0.0,0.0
501319522944979,3.0,3.0,4.0
501873335876624,0.0,0.0,2.0
502331429498729,2.0,1.0,4.0
502400899549938,0.0,0.0,0.0
502545515785163,2.0,3.0,3.0
502734436184526,0.0,0.0,0.0
503559242339003,2.0,1.0,4.0
503772555658429,3.0,3.0,4.0
504048502299324,2.0,0.0,1.0
504725409309127,2.0,1.0,4.0
505358838820540,0.0,1.0,4.0
505915048765304,0.0,1.0,3.0
506056082089485,1.0,1.0,4.0
506444019226545,3.0,2.0,4.0
506856715664016,2.0,2.0,4.0
507573668575697,0.0,0.0,3.0
507655709015162,4.0,3.0,2.0
508854305103985,1.0,1.0,4.0
509564662153642,0.0,0.0,2.0
509620071693044,2.0,2.0,4.0
511396048155691,3.0,1.0,3.0
512663388515270,2.0,1.0,4.0
512890564648954,0.0,1.0,3.0
513163661286631,2.0,2.0,4.0
513777431224935,0.0,2.0,4.0
514561028313539,3.0,2.0,3.0
515012864435475,0.0,0.0,2.0
515114257723768,1.0,1.0,3.0
515428014372248,3.0,3.0,4.0
515534401017548,0.0,1.0,3.0
516905021344743,0.0,1.0,3.0
517518651348097,2.0,1.0,3.0
518412567934546,3.0,1.0,3.0
519450430589049,2.0,2.0,4.0
519970497777687,2.0,3.0,3.0
520097207201631,0.0,0.0,2.0
520926931003086,1.0,3.0,4.0
520989024336606,3.0,2.0,4.0
521219604324188,3.0,4.0,4.0
522123216964148,0.0,1.0,3.0
522448574293749,3.0,4.0,3.0
522633413580839,1.0,0.0,1.0
522659246897684,3.0,2.0,4.0
523327920743101,0.0,0.0,3.0
523368403505739,3.0,1.0,4.0
523749446799261,2.0,4.0,3.0
523976167088533,0.0,0.0,1.0
524727573874527,2.0,2.0,4.0
525059420591505,0.0,0.0,1.0
526650520153024,0.0,0.0,0.0
527974709652461,0.0,2.0,3.0
528306336934715,2.0,3.0,4.0
528643769578429,0.0,0.0,2.0
528769256227780,4.0,3.0,4.0
530195143340736,0.0,1.0,4.0
530424066170895,1.0,2.0,4.0
531739312556254,0.0,0.0,2.0
531775192560277,0.0,0.0,0.0
531807066568952,2.0,1.0,3.0
532342365829448,0.0,1.0,4.0
532829522441944,3.0,1.0,4.0
533637992362775,2.0,0.0,3.0
533993199696805,0.0,1.0,3.0
534006579714368,3.0,3.0,4.0
534556096118136,0.0,0.0,2.0
535283415520427,1.0,2.0,3.0
538147732576294,0.0,1.0,3.0
538213462383140,4.0,3.0,4.0
538313119227101,4.0,3.0,2.0
538809485868846,0.0,0.0,2.0
538989232341660,1.0,0.0,3.0
540158252379839,3.0,2.0,4.0
540873698999127,1.0,2.0,2.0
541306755599059,1.0,2.0,3.0
541380258884531,2.0,2.0,3.0
541411242265019,2.0,3.0,3.0
541568962242215,2.0,2.0,4.0
541965772229257,3.0,1.0,4.0
541971801983701,1.0,3.0,3.0
542089942139823,4.0,3.0,4.0
542549012132922,1.0,2.0,3.0
542988022102772,2.0,0.0,1.0
543192402024682,3.0,3.0,4.0
543485655157961,4.0,3.0,4.0
543541258294798,0.0,0.0,3.0
544243831979485,3.0,2.0,4.0
544308885282386,0.0,1.0,4.0
544396728564906,3.0,4.0,3.0
544465078433772,0.0,0.0,1.0
544916901695234,2.0,3.0,4.0
546868544890075,2.0,4.0,2.0
547322564995907,0.0,0.0,1.0
547425298325905,3.0,2.0,3.0
547430551681735,0.0,0.0,3.0
547775451754739,0.0,2.0,4.0
548180888266562,0.0,0.0,3.0
548227767987226,1.0,2.0,4.0
548635481422893,1.0,3.0,4.0
548725071525384,1.0,1.0,3.0
549271338122334,4.0,3.0,4.0
549328764726327,0.0,1.0,4.0
549350917903146,4.0,2.0,4.0
549413181586414,0.0,0.0,2.0
549934607735283,4.0,3.0,4.0
550003730833204,0.0,1.0,4.0
550127281133052,1.0,2.0,4.0
550286454518498,2.0,3.0,4.0
550451977880514,2.0,1.0,4.0
551430181094077,0.0,0.0,0.0
551859234309198,2.0,3.0,4.0
553496871040757,0.0,0.0,0.0
554166487332883,0.0,0.0,3.0
554712390516379,0.0,0.0,1.0
554872177583139,0.0,1.0,4.0
556001417036887,0.0,2.0,4.0
556534650872934,3.0,2.0,4.0
556579700418579,4.0,1.0,3.0
556896227115099,2.0,1.0,3.0
557778480333701,2.0,1.0,4.0
557892266865251,2.0,3.0,4.0
557901853518890,0.0,1.0,4.0
557908700459769,1.0,2.0,4.0
558882863546640,0.0,1.0,3.0
559449576948508,4.0,4.0,4.0
559489620166115,0.0,1.0,4.0
559612880369123,0.0,1.0,3.0
559665453355289,4.0,3.0,4.0
559718110398582,2.0,3.0,4.0
559900530333997,4.0,3.0,1.0
559996166855302,0.0,1.0,4.0
560593973644457,2.0,1.0,3.0
560824900053400,0.0,1.0,3.0
560941893598180,2.0,1.0,4.0
561492046937138,2.0,1.0,4.0
561520316822391,2.0,2.0,3.0
561821096737009,2.0,2.0,4.0
561830386620533,1.0,2.0,4.0
562387956529101,1.0,2.0,4.0
562687792797844,4.0,1.0,3.0
563361333525402,0.0,1.0,3.0
563371149767849,2.0,2.0,4.0
564178923016665,4.0,3.0,2.0
564728503388925,0.0,1.0,3.0
564802376558581,2.0,3.0,4.0
565107919574753,2.0,1.0,4.0
565294539436395,3.0,1.0,0.0
565320973171000,0.0,1.0,2.0
565416772796633,1.0,2.0,4.0
565573689496390,2.0,3.0,4.0
566368222806485,1.0,2.0,4.0
566427146364679,2.0,2.0,4.0
568436806349176,0.0,1.0,4.0
569928316043526,1.0,1.0,3.0
569993422644197,1.0,0.0,4.0
570026082642108,2.0,3.0,4.0
570747739292617,0.0,1.0,3.0
571004375512260,4.0,3.0,4.0
571309375845127,3.0,1.0,2.0
571335385838366,0.0,0.0,1.0
571820128869757,0.0,1.0,4.0
572467652446837,3.0,2.0,3.0
575225775504192,4.0,2.0,4.0
575326791709355,1.0,2.0,4.0
575458835069007,2.0,2.0,3.0
575643838637058,1.0,0.0,1.0
575902275271046,4.0,3.0,4.0
576178875416265,3.0,3.0,2.0
576486378261320,1.0,0.0,1.0
576538711877248,0.0,0.0,0.0
577075378404855,1.0,1.0,0.0
577317858460700,1.0,2.0,4.0
577326652010203,3.0,1.0,2.0
577584798593901,1.0,1.0,4.0
577694035076389,1.0,2.0,4.0
577872808162999,1.0,2.0,4.0
578026645101465,0.0,1.0,4.0
578060385045253,2.0,3.0,4.0
578339438522797,1.0,1.0,3.0
578601178344252,2.0,1.0,4.0
578722018322544,3.0,2.0,4.0
578851961299270,3.0,3.0,4.0
578869181715062,0.0,1.0,4.0
579245528423561,2.0,1.0,4.0
579313384681310,0.0,0.0,1.0
579555931292939,0.0,1.0,3.0
580294994999655,0.0,1.0,3.0
580303581357092,3.0,3.0,4.0
580334271644910,3.0,4.0,4.0
580481711519086,2.0,3.0,3.0
580514524793472,4.0,3.0,3.0
580586541517393,0.0,1.0,3.0
580670078281735,0.0,0.0,0.0
580673201452968,2.0,1.0,3.0
581075388082523,3.0,4.0,2.0
581193988071105,2.0,3.0,0.0
581463554714879,1.0,0.0,4.0
581553268051790,0.0,0.0,1.0
581574761078245,2.0,2.0,4.0
581804394672282,3.0,2.0,4.0
581930811404846,3.0,2.0,4.0
581984257525893,2.0,2.0,4.0
582127388055845,1.0,2.0,4.0
582372721274716,1.0,2.0,4.0
582519831325806,1.0,2.0,4.0
582727901332121,2.0,1.0,4.0
582883781381555,2.0,3.0,2.0
583139774690684,3.0,1.0,4.0
583279610747547,0.0,1.0,4.0
583280654580589,4.0,3.0,3.0
583289227551133,1.0,1.0,4.0
583370290758671,2.0,2.0,3.0
583629517771223,0.0,1.0,2.0
583673334017853,3.0,3.0,4.0
583725847361183,4.0,3.0,4.0
583894344436220,1.0,3.0,4.0
584467274549026,2.0,1.0,2.0
584515674389726,2.0,4.0,3.0
584543591169281,1.0,1.0,4.0
584750211039921,2.0,2.0,4.0
584897268031340,1.0,2.0,4.0
585020334362538,1.0,1.0,4.0
585100631168773,2.0,2.0,4.0
585790967696364,3.0,3.0,4.0
585878967745630,2.0,1.0,3.0
586094584362119,0.0,1.0,4.0
586195010884644,0.0,0.0,3.0
586512340901889,2.0,2.0,3.0
586738377375369,3.0,2.0,4.0
586778034200920,0.0,0.0,1.0
586950010401636,4.0,2.0,4.0
587011964135661,0.0,0.0,2.0
587016040924199,1.0,1.0,3.0
587068777276218,0.0,1.0,1.0
587320807552179,0.0,1.0,2.0
587352777438875,3.0,2.0,4.0
587395010945783,0.0,1.0,3.0
587537370312703,4.0,3.0,4.0
587830234403496,0.0,1.0,4.0
587855027462777,1.0,2.0,4.0
587863230320742,2.0,3.0,4.0
587894070754705,0.0,1.0,3.0
587904417383488,3.0,3.0,4.0
587922884222807,2.0,3.0,4.0
587994484154984,0.0,0.0,1.0
588002990876922,0.0,0.0,0.0
588136723705038,0.0,1.0,3.0
588267044092222,0.0,0.0,0.0
588303360877547,3.0,2.0,4.0
588307070655235,1.0,1.0,4.0
588384047454457,0.0,0.0,2.0
588430350736596,0.0,0.0,2.0
588490483809638,0.0,0.0,1.0
588501617140585,0.0,0.0,1.0
588527104027545,2.0,2.0,4.0
588564834147391,1.0,2.0,4.0
588750727170394,4.0,3.0,3.0
588901873822957,1.0,2.0,3.0
589066223680279,0.0,0.0,1.0
589154083633054,1.0,1.0,4.0
589159550545521,1.0,2.0,4.0
589227137299870,0.0,2.0,3.0
589273970237907,2.0,3.0,4.0
589550497089324,0.0,0.0,2.0
589747503973191,4.0,2.0,4.0
589969870175019,0.0,1.0,3.0
589980003936549,1.0,1.0,2.0
590334327230197,0.0,1.0,3.0
591034783686659,3.0,2.0,4.0
591040513694469,3.0,2.0,4.0
591333526944207,0.0,0.0,0.0
591356470365761,2.0,2.0,4.0
591358187098194,0.0,1.0,4.0
591455276668941,3.0,3.0,4.0
591505800514765,3.0,3.0,4.0
591657606635372,4.0,3.0,3.0
591672336999099,0.0,1.0,3.0
591681160241258,0.0,0.0,1.0
591834773618623,1.0,2.0,4.0
591993190121126,0.0,0.0,1.0
592226543639655,0.0,1.0,4.0
592327799938937,3.0,3.0,2.0
592414626573824,3.0,3.0,4.0
592570296957910,0.0,1.0,3.0
592619390200897,2.0,1.0,2.0
592735060279144,1.0,1.0,3.0
593065473142772,3.0,1.0,4.0
593096993250704,1.0,2.0,4.0
593210526850805,4.0,3.0,3.0
593346286786907,1.0,0.0,4.0
593841340275645,4.0,3.0,4.0
593847419814181,2.0,2.0,4.0
593922386742906,4.0,2.0,4.0
593987319756018,0.0,1.0,2.0
594082553437367,1.0,0.0,0.0
594411406365307,0.0,0.0,3.0
594784249745158,1.0,2.0,4.0
594896803402673,2.0,0.0,0.0
595113503285774,0.0,0.0,0.0
595160949979147,0.0,0.0,0.0
595262939806991,3.0,3.0,4.0
595387539936456,4.0,2.0,4.0
595628010034644,0.0,1.0,4.0
595776006650840,0.0,0.0,0.0
595854182791845,2.0,2.0,3.0
596004846401576,4.0,3.0,4.0
596081206468549,0.0,1.0,4.0
596284639685594,3.0,3.0,4.0
596478313189038,3.0,4.0,4.0
596508662995269,0.0,1.0,4.0
596833353064992,0.0,1.0,3.0
596862706826282,1.0,1.0,3.0
596904639723320,1.0,2.0,3.0
597090486337734,0.0,1.0,4.0
597452026057296,2.0,2.0,3.0
597600013148168,0.0,0.0,1.0
597601483200684,0.0,1.0,3.0
598297086160296,3.0,3.0,4.0
598351369592791,1.0,3.0,2.0
598459456489878,2.0,4.0,4.0
598539866483007,1.0,3.0,4.0
598641759738811,3.0,3.0,4.0
598641792956878,0.0,2.0,4.0
598994669561884,0.0,0.0,0.0
599104156018331,3.0,1.0,3.0
599206222528933,3.0,2.0,4.0
599340886138963,2.0,0.0,1.0
599351045825313,1.0,2.0,4.0
599450316020468,0.0,1.0,4.0
599657749076443,3.0,2.0,4.0
599964346228854,2.0,1.0,4.0
600321899595335,0.0,0.0,3.0
600356382950375,1.0,2.0,4.0
600519346017928,3.0,1.0,4.0
600610042646705,3.0,1.0,1.0
600831732558402,3.0,2.0,3.0
600893275979209,0.0,1.0,4.0
600918402872753,1.0,1.0,4.0
601378989373872,3.0,2.0,4.0
601400322675846,0.0,2.0,4.0
601645972824780,1.0,2.0,4.0
601721805822564,0.0,1.0,4.0
601794732713265,1.0,2.0,4.0
601932169059875,2.0,2.0,4.0
602282142558517,0.0,1.0,4.0
602775299280328,0.0,1.0,3.0
603209232318572,2.0,2.0,3.0
603939712423219,1.0,2.0,4.0
604363578898563,0.0,0.0,2.0
604524499292447,1.0,1.0,4.0
604564485611975,1.0,1.0,4.0
604804495618403,3.0,1.0,4.0
604917105622740,1.0,2.0,3.0
605135615376109,0.0,0.0,0.0
605209832031888,2.0,3.0,4.0
605274878606992,3.0,1.0,3.0
605297585175156,0.0,1.0,3.0
605582065666741,0.0,1.0,4.0
605693198991183,0.0,1.0,4.0
605788775538678,0.0,1.0,4.0
607009815247389,3.0,1.0,4.0
607115698410179,2.0,2.0,4.0
607118135383684,3.0,1.0,4.0
607171415393482,0.0,1.0,2.0
607413345211782,0.0,1.0,4.0
607606788854166,2.0,2.0,4.0
608027624992491,0.0,1.0,4.0
608199245243348,0.0,1.0,4.0
608656515360664,0.0,1.0,4.0
609029018504707,1.0,3.0,4.0
609156441974018,3.0,3.0,4.0
609325648201418,3.0,3.0,3.0
609372981674379,4.0,3.0,4.0
609819095297487,0.0,1.0,4.0
610001105316843,0.0,1.0,3.0
610035641759187,1.0,1.0,4.0
610625031685363,1.0,0.0,1.0
610825884708925,0.0,0.0,1.0
610866578310891,0.0,0.0,0.0
611033691674445,0.0,3.0,4.0
611077324751622,3.0,1.0,3.0
611106448217816,3.0,2.0,3.0
611303698516509,4.0,3.0,4.0
611327534825635,1.0,2.0,4.0
611376624815570,0.0,0.0,0.0
611543861523218,3.0,3.0,4.0
612213004871631,1.0,2.0,3.0
612294494873041,0.0,0.0,2.0
612317641585707,2.0,2.0,4.0
612745914673200,3.0,3.0,3.0
613534517927897,2.0,1.0,3.0
613549131426028,4.0,2.0,4.0
613560251049471,3.0,1.0,4.0
613602677983339,2.0,0.0,2.0
613954871215289,1.0,3.0,4.0
614130751197729,1.0,2.0,3.0
614234997731741,4.0,4.0,4.0
614654528179246,0.0,1.0,4.0
614842797854686,4.0,2.0,4.0
615035201479571,1.0,2.0,4.0
615629411032218,0.0,1.0,4.0
616290550729924,3.0,3.0,4.0
616355054311892,3.0,3.0,4.0
616542760966442,0.0,0.0,2.0
616554067446868,1.0,2.0,4.0
617057517395441,1.0,1.0,4.0
617260367661827,1.0,3.0,4.0
617465867507823,1.0,2.0,4.0
617898510784396,2.0,0.0,4.0
618380714539312,0.0,1.0,4.0
618637614044067,3.0,0.0,1.0
619046604231016,0.0,1.0,3.0
619250287471351,0.0,1.0,3.0
619255297315983,0.0,1.0,4.0
619556930563782,3.0,3.0,4.0
619687303780299,2.0,2.0,4.0
619928440533233,3.0,2.0,3.0
620498623789560,3.0,2.0,4.0
620867510427270,1.0,2.0,3.0
621128233932418,2.0,1.0,4.0
621377353610661,0.0,0.0,3.0
621589090823668,0.0,0.0,1.0
621595466917447,3.0,2.0,4.0
621770367003203,0.0,0.0,0.0
621795947202367,0.0,1.0,3.0
622532510259029,2.0,3.0,3.0
622566830184142,2.0,3.0,3.0
622911326813604,1.0,1.0,3.0
622941286785857,0.0,1.0,3.0
622986056989672,3.0,3.0,4.0
623036940239620,0.0,0.0,1.0
623330963360883,1.0,4.0,2.0
623361780079021,2.0,2.0,1.0
623467490275834,2.0,2.0,4.0
623960046987024,4.0,1.0,2.0
624053733327247,4.0,2.0,4.0
624315339959247,3.0,2.0,4.0
624758496718792,1.0,2.0,3.0
624900823239833,3.0,2.0,4.0
625008463314844,3.0,3.0,4.0
625251593212480,0.0,0.0,3.0
625668050114342,2.0,3.0,4.0
625771769960010,1.0,3.0,4.0
626026429844992,3.0,1.0,3.0
626211686467475,0.0,0.0,0.0
626448026518453,1.0,0.0,3.0
626624396521139,0.0,0.0,3.0
626730503191336,0.0,0.0,2.0
626923273149499,3.0,4.0,3.0
626979996388462,0.0,0.0,1.0
627060880017098,2.0,1.0,2.0
627085859973731,2.0,0.0,3.0
627201633019025,2.0,3.0,4.0
627259380001656,1.0,0.0,1.0
627348723115228,2.0,3.0,4.0
627445646323570,1.0,2.0,4.0
627748782982831,0.0,1.0,4.0
627826272994347,0.0,0.0,3.0
628100026335986,4.0,2.0,4.0
628242919682757,2.0,2.0,4.0
628259469734696,0.0,1.0,4.0
628357129847950,0.0,1.0,4.0
628358093497779,2.0,3.0,4.0
628410513048452,2.0,1.0,4.0
628426219598812,2.0,3.0,4.0
628518519831863,1.0,1.0,4.0
628717626413561,4.0,3.0,4.0
628742732887643,0.0,0.0,1.0
628789132881989,0.0,1.0,2.0
628912389807029,2.0,2.0,2.0
630213289463380,0.0,0.0,0.0
630250166053343,3.0,4.0,3.0
630337479694018,3.0,3.0,4.0
630392536034539,0.0,1.0,4.0
630674399544546,2.0,1.0,3.0
630780832798460,0.0,1.0,4.0
631031306047748,3.0,2.0,4.0
631094586043377,2.0,0.0,3.0
631199976147054,1.0,4.0,2.0
631282885962930,2.0,1.0,2.0
631540012625154,3.0,2.0,3.0
631569479650715,0.0,0.0,0.0
631683535999753,0.0,0.0,0.0
631802285841977,1.0,2.0,3.0
631946639287374,0.0,1.0,2.0
632125986019089,0.0,0.0,1.0
632256639258973,3.0,2.0,4.0
632278542624839,1.0,0.0,0.0
633237359200786,0.0,1.0,4.0
633432549192914,0.0,0.0,1.0
633468645881105,1.0,2.0,4.0
633576299127693,3.0,4.0,4.0
633580029610882,1.0,1.0,4.0
633591589133702,0.0,0.0,1.0
633597492377179,0.0,0.0,1.0
633739096262161,2.0,1.0,2.0
633834995666528,0.0,0.0,3.0
634000452413578,3.0,3.0,4.0
634036365747397,4.0,1.0,2.0
634201975726685,2.0,1.0,4.0
634284012311135,0.0,1.0,3.0
634373459059649,3.0,2.0,3.0
634559882367213,2.0,1.0,3.0
634654905599020,3.0,1.0,2.0
635038158915604,2.0,4.0,4.0
635302675612955,1.0,2.0,3.0
635330319149259,1.0,1.0,4.0
635384005727700,0.0,1.0,2.0
635530475666295,1.0,1.0,3.0
635575738995069,0.0,1.0,3.0
635621519140633,3.0,2.0,3.0
636132942132686,2.0,3.0,4.0
636384102107617,1.0,2.0,4.0
636455442657867,0.0,1.0,3.0
636471479048324,2.0,1.0,4.0
636509235729623,0.0,1.0,4.0
636755645596319,0.0,0.0,2.0
636970455376775,1.0,2.0,1.0
636988435570479,4.0,3.0,4.0
637161555321089,0.0,0.0,3.0
637484998676531,2.0,2.0,4.0
637785175362890,3.0,4.0,4.0
637793665586713,2.0,2.0,3.0
637956195411379,3.0,3.0,4.0
638106065456918,1.0,1.0,4.0
638153408563549,0.0,0.0,3.0
638355381866380,3.0,2.0,3.0
638393535518251,2.0,1.0,3.0
638455512423468,0.0,0.0,3.0
638615811960616,1.0,1.0,4.0
638767411940431,1.0,1.0,4.0
638887898617914,4.0,1.0,3.0
639065515141277,4.0,2.0,4.0
639158448859686,1.0,1.0,4.0
639203795235518,3.0,2.0,4.0
639235075420048,2.0,0.0,1.0
639272125223379,0.0,1.0,4.0
639434768432006,2.0,1.0,0.0
640042258550057,0.0,1.0,3.0
640858678460297,0.0,0.0,2.0
641540898539065,3.0,3.0,3.0
641771385180692,4.0,3.0,3.0
641879825071949,2.0,2.0,4.0
642658688419706,3.0,3.0,2.0
642715688243057,3.0,3.0,3.0
642728508434396,3.0,0.0,1.0
642785391491531,3.0,3.0,4.0
642855184831307,3.0,2.0,3.0
643011201495247,2.0,2.0,4.0
643335931384513,2.0,2.0,4.0
643531994778714,1.0,1.0,4.0
644112671377272,2.0,2.0,4.0
644989057920877,3.0,3.0,4.0
645236954598274,0.0,0.0,2.0
645290921254291,0.0,1.0,3.0
645964727992983,3.0,3.0,4.0
646351237819027,0.0,2.0,4.0
646670041356749,1.0,1.0,3.0
646729697706677,2.0,4.0,4.0
646745614459636,0.0,1.0,3.0
647586457698012,2.0,3.0,3.0
647672927837322,0.0,1.0,3.0
647908917665258,4.0,3.0,4.0
648573787504214,1.0,1.0,4.0
648888047706917,0.0,1.0,2.0
649071314143442,0.0,0.0,3.0
649420250768859,0.0,0.0,1.0
649773674287490,0.0,1.0,4.0
649983430703771,0.0,0.0,0.0
650063720691925,4.0,1.0,2.0
650560300877069,3.0,1.0,4.0
650709654185903,0.0,1.0,3.0
651113847587772,1.0,1.0,3.0
651501537228876,4.0,4.0,4.0
651730440623427,1.0,2.0,4.0
651858203951187,1.0,0.0,3.0
652550363795617,1.0,3.0,4.0
652679143866964,0.0,1.0,1.0
654078270378195,0.0,0.0,0.0
657840439903540,1.0,2.0,4.0
657843513575167,3.0,3.0,4.0
658945939901414,3.0,3.0,3.0
659141373214654,0.0,0.0,2.0
659938999852103,3.0,3.0,4.0
660332316522459,4.0,3.0,4.0
660446009755075,0.0,1.0,3.0
663057649402423,0.0,0.0,4.0
663944139403675,1.0,0.0,3.0
666469065493970,3.0,2.0,2.0
667865959217140,0.0,1.0,4.0
669096998906901,2.0,1.0,3.0
674781061550713,0.0,0.0,2.0
675902231657583,3.0,2.0,4.0
676833542125827,3.0,2.0,4.0
678986168406470,2.0,3.0,2.0
679208814673695,1.0,3.0,1.0
684695094024716,2.0,3.0,3.0
689149733528400,0.0,1.0,3.0
690127840172654,0.0,0.0,2.0
6913477695428614,3.0,2.0,4.0
702303428767640,1.0,2.0,4.0
704824291530953,3.0,2.0,3.0
708882528878259,3.0,3.0,2.0
7135596603198773,0.0,1.0,3.0
713701735055400,4.0,3.0,4.0
718787531219692,2.0,2.0,4.0
724978213113419,3.0,2.0,2.0
729446615937609,3.0,3.0,4.0
732486623198065,1.0,2.0,4.0
734198646109280,3.0,3.0,4.0
735597409456473,0.0,1.0,3.0
738030735098824,1.0,2.0,4.0
744844781850388,0.0,1.0,1.0
745649037602234,4.0,3.0,3.0
750512280381531,2.0,1.0,3.0
752508716839060,2.0,2.0,1.0
754613996344161,3.0,4.0,4.0
760830287113048,0.0,0.0,2.0
7625946067438176,1.0,1.0,3.0
763091239900833,0.0,1.0,3.0
763984026629197,3.0,4.0,3.0
765910962903886,0.0,1.0,4.0
770032595345971,1.0,2.0,4.0
770467301198911,1.0,2.0,4.0
771080418381736,1.0,0.0,1.0
772141421466426,2.0,3.0,4.0
773174208899148,2.0,2.0,4.0
777924691630914,3.0,2.0,4.0
779394308199571,0.0,1.0,4.0
780794147414890,0.0,0.0,1.0
780803641349304,4.0,3.0,4.0
781216904865154,2.0,3.0,4.0
781410437857034,1.0,2.0,4.0
783101877847662,0.0,1.0,3.0
784780093959053,0.0,0.0,2.0
786746683597077,1.0,3.0,4.0
787646067171313,1.0,1.0,4.0
788205253822282,2.0,2.0,4.0
788413190797804,1.0,1.0,4.0
788427536373053,4.0,3.0,4.0
788918543267409,3.0,2.0,4.0
789095773523166,1.0,1.0,4.0
789462103842479,2.0,1.0,4.0
790661223822953,2.0,1.0,4.0
791333399785537,0.0,1.0,4.0
791581389836610,0.0,1.0,3.0
792076536457329,1.0,2.0,4.0
792675929651328,4.0,3.0,4.0
7926890174102630,2.0,1.0,2.0
792713756492623,2.0,3.0,3.0
795067709946741,3.0,3.0,2.0
795521402768059,2.0,1.0,1.0
795825276185421,1.0,2.0,4.0
798816909562890,0.0,1.0,4.0
799503436485299,0.0,1.0,3.0
800317539204173,3.0,2.0,4.0
801291759060394,1.0,2.0,4.0
802535302427716,3.0,2.0,4.0
802951675253330,2.0,2.0,3.0
803510081959299,2.0,2.0,4.0
803920215452021,1.0,2.0,4.0
804828138497028,1.0,2.0,4.0
805023061753541,0.0,0.0,1.0
805200228457711,3.0,3.0,4.0
805951445041467,2.0,1.0,4.0
8091833894250950,2.0,2.0,4.0
810171201464405,4.0,2.0,4.0
810869580869706,3.0,3.0,3.0
8145370502232054,2.0,0.0,0.0
817027226843334,1.0,0.0,3.0
8179142632188382,2.0,4.0,4.0
818135831233463,4.0,3.0,3.0
821625837471466,3.0,1.0,2.0
821933796740655,3.0,2.0,3.0
822024653856170,0.0,1.0,4.0
822084626722536,3.0,3.0,4.0
824585309688867,3.0,3.0,4.0
825332459931206,4.0,2.0,4.0
8261729470596475,3.0,2.0,2.0
826341583837601,1.0,1.0,4.0
826757786241792,0.0,0.0,1.0
826871130362815,0.0,1.0,2.0
827011356444623,3.0,2.0,4.0
827350342732634,0.0,1.0,3.0
827939919463638,0.0,1.0,3.0
828267153553323,4.0,3.0,4.0
829108729341186,0.0,0.0,1.0
829295016099456,2.0,1.0,4.0
8295089030595838,4.0,3.0,4.0
832140329039189,2.0,3.0,1.0
832356659005945,2.0,3.0,4.0
834113462027693,0.0,1.0,4.0
834189592267599,4.0,1.0,4.0
835382515689503,3.0,2.0,2.0
8356335391133141,0.0,0.0,0.0
835672528671875,2.0,1.0,4.0
836008519201456,0.0,0.0,3.0
836718958419866,1.0,2.0,4.0
838009481556532,3.0,3.0,4.0
838438471416006,2.0,2.0,3.0
8388365957959416,0.0,0.0,3.0
840359041509293,0.0,0.0,2.0
841450311357356,3.0,2.0,4.0
842832121253359,2.0,2.0,4.0
8429840003783005,1.0,2.0,4.0
843198688668084,3.0,3.0,4.0
843290968640734,1.0,2.0,4.0
8458562550938526,3.0,4.0,4.0
846466878286733,4.0,3.0,4.0
847259393832005,2.0,2.0,3.0
847558751541121,1.0,2.0,4.0
848044647406173,0.0,1.0,4.0
848323130575055,0.0,0.0,2.0
848577560541275,2.0,3.0,4.0
848612453987413,1.0,0.0,1.0
848846180511882,1.0,1.0,4.0
849157107151746,0.0,1.0,4.0
8498632936858376,1.0,1.0,4.0
850406160360024,3.0,3.0,4.0
851491857035023,1.0,3.0,4.0
851631877048022,4.0,4.0,3.0
8517695961664896,1.0,1.0,3.0
852603290285791,0.0,1.0,4.0
8527840147274240,4.0,3.0,4.0
853079583322426,4.0,3.0,4.0
854036187502597,2.0,3.0,2.0
854293029912170,1.0,2.0,4.0
8544180472360847,1.0,3.0,4.0
854700756410365,4.0,3.0,3.0
856408929867822,0.0,0.0,1.0
857211846306837,1.0,3.0,1.0
857910149750502,1.0,0.0,2.0
8593068790797758,3.0,4.0,4.0
8614024685333945,0.0,1.0,4.0
861548213312195,1.0,2.0,4.0
861859500329718,1.0,3.0,4.0
861941400209791,1.0,1.0,1.0
862264216454796,2.0,2.0,3.0
864133932386018,2.0,1.0,4.0
8646731682112109,0.0,1.0,4.0
866315409015403,3.0,3.0,2.0
8665809770141250,2.0,3.0,2.0
867232092067752,0.0,0.0,3.0
867793558431648,4.0,1.0,3.0
868355666346373,2.0,2.0,4.0
868527245135569,3.0,3.0,4.0
8685466041539840,2.0,2.0,4.0
869062385202726,3.0,2.0,4.0
869378952074780,3.0,4.0,3.0
869921308461929,1.0,2.0,4.0
870235711573603,0.0,0.0,0.0
870686416110328,3.0,3.0,4.0
871191371882687,0.0,0.0,4.0
872031595983597,0.0,1.0,3.0
872712688278220,0.0,1.0,3.0
872900928251532,3.0,2.0,3.0
872982751343446,1.0,0.0,0.0
873749384924899,0.0,1.0,4.0
874735744634213,3.0,1.0,1.0
8747959215318194,3.0,3.0,2.0
8750420001660989,3.0,1.0,4.0
875321685637149,1.0,3.0,4.0
8754117641384322,2.0,2.0,4.0
875692301191517,0.0,0.0,2.0
875986191186750,0.0,0.0,3.0
876288457784696,0.0,1.0,4.0
876363891122073,4.0,4.0,4.0
877991544493043,1.0,3.0,3.0
878228048673656,0.0,0.0,3.0
8791849067565327,0.0,1.0,4.0
879282981026581,3.0,0.0,2.0
879589005224858,1.0,2.0,4.0
880539068377798,2.0,2.0,4.0
881341791159172,2.0,3.0,4.0
8815131021943253,1.0,4.0,3.0
881900324120115,0.0,0.0,2.0
881903434982396,1.0,1.0,4.0
882847390499437,1.0,3.0,4.0
8830759900385267,4.0,3.0,4.0
8834809209975063,1.0,2.0,4.0
883622340933557,0.0,1.0,3.0
8838108239570089,0.0,0.0,1.0
884449200561198,0.0,0.0,0.0
884684991188562,2.0,2.0,3.0
885265934448009,3.0,3.0,4.0
8856300767818884,1.0,3.0,4.0
887379404416106,1.0,3.0,4.0
8874129319296928,1.0,1.0,4.0
887627120021358,0.0,0.0,1.0
887668479949070,1.0,3.0,2.0
887849623459266,0.0,1.0,4.0
888759663173435,1.0,2.0,4.0
889437226633583,1.0,2.0,4.0
889591153087172,3.0,2.0,4.0
889646753151560,1.0,1.0,4.0
889808026400057,0.0,0.0,2.0
890001686553227,3.0,1.0,4.0
8903499009737324,0.0,1.0,3.0
890467666161594,1.0,2.0,3.0
890755912363693,2.0,1.0,4.0
8917507201693780,3.0,4.0,3.0
892116243032917,2.0,2.0,3.0
892472379690464,4.0,4.0,4.0
892476639627267,0.0,1.0,2.0
892611082938193,2.0,3.0,3.0
892917266339520,2.0,2.0,4.0
893121310259634,0.0,0.0,0.0
8939407952853923,3.0,2.0,4.0
8944016489042619,4.0,3.0,3.0
894547892888894,2.0,1.0,4.0
894883999685571,0.0,0.0,3.0
8952855941477467,0.0,1.0,3.0
895486739356537,2.0,3.0,4.0
895964709400086,2.0,2.0,4.0
896504969228896,1.0,2.0,4.0
8968273953225567,3.0,2.0,4.0
896921399243490,3.0,2.0,4.0
897014192511331,1.0,2.0,4.0
897571652441047,0.0,0.0,0.0
897657158928258,1.0,2.0,4.0
8980212418694167,3.0,1.0,1.0
8983101198454371,0.0,0.0,1.0
898490655296297,1.0,1.0,4.0
898605112163580,0.0,0.0,1.0
898655392578376,2.0,1.0,4.0
899726442859731,4.0,1.0,3.0
8998014366930279,0.0,1.0,4.0
899842852024543,3.0,3.0,4.0
8999727590122819,2.0,1.0,1.0
900402815610090,0.0,0.0,3.0
9004802399640581,0.0,0.0,2.0
9005491126225945,0.0,1.0,4.0
900593781806901,0.0,0.0,3.0
9008247519303416,1.0,0.0,2.0
901021995256482,0.0,0.0,2.0
901272005465789,0.0,0.0,1.0
902143465124901,3.0,3.0,2.0
902296555405277,1.0,1.0,4.0
902315102049684,1.0,2.0,4.0
9025374897569701,2.0,2.0,3.0
902613606188610,0.0,1.0,4.0
9034576859961743,1.0,2.0,2.0
903988245191856,0.0,1.0,4.0
904590028423123,2.0,1.0,4.0
9047592588695695,1.0,1.0,4.0
905204374801722,2.0,3.0,4.0
9055276384566724,2.0,3.0,4.0
905563851669849,2.0,3.0,3.0
9060383254008888,2.0,1.0,4.0
906121081593345,2.0,0.0,1.0
9064805290304498,2.0,2.0,4.0
9065192426894679,0.0,0.0,1.0
9067386160009432,0.0,2.0,2.0
906987914929795,0.0,1.0,4.0
9073721229344168,3.0,3.0,3.0
907456971097058,4.0,3.0,4.0
9076445932434346,0.0,1.0,3.0
907737461531524,1.0,3.0,2.0
9088487047909057,2.0,2.0,4.0
909029031370946,3.0,2.0,4.0
9094544347328343,0.0,1.0,3.0
9097070277054119,0.0,1.0,3.0
909765327297296,1.0,1.0,4.0
910111437963088,2.0,2.0,4.0
9103265666421903,0.0,1.0,3.0
910355361284327,3.0,2.0,3.0
9108643249229531,0.0,0.0,3.0
911083933818639,1.0,0.0,3.0
911115437538670,0.0,1.0,4.0
9114470175295400,0.0,1.0,2.0
912658151024862,2.0,3.0,4.0
912698694775418,1.0,1.0,4.0
912902757216883,1.0,2.0,4.0
912912760936284,3.0,1.0,3.0
9130257083755337,0.0,1.0,3.0
913088213652909,4.0,2.0,4.0
9131043483676125,3.0,3.0,2.0
913124190491063,4.0,4.0,4.0
913167700637693,1.0,2.0,4.0
913450380621601,0.0,0.0,1.0
913475451788936,0.0,1.0,3.0
913594827644117,0.0,0.0,4.0
913672684312408,0.0,1.0,2.0
9137666399657561,1.0,1.0,3.0
914090247022127,4.0,3.0,3.0
914314723366904,4.0,1.0,1.0
915199287305033,2.0,1.0,4.0
915275663430279,0.0,0.0,2.0
915320980244423,2.0,1.0,3.0
915648850782816,2.0,2.0,4.0
915724131611064,0.0,0.0,3.0
915832197394152,1.0,2.0,4.0
916628800456677,0.0,0.0,3.0
916653427118328,0.0,1.0,4.0
9170896586283346,0.0,1.0,3.0
917136051398825,1.0,2.0,4.0
9173989329311645,2.0,1.0,4.0
918158767027646,3.0,1.0,4.0
918371636946975,2.0,3.0,4.0
918409707051993,0.0,0.0,1.0
918614553293789,3.0,3.0,4.0
918678187059366,1.0,1.0,3.0
918679843696461,3.0,3.0,4.0
918890750450513,2.0,1.0,1.0
918908833163271,3.0,2.0,4.0
918961343751998,0.0,1.0,3.0
918967117016330,1.0,4.0,3.0
919220020422844,2.0,3.0,4.0
919825066985300,3.0,3.0,4.0
919931229719307,1.0,2.0,4.0
920113750659303,1.0,1.0,4.0
920306709889225,3.0,3.0,3.0
920381006909236,3.0,1.0,4.0
920528516948610,0.0,0.0,2.0
920720376923115,2.0,2.0,4.0
920891379835736,0.0,1.0,4.0
920971133525015,3.0,3.0,3.0
921124793559096,3.0,2.0,4.0
921312859668441,2.0,3.0,3.0
921735546673834,0.0,1.0,3.0
921941223209052,2.0,2.0,4.0
922066396544821,0.0,1.0,3.0
922414983226092,2.0,1.0,4.0
9225995097462903,3.0,2.0,4.0
922668983399893,0.0,1.0,4.0
923085586427756,2.0,1.0,4.0
9232179190173539,1.0,2.0,4.0
923222706594315,0.0,0.0,2.0
923270146061347,0.0,3.0,2.0
923353393320928,0.0,1.0,3.0
923769389957775,4.0,3.0,3.0
923839166628160,1.0,4.0,4.0
924100343181783,2.0,2.0,4.0
924270742817768,0.0,1.0,3.0
924271636484819,0.0,0.0,4.0
9244171085614368,0.0,1.0,4.0
924622009212136,4.0,4.0,4.0
9258205027570190,2.0,1.0,3.0
925826566149471,3.0,3.0,4.0
925905752946211,3.0,2.0,4.0
926265918957212,3.0,3.0,4.0
926353689663332,0.0,1.0,1.0
926437556285879,1.0,2.0,4.0
9266720850081582,1.0,2.0,4.0
927058139357131,1.0,2.0,4.0
927344826152811,0.0,1.0,4.0
927619040412042,0.0,1.0,4.0
927742912885174,3.0,2.0,4.0
927938095742076,1.0,2.0,4.0
928096476147289,2.0,1.0,4.0
928163632119708,3.0,2.0,3.0
928300469414178,2.0,4.0,4.0
9283473735101822,2.0,1.0,3.0
928368726957872,2.0,2.0,4.0
928414085380903,3.0,2.0,4.0
928516692523767,1.0,1.0,3.0
928782918663674,0.0,1.0,4.0
9288808537820386,0.0,0.0,1.0
9290617660999176,3.0,3.0,4.0
929225392494705,1.0,2.0,3.0
9292622500788338,1.0,2.0,4.0
929301855958908,0.0,0.0,2.0
929668959099537,1.0,0.0,3.0
929674945312489,4.0,3.0,4.0
929816695979702,4.0,1.0,4.0
930163652243957,0.0,0.0,1.0
930176669312059,0.0,0.0,2.0
930210122376753,0.0,0.0,0.0
930274725753867,0.0,0.0,2.0
9303249296385311,2.0,2.0,4.0
930361845850390,0.0,1.0,4.0
930508375207294,3.0,1.0,3.0
930781388983677,3.0,2.0,3.0
931310028977414,1.0,2.0,3.0
9313316882046400,4.0,2.0,4.0
931441249173860,3.0,2.0,4.0
931938552412285,2.0,3.0,4.0
932123682370316,0.0,0.0,4.0
932314085667231,3.0,2.0,4.0
932364452425682,0.0,1.0,2.0
932687388287098,0.0,0.0,1.0
933005198968579,0.0,0.0,1.0
933169514882637,2.0,3.0,4.0
933235902083818,2.0,4.0,3.0
933380451728405,4.0,4.0,3.0
933625268953785,0.0,2.0,4.0
933741134822118,4.0,4.0,4.0
933779658944446,3.0,2.0,4.0
933822265549352,3.0,3.0,4.0
933911692162724,0.0,0.0,4.0
934050248660136,1.0,2.0,4.0
934123619738363,0.0,0.0,2.0
934191628046300,1.0,2.0,4.0
934798318531314,2.0,0.0,1.0
934975322125057,2.0,1.0,3.0
935053544636839,0.0,1.0,3.0
935154268085687,3.0,4.0,4.0
935788515278384,0.0,1.0,3.0
936318211160747,0.0,1.0,4.0
936637641925537,3.0,1.0,2.0
9366470793437041,0.0,1.0,3.0
937056815251637,0.0,0.0,2.0
937142285142862,4.0,1.0,3.0
9372357202803762,1.0,1.0,4.0
937238998541582,0.0,1.0,4.0
937292885177239,0.0,1.0,3.0
937873575142253,0.0,2.0,4.0
938036951787011,2.0,1.0,2.0
938126485076938,1.0,2.0,3.0
938216031377983,2.0,3.0,4.0
938586351518848,0.0,1.0,4.0
9387199191334141,3.0,1.0,1.0
938870811702590,0.0,0.0,3.0
938892751639408,3.0,2.0,1.0
9394014567317341,2.0,2.0,4.0
939444218069995,0.0,0.0,0.0
939731030838136,4.0,3.0,2.0
939874238279662,0.0,1.0,4.0
939898154876122,2.0,2.0,4.0
940299448234741,1.0,3.0,4.0
9405654456152333,0.0,1.0,4.0
9408484799237094,4.0,3.0,4.0
940957347906174,2.0,2.0,4.0
941101031489902,0.0,1.0,3.0
941261691318495,0.0,0.0,1.0
941371211467084,0.0,0.0,1.0
9415499608489876,3.0,3.0,4.0
941584671425855,0.0,0.0,3.0
941762594510828,4.0,3.0,3.0
941877281422258,2.0,0.0,1.0
941895102237536,1.0,2.0,4.0
941998208892822,2.0,1.0,4.0
942317801089644,0.0,0.0,4.0
942806181333797,0.0,1.0,3.0
943038607941113,3.0,2.0,4.0
9431769756881897,3.0,3.0,4.0
943324881109202,3.0,3.0,3.0
943504534328454,0.0,1.0,3.0
943907857871848,0.0,0.0,0.0
9440161989327864,2.0,3.0,4.0
944192077474860,4.0,2.0,4.0
944682647394107,0.0,1.0,3.0
944709600882481,3.0,3.0,4.0
944714667789429,0.0,0.0,1.0
945355167719877,1.0,3.0,4.0
945466170785106,0.0,3.0,4.0
945754470955579,2.0,2.0,3.0
946231661853380,2.0,1.0,1.0
946267723890027,1.0,1.0,4.0
946283730400848,0.0,1.0,4.0
946374518414273,1.0,0.0,3.0
9464008133663976,4.0,2.0,3.0
946849290495675,0.0,0.0,1.0
946853370418614,3.0,3.0,4.0
946861147289697,0.0,1.0,3.0
947001793813591,3.0,4.0,3.0
947219983975581,0.0,1.0,3.0
947246200701786,3.0,1.0,2.0
947428487366759,2.0,2.0,4.0
947461981639966,0.0,0.0,0.0
947538870601602,0.0,1.0,3.0
9476122505785538,3.0,3.0,4.0
947888484102797,3.0,1.0,4.0
948080380312543,0.0,1.0,3.0
948159190372875,0.0,0.0,1.0
948538023612354,0.0,1.0,1.0
949255440202079,0.0,0.0,2.0
949456197280165,2.0,1.0,3.0
949483610492267,0.0,0.0,2.0
950058169361694,0.0,1.0,4.0
950076430433239,4.0,3.0,4.0
950579311335450,1.0,2.0,4.0
950582076924895,3.0,2.0,3.0
950714867179501,2.0,1.0,4.0
950736106702937,3.0,2.0,2.0
950744650531593,1.0,2.0,4.0
950786697163614,1.0,2.0,1.0
951184693632090,1.0,0.0,2.0
951278201274028,0.0,1.0,4.0
951595777114605,4.0,3.0,4.0
951713033603687,3.0,2.0,4.0
952500179860159,0.0,1.0,3.0
952825333701386,3.0,2.0,2.0
952923469774797,2.0,0.0,1.0
952935436804920,2.0,1.0,4.0
953075444450954,0.0,1.0,4.0
953981283012547,3.0,2.0,3.0
954766405887714,2.0,3.0,4.0
954839269648726,2.0,2.0,4.0
955004743397723,0.0,0.0,1.0
955614344189032,0.0,0.0,0.0
955832893783112,2.0,2.0,4.0
956145182782340,2.0,0.0,3.0
956226376353395,3.0,3.0,4.0
956339233054399,4.0,3.0,3.0
956411482761583,0.0,0.0,2.0
956441716068833,4.0,4.0,4.0
956459270803921,3.0,2.0,4.0
956645546515058,4.0,4.0,4.0
956765954127237,0.0,1.0,4.0
957874365917277,1.0,2.0,4.0
958124715892608,3.0,3.0,4.0
958594556230217,4.0,3.0,4.0
958685859797658,1.0,2.0,4.0
959604232902091,3.0,2.0,4.0
959632716092761,0.0,0.0,2.0
9598095576893314,0.0,1.0,3.0
959961015732078,2.0,3.0,4.0
959977296084663,3.0,3.0,4.0
9601224049898588,2.0,2.0,4.0
960399305675402,0.0,0.0,4.0
960480162718522,0.0,1.0,4.0
960620502234230,0.0,0.0,1.0
960730376245805,3.0,2.0,4.0
960755249346351,3.0,2.0,4.0
961167385370620,4.0,4.0,4.0
961695723586392,1.0,2.0,4.0
961777525490170,1.0,3.0,4.0
9624047200952909,0.0,0.0,3.0
962430872487545,0.0,1.0,3.0
962485069150922,2.0,3.0,4.0
962522802499236,1.0,0.0,0.0
962684919162004,2.0,2.0,4.0
962859182207994,3.0,3.0,4.0
962864519123005,0.0,0.0,0.0
963033829098130,1.0,3.0,4.0
963081928677045,4.0,2.0,4.0
963178625345985,0.0,0.0,1.0
963773315609314,4.0,2.0,4.0
963920699000115,0.0,1.0,4.0
964011325155229,2.0,1.0,3.0
9640548002662606,1.0,3.0,4.0
964739745120503,0.0,0.0,1.0
964830635615021,3.0,2.0,3.0
964847671778996,4.0,3.0,3.0
964937362349500,0.0,0.0,3.0
964962018917262,0.0,1.0,3.0
965363142260445,0.0,1.0,3.0
965404731799799,0.0,1.0,4.0
965467245110169,2.0,4.0,4.0
965474285528611,0.0,0.0,1.0
965513651816359,0.0,1.0,3.0
965573578326643,1.0,2.0,4.0
965847915037986,0.0,2.0,4.0
966005778801879,2.0,1.0,1.0
966033825589149,1.0,2.0,4.0
966068541695847,3.0,3.0,4.0
966496398248987,3.0,2.0,4.0
966678818265906,3.0,1.0,4.0
966687362226328,2.0,2.0,4.0
966908741558783,0.0,2.0,4.0
967151299724765,1.0,1.0,2.0
967314795360957,1.0,2.0,4.0
967400471565777,1.0,2.0,4.0
967658906295652,2.0,0.0,1.0
967996241434757,0.0,0.0,1.0
968057634769764,1.0,0.0,3.0
968358885299403,3.0,2.0,3.0
968702844661638,0.0,1.0,3.0
968848655185049,0.0,0.0,2.0
969109092825579,1.0,1.0,4.0
969238675161752,4.0,2.0,4.0
969251371292162,1.0,0.0,2.0
969517964550278,0.0,1.0,3.0
969593141891373,2.0,3.0,4.0
969980348429765,3.0,3.0,4.0
970358864550319,0.0,1.0,3.0
970446565127513,2.0,3.0,4.0
971073831049861,3.0,3.0,4.0
971143702675139,2.0,1.0,2.0
971275821732948,1.0,3.0,4.0
971476811015897,1.0,2.0,2.0
971524815081454,0.0,1.0,4.0
971547569305787,3.0,2.0,4.0
971788564934059,2.0,3.0,4.0
971824720950059,1.0,3.0,4.0
971853418275144,0.0,0.0,1.0
971876277695852,3.0,2.0,4.0
972125354352940,3.0,2.0,3.0
972291078143958,3.0,2.0,4.0
972351914792895,1.0,2.0,4.0
972853951447234,3.0,3.0,1.0
972947638259888,1.0,1.0,4.0
973060450847265,3.0,3.0,1.0
973064850823591,1.0,1.0,2.0
973067947492438,1.0,1.0,4.0
973148284757437,4.0,1.0,2.0
973228711436163,3.0,3.0,3.0
973253437610783,0.0,2.0,3.0
973270760871538,3.0,4.0,4.0
973657055665467,3.0,2.0,4.0
973830850831429,0.0,0.0,1.0
974383424552947,3.0,3.0,4.0
974500307344293,3.0,3.0,4.0
975092294541669,3.0,1.0,3.0
975277530959323,0.0,1.0,4.0
9759469147399556,0.0,0.0,2.0
975972054417109,1.0,2.0,3.0
976114047766010,3.0,3.0,4.0
976238334376655,1.0,3.0,3.0
976379730938531,0.0,1.0,3.0
976978757636040,4.0,2.0,4.0
977103624526802,3.0,2.0,4.0
977113280978029,0.0,0.0,0.0
977262944287748,3.0,0.0,1.0
977546760955234,0.0,2.0,3.0
978001260479854,2.0,1.0,2.0
978050490413988,2.0,3.0,3.0
978255861933166,3.0,2.0,4.0
979307990736090,0.0,1.0,3.0
9795454683816730,3.0,1.0,4.0
979583074043076,0.0,0.0,3.0
979593360243207,0.0,1.0,4.0
979734454091306,3.0,3.0,4.0
980149450453575,1.0,2.0,4.0
980757587266208,1.0,2.0,4.0
980824964756129,0.0,1.0,3.0
980969084172996,4.0,3.0,4.0
981017559826674,0.0,0.0,2.0
981168101589261,1.0,0.0,3.0
981698944856397,4.0,2.0,4.0
981706453795059,0.0,1.0,3.0
981815310489449,3.0,2.0,4.0
981885247163115,3.0,1.0,4.0
981957420464904,2.0,1.0,3.0
982408207114343,2.0,2.0,4.0
982592893786834,2.0,1.0,2.0
982703727117294,3.0,3.0,4.0
983193860326344,0.0,0.0,1.0
983629686503515,2.0,3.0,4.0
984027510262897,0.0,0.0,1.0
984457763014931,3.0,1.0,4.0
984551146921794,1.0,2.0,4.0
984639090198220,4.0,3.0,4.0
985321356773572,1.0,2.0,3.0
985461616768155,1.0,2.0,4.0
985868916728982,1.0,1.0,3.0
985871660069316,1.0,3.0,4.0
985875810101029,0.0,2.0,4.0
986576306633702,0.0,0.0,1.0
987032643360803,3.0,1.0,2.0
987326573290137,3.0,2.0,1.0
987513976768956,0.0,0.0,0.0
987604676560115,0.0,1.0,3.0
987678199900892,4.0,3.0,4.0
987901330991588,3.0,4.0,4.0
988752763353540,1.0,2.0,4.0
989156529749634,0.0,1.0,4.0
989509069907042,0.0,0.0,2.0
989576407220517,2.0,1.0,4.0
989602613051794,0.0,0.0,2.0
989701979725469,0.0,0.0,0.0
990544830666031,0.0,1.0,3.0
990857717343954,3.0,1.0,1.0
991608080304291,3.0,3.0,2.0
991748452773143,3.0,0.0,1.0
9929609207053388,3.0,2.0,4.0
993274076193368,1.0,2.0,4.0
993552297014233,0.0,1.0,3.0
993782272629966,4.0,3.0,4.0
994034856727801,2.0,2.0,3.0
994247570097633,0.0,1.0,4.0
995070543310706,0.0,1.0,4.0
995431013272872,0.0,1.0,3.0
995568899054070,2.0,1.0,4.0
995583120022126,2.0,3.0,4.0
9957261067642073,2.0,1.0,4.0
995833333230112,2.0,3.0,4.0
996053905897322,2.0,2.0,3.0
996139112538514,0.0,1.0,4.0
996796479833468,1.0,1.0,3.0
997267369741268,0.0,1.0,3.0
997352393352376,0.0,0.0,0.0
997377488932776,3.0,1.0,3.0
997439105607985,2.0,0.0,3.0
998071782168740,2.0,3.0,3.0
998120428874631,2.0,3.0,4.0
998915145590853,0.0,0.0,2.0
999178736281309,3.0,3.0,4.0
999226536350311,0.0,1.0,3.0
999533695541281,4.0,4.0,4.0
999733152043771,1.0,1.0,4.0
999880901958810,0.0,1.0,4.0
999884122910073,1.0,0.0,2.0
