text_id,climate_change_mean,climate_justice_mean
1000164198627088,2.0,0.0
1000346171937094,1.0,0.0
1000583702759923,1.0,4.0
1001643848486680,0.0,0.0
1001705045323585,1.0,0.0
1001824741861214,1.0,1.0
1001838399500594,2.0,1.0
1001958669267150,0.0,0.0
1001964292638135,2.0,4.0
1001998559413129,1.0,1.0
1002106815304511,1.0,4.0
10024034384279433,1.0,4.0
1002420095757554,1.0,4.0
1003282811849059,1.0,1.0
1003427188273125,1.0,4.0
1004493329113599,0.0,0.0
1004503131723055,2.0,1.0
1004872268818270,1.0,4.0
1006673771315119,1.0,2.0
1006727588134283,1.0,4.0
1006763272214551,0.0,0.0
1007210714765141,3.0,3.0
1007218487913616,0.0,0.0
1007219007932070,1.0,1.0
1007929348522952,1.0,1.0
1008004515479192,1.0,1.0
1008271025276666,0.0,0.0
1008539064456620,0.0,0.0
1008577097779450,0.0,0.0
1008836888619570,1.0,3.0
1008855778422319,1.0,3.0
1009056464381002,2.0,1.0
1009525087604267,3.0,3.0
1009982708534341,2.0,3.0
1010003300974375,1.0,1.0
1010252678428359,0.0,0.0
1010837385170590,1.0,1.0
1011221234150056,1.0,0.0
1011555834334473,1.0,4.0
1011749677476323,0.0,0.0
1012056218470509,1.0,4.0
1012124657398068,0.0,0.0
1012258040731204,2.0,3.0
1012370898468308,0.0,0.0
1012788538005656,1.0,1.0
1013082378359167,1.0,1.0
1013084097184620,1.0,1.0
1013422964155357,0.0,0.0
1013452621084909,3.0,2.0
1013492410600438,0.0,0.0
1014239864822778,0.0,0.0
1014458554814026,0.0,0.0
1014943717961464,0.0,0.0
1015003297121861,1.0,1.0
1015009384469536,1.0,1.0
1015726921046664,1.0,0.0
1017304230233700,2.0,2.0
1017416917705634,1.0,3.0
1017658580313598,1.0,1.0
1017790303504489,3.0,1.0
1017901496839436,2.0,4.0
1018206630575693,0.0,0.0
1018355370126573,2.0,1.0
1018416317613877,1.0,4.0
1018542310157541,0.0,0.0
1019194163811722,1.0,4.0
1019297610746671,2.0,1.0
1019390960492694,3.0,1.0
1019994400674907,0.0,0.0
1020256376513898,1.0,4.0
1020792327579383,0.0,1.0
1021415510004833,2.0,3.0
1021535170272890,1.0,1.0
1021545427241724,0.0,0.0
1021578920255086,1.0,1.0
1021676186908315,2.0,4.0
1021922473665852,0.0,4.0
1023172036834829,1.0,1.0
1023177319840343,2.0,1.0
1023300567357151,0.0,0.0
1023955567125173,2.0,2.0
1024275190195657,1.0,3.0
1025094692991527,1.0,0.0
1025189083429263,1.0,1.0
1025206482709324,2.0,3.0
1025298466899089,1.0,1.0
1025680923538777,1.0,4.0
1026202095931693,0.0,0.0
1026297133090248,1.0,2.0
1026761026158467,0.0,0.0
1027041113196473,0.0,0.0
1027159272554787,0.0,0.0
1027988196035838,0.0,0.0
1028434565774374,1.0,0.0
1028865896320326,0.0,1.0
1029325189240023,0.0,0.0
1030500096502702,1.0,3.0
1030562742238712,1.0,1.0
1030871629491993,1.0,1.0
1030901635511497,1.0,4.0
1031612045653790,0.0,0.0
1031678045650720,0.0,1.0
1031996549766395,0.0,0.0
1032363079329054,0.0,0.0
1032454092921189,1.0,3.0
1032456171900295,1.0,1.0
1034558675100354,1.0,2.0
1034830685348819,0.0,0.0
1034848342244274,0.0,0.0
1035565454989079,1.0,3.0
1035619464998029,3.0,1.0
1035743249398116,1.0,3.0
1035851095513631,0.0,0.0
1035910789016875,0.0,0.0
1036451052270601,0.0,0.0
1036774995146036,2.0,1.0
1036780938494383,0.0,0.0
1037131452184619,1.0,4.0
1037149322536109,0.0,0.0
1037457125603746,1.0,0.0
1037552435821024,2.0,1.0
1038786198263383,0.0,0.0
1038893048003277,2.0,1.0
1039156122237546,2.0,4.0
1039424954869591,1.0,0.0
1039631264873053,2.0,4.0
1040033534557963,2.0,0.0
1040390671836187,0.0,0.0
1040432701838788,0.0,0.0
1040922731923882,1.0,4.0
1041045991609949,1.0,3.0
1041171231685644,0.0,0.0
1041442765461611,0.0,0.0
1041605601745973,1.0,2.0
1042129875011324,1.0,0.0
1043097647170508,1.0,3.0
1043577645236692,0.0,1.0
1043652704148632,2.0,1.0
1043680444933129,0.0,0.0
1044729717424759,4.0,1.0
1045150626544318,2.0,2.0
1045293344826007,1.0,1.0
1045575111534265,2.0,0.0
1046012851124393,0.0,0.0
1046270141615665,0.0,0.0
1046591401149712,1.0,3.0
1046849940818421,0.0,0.0
1047060954457939,0.0,0.0
1047061054919364,3.0,1.0
1047095021461628,0.0,0.0
1047446551611297,2.0,3.0
1047575664274773,0.0,0.0
1047661323716547,2.0,3.0
1047908584804946,1.0,4.0
1048191190966093,0.0,0.0
1048455510374230,2.0,1.0
1048914994472274,1.0,4.0
1049192954698677,1.0,1.0
1049298264436388,1.0,3.0
1049516717412905,1.0,1.0
1049599059461670,2.0,3.0
1049755847514134,0.0,0.0
1051012744011353,1.0,0.0
1051166481136356,1.0,4.0
1051831714190280,0.0,0.0
1053315840704426,0.0,2.0
1053642330656369,2.0,3.0
1053700583675956,2.0,3.0
1053984950914220,0.0,0.0
1057425409734305,1.0,0.0
1057723390457220,0.0,1.0
1057776522820755,1.0,1.0
1058109763618164,1.0,3.0
1059544682852407,2.0,1.0
1059670796176539,1.0,4.0
1060115853342096,3.0,3.0
1060197759683088,0.0,0.0
1060304152532214,4.0,2.0
1061079092454358,0.0,0.0
1061108042487598,1.0,0.0
1061117608654910,2.0,4.0
1061415150152448,1.0,1.0
1062223979495314,2.0,0.0
1062310763386736,1.0,2.0
1062544022312561,2.0,1.0
1063016766477346,1.0,0.0
1063546775516076,1.0,3.0
1063694509657135,1.0,2.0
1063731958020167,2.0,3.0
1064202722794987,3.0,0.0
1064587625433616,0.0,0.0
1065322432907653,2.0,3.0
1065590719196919,1.0,4.0
1065917971981548,2.0,0.0
1066089269640528,1.0,2.0
1066230571974055,0.0,0.0
1066427485171745,1.0,1.0
1067543085765716,0.0,0.0
1068275958402800,0.0,0.0
1068702505657605,1.0,3.0
1068860116076585,0.0,0.0
1069086952303538,1.0,1.0
1069414314895222,3.0,0.0
1069520238749885,1.0,1.0
1069607418856417,1.0,2.0
1069815088948299,2.0,1.0
1070457818099698,2.0,1.0
1071064948556517,1.0,4.0
1071213912153437,1.0,1.0
1071360968077004,2.0,2.0
1071449957794830,2.0,1.0
1073287515073018,1.0,0.0
1074314061040685,0.0,0.0
1074604127804075,1.0,1.0
1075582450977167,2.0,1.0
1075790187003539,0.0,0.0
1077313177043417,1.0,3.0
1077582551352850,1.0,0.0
1079031603705552,2.0,3.0
1079449391018674,1.0,4.0
1079731413937708,1.0,2.0
1080162767217655,2.0,1.0
1080497656882841,1.0,2.0
1080701111384998,2.0,4.0
1080869984296373,2.0,0.0
1080927393126491,0.0,3.0
1081629710642195,0.0,0.0
1081862319689796,2.0,3.0
1082493673670486,0.0,0.0
1082511406984003,0.0,0.0
1082677806994253,1.0,1.0
1082691327560420,2.0,1.0
1083764029601719,3.0,3.0
1083794920105355,3.0,1.0
1083907476761552,0.0,1.0
1084752399797314,1.0,2.0
1085074127810260,1.0,1.0
1085303306423209,0.0,0.0
1085343339469734,0.0,0.0
1085784989902664,0.0,0.0
1086276183839384,1.0,4.0
1086417723259291,0.0,0.0
1087078743662381,1.0,1.0
1087229019046017,1.0,0.0
1087444226406189,2.0,4.0
1087856537092968,1.0,1.0
1087860509693015,1.0,3.0
1088068119478007,1.0,2.0
1088767682969099,1.0,3.0
1088780252468208,0.0,0.0
1088859532687313,2.0,1.0
1088863178921274,1.0,1.0
1088887697038444,0.0,0.0
1088944663580758,2.0,1.0
1089122566090132,0.0,0.0
1089607840420451,1.0,4.0
1089867686226181,0.0,0.0
1089913502935428,1.0,4.0
1090086138888088,0.0,0.0
1090513839393778,0.0,0.0
1090797258936849,2.0,2.0
1090866280264783,0.0,0.0
1090902730052660,1.0,1.0
1091065676342110,1.0,0.0
1092214049036162,0.0,0.0
1092341442641228,2.0,4.0
1092590829335100,1.0,2.0
1093062669220887,0.0,0.0
1093980203013513,0.0,0.0
1094520431816708,2.0,1.0
1094532305546979,3.0,1.0
1094645032102229,0.0,0.0
1094839768718770,1.0,1.0
1094965248852462,1.0,1.0
1095124068395408,1.0,1.0
1095186859287302,2.0,2.0
1096199351949634,3.0,2.0
1096573235048513,1.0,4.0
1096722516120605,1.0,1.0
1096849961884093,1.0,1.0
1097429858849963,1.0,2.0
1097627725236462,1.0,2.0
1097757658611006,2.0,3.0
1097877112329724,1.0,4.0
1097955542014207,1.0,1.0
1098449118679029,3.0,3.0
1098650788454863,1.0,3.0
1099543338622999,1.0,0.0
1099564728324798,1.0,3.0
1099976329264893,1.0,3.0
1100515208481790,3.0,2.0
1100678288466452,2.0,4.0
1100882954811810,0.0,0.0
1100883008344767,1.0,3.0
1101356455100730,2.0,1.0
1101604428209522,0.0,0.0
1102056541012567,2.0,0.0
1102078804756730,1.0,2.0
1102300311575772,2.0,1.0
1102413048766826,0.0,4.0
1102472721559726,2.0,3.0
1103189497983619,3.0,3.0
1103470104513057,3.0,1.0
1103696994604262,1.0,2.0
1103997415620093,0.0,0.0
1104179334447655,2.0,1.0
1104726821007291,2.0,0.0
1104742400523953,1.0,3.0
1105115374523422,1.0,1.0
1105139481397803,1.0,1.0
1105281010998106,1.0,1.0
1105367901284398,2.0,1.0
1105377081337626,0.0,0.0
1105510333908975,0.0,0.0
1105582221143666,1.0,4.0
1105849271555367,1.0,1.0
1106412743874861,1.0,1.0
1106473017217751,2.0,3.0
1106563191011420,0.0,0.0
1106596740992771,0.0,0.0
1106945287885538,1.0,3.0
1107094020941287,0.0,0.0
1107097461009092,1.0,3.0
1107201494484147,1.0,3.0
1107373694435774,2.0,0.0
1108193005121014,0.0,0.0
1108831270708769,1.0,1.0
1109007447272549,1.0,1.0
1109390873989089,0.0,0.0
1109650084179435,2.0,1.0
1109980227284251,3.0,1.0
1110004620800260,0.0,1.0
1110219197467528,0.0,0.0
1110380718009696,3.0,2.0
1110507631310855,1.0,1.0
1110517340692495,2.0,1.0
1110639777120315,2.0,3.0
1111118580364887,1.0,0.0
1111120993924775,1.0,1.0
1112127563124094,4.0,0.0
1112390856767024,2.0,1.0
1112597998003262,2.0,1.0
1112876861019313,1.0,0.0
1112948240414215,3.0,2.0
1113195374365075,0.0,0.0
1113451623610877,3.0,4.0
1114348719675022,1.0,1.0
1114361183525768,0.0,0.0
1114504550160230,0.0,0.0
1114892510048116,1.0,0.0
1114913189953726,1.0,4.0
1115803110289947,1.0,3.0
1115888616528752,0.0,0.0
1116197266528857,2.0,3.0
1116627443379275,1.0,4.0
1116906546430593,1.0,0.0
1117612006757774,2.0,3.0
1117631893287384,1.0,4.0
1117656599822007,2.0,1.0
1118186226442029,1.0,1.0
1118231572958413,0.0,0.0
1118539566638090,0.0,0.0
1118557269759253,0.0,0.0
1119030159488722,2.0,2.0
1119291902651222,2.0,1.0
1119317776167368,2.0,4.0
1119338906184572,0.0,0.0
1119586585749497,1.0,3.0
1119702199625097,1.0,2.0
1120317942744647,1.0,1.0
1120539132928889,1.0,1.0
1120697366343916,1.0,1.0
1120724459553789,0.0,0.0
1120904542701146,2.0,0.0
1120924859827946,1.0,3.0
1121038515967836,0.0,0.0
1121712089436205,0.0,0.0
1121829279690109,0.0,1.0
1122193232551059,3.0,4.0
1122254885859304,1.0,1.0
1122407016106964,1.0,4.0
1122422679576230,1.0,3.0
1122535232447874,2.0,1.0
1122628035728699,1.0,4.0
1122711315756371,0.0,0.0
1122940318686300,1.0,2.0
1122942332951015,1.0,2.0
1123379499503686,0.0,0.0
1123388362782759,2.0,1.0
1123520196176795,2.0,1.0
1123632219870745,0.0,0.0
1123704335900007,0.0,0.0
1123827252289271,2.0,0.0
1123833272306528,1.0,1.0
1124158175766269,2.0,1.0
1124190728718289,3.0,3.0
1124217436041058,1.0,1.0
1124262725575682,0.0,0.0
1124475892206103,0.0,1.0
1125227039075577,1.0,0.0
1125669819042012,3.0,1.0
1125730452548930,1.0,4.0
1125977088830540,3.0,1.0
1126446038691712,0.0,0.0
1126559029090192,0.0,0.0
1126867758974802,1.0,1.0
1126999908904696,1.0,3.0
1127097019162409,1.0,1.0
1127204155369035,1.0,4.0
1127234309374735,0.0,0.0
1127414629165508,1.0,1.0
1127478965543348,0.0,0.0
1127544192364716,2.0,3.0
1127985662163196,1.0,3.0
1128051945700958,1.0,2.0
1128109195393503,2.0,1.0
1128368185117813,1.0,4.0
1128527988998722,0.0,0.0
1128953431964646,0.0,0.0
1128987114975846,1.0,4.0
1129004238493735,2.0,3.0
1129251952183065,2.0,3.0
1129328685649668,0.0,0.0
1129373065059506,0.0,0.0
1129399428655909,0.0,1.0
1129489515090325,0.0,0.0
1129721808296574,0.0,0.0
1129768221897574,1.0,3.0
1129880068691719,1.0,0.0
1130119396342417,1.0,2.0
1130127171555898,0.0,0.0
1130196258497750,3.0,2.0
1130623625144681,1.0,2.0
1130689735163961,0.0,0.0
1130896785190840,1.0,4.0
1131030862147224,0.0,0.0
1131251341827094,1.0,1.0
1131292644860996,2.0,0.0
1131307355156502,0.0,0.0
1131394548778072,1.0,1.0
1132049498021939,0.0,0.0
1132106601344622,2.0,2.0
1132240035125175,1.0,2.0
1132363898565259,1.0,3.0
1132472591645347,3.0,1.0
1132543958658523,1.0,1.0
1132601994734297,2.0,0.0
1132709174708606,1.0,2.0
1132713511827830,1.0,2.0
1132918987944027,0.0,0.0
1132979781461802,0.0,0.0
1133239207851127,1.0,3.0
1133661888102191,3.0,0.0
1133845554900926,2.0,1.0
1134405998159738,1.0,1.0
1134436504755060,1.0,3.0
1134658984835680,1.0,1.0
1135311581572675,0.0,0.0
1135420918142658,0.0,0.0
1135432314950335,1.0,0.0
1136013611507927,1.0,3.0
1136538301308081,2.0,1.0
1136777844651021,1.0,3.0
1136784474474330,1.0,4.0
1136857761240979,1.0,1.0
1137437644839772,1.0,0.0
1137438724201785,2.0,0.0
1137550961252839,2.0,1.0
1137613521908934,0.0,0.0
1137795760903645,1.0,4.0
1137971414453354,3.0,0.0
1138098187632099,1.0,3.0
1138316887685783,2.0,1.0
1138561157910979,0.0,0.0
1138673650997772,0.0,0.0
1138759677904405,0.0,0.0
1138883321083159,1.0,2.0
1138947384545856,0.0,0.0
1139111724892111,3.0,1.0
1139185894541508,0.0,0.0
1139317830698531,0.0,4.0
1139405321746766,1.0,2.0
1139497823863554,1.0,2.0
1139906064511067,1.0,1.0
1140150737529927,0.0,0.0
1140218893696642,0.0,0.0
1140400584415117,1.0,2.0
1140836627493575,1.0,2.0
1141048224126563,2.0,3.0
1141252850895414,1.0,1.0
1141436890717269,1.0,2.0
1141747744273892,3.0,2.0
1141802087303652,2.0,1.0
1142015994269812,3.0,1.0
1142058194128844,1.0,1.0
1142086794365723,2.0,3.0
1142178950767097,0.0,0.0
1142637670574950,3.0,2.0
1142706630550865,0.0,0.0
1142801667468407,2.0,1.0
1142854310702956,1.0,4.0
1143430384059784,1.0,0.0
1144418647133609,3.0,1.0
1144430307123709,2.0,0.0
1144666673583895,0.0,1.0
1144977116997998,2.0,3.0
1144996560895266,0.0,0.0
1145176329890485,1.0,1.0
1145210427384222,0.0,1.0
1145305906966494,1.0,1.0
1145419437304484,0.0,0.0
1145584027210290,0.0,0.0
1146001126752957,0.0,0.0
1146223446845258,2.0,2.0
1146653683661161,1.0,0.0
1146742120465035,1.0,1.0
1146837093511236,1.0,4.0
1146913779706662,1.0,4.0
1146996213712669,0.0,0.0
1147102063465248,2.0,4.0
1147104570190015,1.0,1.0
1147217500443144,0.0,0.0
1147267310167112,1.0,1.0
1147434757165645,0.0,0.0
1147462610100705,1.0,4.0
1147708350591599,1.0,4.0
1147792293665391,1.0,1.0
1148255933366438,2.0,3.0
1148339636597252,2.0,1.0
1148386306727163,1.0,2.0
1148545780314022,0.0,0.0
1148774220178759,0.0,0.0
1148863826942572,0.0,0.0
1148981623337226,2.0,0.0
1149026473675176,1.0,0.0
1149144499972320,0.0,0.0
1149509690242302,1.0,0.0
1149529950092431,1.0,1.0
1149550100093584,2.0,0.0
1149800199873255,2.0,1.0
1149877239857071,0.0,0.0
1150201079927301,0.0,0.0
1150573176683199,2.0,1.0
1150755239770976,1.0,1.0
1151206256562760,0.0,0.0
1151446100378879,1.0,1.0
1151536933166142,1.0,1.0
1151597633357776,4.0,1.0
1151841006358409,1.0,1.0
1152042983258407,3.0,2.0
1152050166638265,2.0,1.0
1152052799955833,0.0,0.0
1152404916585203,1.0,0.0
1152751159719143,0.0,0.0
1152998946170073,1.0,4.0
1153232683655199,2.0,4.0
1153361392969332,1.0,0.0
1153457989458776,2.0,0.0
1153510336327290,1.0,1.0
1153568076284988,3.0,3.0
1153575379658603,0.0,0.0
1153622019666772,2.0,0.0
1153676506462062,2.0,3.0
1153695905977242,0.0,0.0
1154291039604762,2.0,3.0
1154734399648801,1.0,1.0
1154825166021316,3.0,1.0
1155113542991291,0.0,0.0
1155305969586189,2.0,0.0
1155365869479123,2.0,1.0
1155427983254169,1.0,3.0
1155446409699783,1.0,1.0
1155770795924211,0.0,0.0
1156309745855877,1.0,0.0
1156373232538467,2.0,2.0
1156402335880771,1.0,0.0
1156474766037332,1.0,1.0
1156979273133299,1.0,3.0
1157314285973209,1.0,0.0
1157715429103889,0.0,0.0
1158164959143526,2.0,1.0
1158797365583368,1.0,0.0
1158843005768713,2.0,1.0
1158923645803424,0.0,1.0
1158968572467471,2.0,1.0
1159213252055146,1.0,2.0
1159242966253961,0.0,0.0
1159568728872970,0.0,0.0
1159598182243369,1.0,1.0
1159674639082216,1.0,1.0
1159752695741605,1.0,2.0
1160511762269500,1.0,0.0
1161072312096840,2.0,0.0
1161665525610033,3.0,1.0
1162122168803770,1.0,2.0
1162187605346783,1.0,1.0
1162250172264952,3.0,2.0
1162445539214549,0.0,0.0
1162525062138239,2.0,3.0
1162592122104052,0.0,0.0
1162612125534440,1.0,0.0
1163007962110476,1.0,4.0
1163408241797386,0.0,0.0
1163539028797960,0.0,0.0
1164087405115870,0.0,1.0
1164536478615960,0.0,0.0
1164544125235730,1.0,2.0
1164734795143253,1.0,4.0
1165914528396754,2.0,0.0
1167126101789404,1.0,0.0
1167195348300551,0.0,0.0
1167473458130701,1.0,0.0
1167803648065392,0.0,0.0
1167817991425214,1.0,0.0
1168114208312177,1.0,0.0
1168378271313326,1.0,3.0
1168439091133873,1.0,4.0
1168555944661543,1.0,1.0
1169107824578700,1.0,4.0
1169364191442197,0.0,0.0
1169520628028419,1.0,2.0
1169537577849725,1.0,1.0
1170362181147089,1.0,0.0
1171394640900277,3.0,1.0
1171885334845908,0.0,0.0
1172593521119516,2.0,0.0
1173736320758697,2.0,4.0
1173981434312320,1.0,4.0
1174008237581136,0.0,1.0
1174173197745094,1.0,4.0
1174378884020022,1.0,2.0
1174482520943616,0.0,0.0
1174949554632072,1.0,0.0
1176132740916055,0.0,2.0
1176172300686983,2.0,0.0
1176220140794943,0.0,0.0
1176333860791511,3.0,1.0
1176495244666359,0.0,0.0
1177195044414322,0.0,0.0
1177230873821480,0.0,0.0
1177285400488393,2.0,1.0
1177580007268856,1.0,1.0
1178200860336751,2.0,0.0
1178325543960476,3.0,0.0
1178756190248570,1.0,1.0
1178839413835228,0.0,0.0
1179022547125195,2.0,1.0
1180226723461521,3.0,3.0
1180494716332192,2.0,0.0
1180543637059351,1.0,1.0
1180654983670108,3.0,0.0
1180826850887463,3.0,1.0
1182140856693729,1.0,1.0
1182662997201801,1.0,2.0
1182881703172284,0.0,1.0
1183269003415333,2.0,0.0
1185086863187471,1.0,2.0
1185825986215272,1.0,1.0
1185893946901217,1.0,2.0
1186891879807372,2.0,0.0
1187847512876067,1.0,2.0
1188184896195746,0.0,0.0
1191596866322133,1.0,1.0
1192472669691430,1.0,1.0
1193700742469465,0.0,0.0
1194400998915350,3.0,3.0
1194615320401772,1.0,3.0
1194946395569024,0.0,0.0
1195464356033877,2.0,4.0
1196816015390027,2.0,1.0
1199053815683542,0.0,0.0
1199246515102601,1.0,0.0
1200499608162496,1.0,4.0
1201648680926459,2.0,1.0
1202587894175745,2.0,0.0
1202695668151339,1.0,4.0
1202777384832729,3.0,0.0
1203456007444890,1.0,4.0
1204670665108860,0.0,0.0
1204913700473774,0.0,1.0
1205046794207462,1.0,4.0
1205944201669093,1.0,4.0
1209046422291907,1.0,2.0
1209107180642672,1.0,3.0
1210362686729234,2.0,4.0
1213517687532648,0.0,0.0
1216579123410252,2.0,0.0
1217856395963342,0.0,0.0
1219975549306951,2.0,2.0
1220800376127612,4.0,1.0
1220901760088973,1.0,1.0
1221116629002082,1.0,3.0
1222584705708953,2.0,4.0
1223263452765031,1.0,3.0
1223370562289445,2.0,1.0
1224780125457665,1.0,1.0
1228039405146146,3.0,0.0
1229451575958213,2.0,1.0
1230450919119637,1.0,3.0
1231603571470607,0.0,0.0
1231629930028090,1.0,3.0
1231900915172535,0.0,0.0
1232199491211471,3.0,1.0
1232436997864811,1.0,0.0
1233052094477725,0.0,0.0
1234606641108792,1.0,4.0
1235177867770422,1.0,1.0
1235568902054276,2.0,1.0
1237523643967556,0.0,1.0
1240274750402472,1.0,0.0
1242674323634022,1.0,1.0
1243061240284182,1.0,3.0
1243951666718581,1.0,1.0
1244470629952506,3.0,3.0
1244909630059107,1.0,0.0
1245070573232271,1.0,1.0
1246296376491384,0.0,0.0
1248409136221533,0.0,0.0
1248541079581286,1.0,1.0
1249193710028563,2.0,1.0
1249699146124138,1.0,3.0
1250034079423973,0.0,4.0
1251397975918849,2.0,4.0
1251443519256319,1.0,1.0
1252192212535466,2.0,0.0
1252668219343606,3.0,0.0
1252741772438181,1.0,3.0
1252754109110803,1.0,2.0
1252989002617696,1.0,4.0
1253204259075734,1.0,2.0
1253869812365780,1.0,1.0
1254845358940493,0.0,0.0
1255421505556078,1.0,3.0
1255789242294460,2.0,1.0
1255791389010513,1.0,1.0
1255930189805143,1.0,2.0
1256277215486290,1.0,0.0
1256306658764005,1.0,1.0
1256572708926306,0.0,0.0
1257196115573782,1.0,0.0
1257394872175761,0.0,0.0
1257586865501467,1.0,2.0
1258061258620696,2.0,1.0
1258288122170979,0.0,3.0
1258307591935895,1.0,2.0
1258680862084620,1.0,0.0
1258722025438269,1.0,0.0
1259315998462737,2.0,0.0
1260572851835209,3.0,0.0
1260697295170127,0.0,0.0
1261547441805405,0.0,0.0
1262684961535521,0.0,0.0
1263770808214043,1.0,1.0
1263951788041172,1.0,2.0
1264671691444781,2.0,0.0
1264879231502234,1.0,0.0
1264979762010699,1.0,1.0
1266481221061355,2.0,0.0
1266684828006827,0.0,0.0
1266706034601383,0.0,0.0
1267100047748285,2.0,1.0
1267642231017949,1.0,0.0
1268430080862390,2.0,2.0
1268507504387158,0.0,1.0
1268687247577115,0.0,0.0
1269484494350437,1.0,4.0
1269919827566728,2.0,3.0
1269987790960501,2.0,1.0
1270436234079536,0.0,0.0
1270847724148822,1.0,2.0
1271074260670168,0.0,0.0
1272350787212647,1.0,4.0
1273087700561534,2.0,3.0
1273792983903431,1.0,4.0
1274401577201311,0.0,0.0
1274440930278024,1.0,0.0
1274913893737909,1.0,4.0
1275314043696414,1.0,3.0
1275405336751184,1.0,1.0
1275871846977890,1.0,1.0
1275877227010010,0.0,1.0
1275934207032701,0.0,0.0
1276093303522189,2.0,1.0
1276159887019929,0.0,0.0
1276807916873350,1.0,1.0
1277293756813316,1.0,4.0
1277351986831374,2.0,0.0
1277432790149277,1.0,4.0
1277455200032928,1.0,3.0
1278092636561882,2.0,1.0
1278158756731694,0.0,0.0
1278342209949267,0.0,0.0
1278685856754043,0.0,0.0
1279158496503971,0.0,0.0
1279321289951060,0.0,0.0
1279950183027422,1.0,1.0
1280305913415383,3.0,1.0
1280799059840122,0.0,0.0
1281079183147827,1.0,3.0
1281962386177756,1.0,3.0
1282129196423246,1.0,2.0
1282590119691083,3.0,0.0
1282925939636044,1.0,2.0
1283535299428653,0.0,0.0
1283682153837490,2.0,3.0
1283735912951845,4.0,0.0
1284154239438075,1.0,4.0
1284312709304555,0.0,0.0
1284975672631037,2.0,2.0
1285639459504641,1.0,4.0
1285692739491971,1.0,4.0
1285820719203630,2.0,1.0
1285847159361405,1.0,3.0
1285854235993389,1.0,3.0
1286019119268714,0.0,0.0
1286112252479199,1.0,3.0
1286215975950384,1.0,1.0
1286624655934950,0.0,0.0
1286964695902115,1.0,2.0
1287767669140329,2.0,3.0
1288043192546444,1.0,4.0
1288122939179742,1.0,4.0
1288361389029560,0.0,0.0
1288784515688522,2.0,2.0
1288847799026065,1.0,0.0
1289009923053502,1.0,4.0
1289145596507361,1.0,1.0
1289403525544317,2.0,3.0
1289757215705566,1.0,0.0
1290183951983601,2.0,1.0
1290711635500961,0.0,0.0
1290984838850680,0.0,1.0
1291369105463612,1.0,0.0
1291594728524042,3.0,1.0
1291844315484422,1.0,3.0
1292388618615900,0.0,0.0
1293033251903902,0.0,0.0
1293105628661518,0.0,0.0
1293378495446457,0.0,0.0
1293394328341156,2.0,3.0
1294087411616860,3.0,1.0
1294271131557604,0.0,0.0
1294673574865485,1.0,1.0
1294679581663881,0.0,0.0
1294918115134943,0.0,0.0
1295185448298818,3.0,1.0
1295223151601261,1.0,1.0
1295227732551096,1.0,2.0
1295232321586383,1.0,1.0
1295266591393903,3.0,0.0
1295983925645194,0.0,4.0
1296601144994115,1.0,1.0
1296765001651081,2.0,0.0
1297219458277417,2.0,0.0
1297673861495024,1.0,0.0
1298102974808026,1.0,1.0
1298223494659498,2.0,2.0
1298287954646256,0.0,0.0
1298819074637348,3.0,0.0
1298939225563480,0.0,0.0
1299433047927743,1.0,2.0
1299771354685130,0.0,0.0
1300063951200897,1.0,4.0
1300681197855086,1.0,2.0
1300710457819552,1.0,4.0
1300809004490571,1.0,3.0
1300939867818161,1.0,3.0
1300988374227843,3.0,1.0
1300995608685212,2.0,3.0
1301260954269796,0.0,0.0
1302037967368678,0.0,1.0
1302104844314553,1.0,3.0
1302823835133752,1.0,1.0
1302834470869203,0.0,0.0
1303486714123158,2.0,0.0
1303796667346123,1.0,0.0
1304306634022689,0.0,0.0
1304649070738854,0.0,0.0
1304802034923574,1.0,0.0
1304974961052401,1.0,1.0
1305669937418436,0.0,3.0
1305773033779321,0.0,0.0
1306689771547941,1.0,4.0
1306747133969324,1.0,3.0
1307090617007433,0.0,0.0
1307177300274832,2.0,1.0
1307313700267330,1.0,2.0
1307738511090408,3.0,0.0
1307967166863998,0.0,0.0
1308130658142491,1.0,1.0
1308477520172183,1.0,0.0
1308583434325524,1.0,4.0
1309349340159926,3.0,1.0
1309462587037722,1.0,1.0
1310287756958568,2.0,1.0
1310862183813995,1.0,4.0
1311061480204231,1.0,1.0
1311087744021980,1.0,3.0
1311601940434567,1.0,0.0
1312167960032825,2.0,0.0
1312601259770344,0.0,0.0
1312915886854911,1.0,3.0
1312942286419311,0.0,0.0
1312999966509655,0.0,0.0
1313003497224433,1.0,3.0
1313030040531736,1.0,4.0
1313499963223478,1.0,3.0
1313646079299843,1.0,4.0
1313940563145758,2.0,1.0
1313984083064390,0.0,0.0
1314009083182567,0.0,0.0
1314081963337788,2.0,3.0
1314687309701200,1.0,1.0
1314811599521072,0.0,0.0
1314877529935664,1.0,1.0
1315020476201761,0.0,0.0
1315268599638762,1.0,2.0
1315829386526921,2.0,1.0
1316518670654211,2.0,3.0
1316560759461741,2.0,1.0
1316709189758678,1.0,1.0
1316783342795377,1.0,2.0
1316923419632679,2.0,3.0
1317240037277455,0.0,0.0
1317303620517794,1.0,2.0
1317780379229746,3.0,0.0
1317829166076631,2.0,3.0
1317829186081154,1.0,4.0
1317830709527851,0.0,0.0
1318590362516948,1.0,4.0
1318778836618136,1.0,4.0
1319151406745599,2.0,1.0
1319420669681938,1.0,1.0
1319511285740495,1.0,2.0
1319845356396120,0.0,0.0
1319947709041301,2.0,1.0
1320612532439048,0.0,0.0
1320769342620793,1.0,0.0
1321415959282579,1.0,1.0
1321585262600406,0.0,0.0
1321593172331179,1.0,1.0
1321804876389770,1.0,0.0
1321837213438358,0.0,0.0
1321873360154212,2.0,0.0
1322016449142788,1.0,1.0
1322024062923375,1.0,0.0
1322324035622949,0.0,0.0
1322347285450781,1.0,3.0
1322499352226405,1.0,1.0
1323396432522566,1.0,1.0
1323487428984613,1.0,1.0
1323518098695358,1.0,2.0
1323650455427629,2.0,1.0
1324539602304544,1.0,2.0
1324873738528449,0.0,0.0
1325177875165336,4.0,0.0
1325254518632241,1.0,1.0
1325320796468126,1.0,2.0
1325615295305651,0.0,0.0
1325639525296777,0.0,0.0
1325815468775191,0.0,1.0
1325914378723749,1.0,1.0
1325938385388823,1.0,2.0
1327680341591034,1.0,3.0
1327727771567436,0.0,0.0
1327999011669780,2.0,1.0
1328066478941558,0.0,0.0
1328086671726176,0.0,1.0
1328198152712707,0.0,0.0
1328246012221134,1.0,1.0
1328340989113073,0.0,0.0
1328690708267751,1.0,2.0
1328823575148759,3.0,3.0
1328828171584706,2.0,2.0
1328925178287266,1.0,0.0
1329540558048404,2.0,3.0
1329653458054263,1.0,3.0
1329708298432959,2.0,0.0
1330171265375151,0.0,0.0
1330513811481470,1.0,1.0
1331256016490142,0.0,0.0
1331623294645119,1.0,4.0
1331711658568816,1.0,4.0
1332410481273374,2.0,3.0
1332700638839886,1.0,4.0
1332862081373835,0.0,0.0
1333389804337138,1.0,1.0
1333611418353280,2.0,4.0
1333803791614008,1.0,2.0
1334466258869777,1.0,2.0
1334861701474917,0.0,0.0
1334875351199672,1.0,0.0
1335670100800098,3.0,1.0
1335700458542405,1.0,3.0
1335944114997800,3.0,4.0
1336218825265613,1.0,3.0
1336389973934941,0.0,0.0
1336406798528054,1.0,4.0
1336814040641214,0.0,4.0
1336865457946045,2.0,0.0
1337035030613121,0.0,0.0
1337225151052128,1.0,4.0
1337238621947159,3.0,1.0
1337547944097079,1.0,1.0
1337553547244080,1.0,4.0
1337587150750080,0.0,0.0
1337684640979376,0.0,0.0
1337873533888064,0.0,0.0
1338104730439348,1.0,2.0
1338133553732919,3.0,1.0
1338233697601165,2.0,1.0
1338244810647906,0.0,0.0
1338342257520870,1.0,0.0
1338710811055367,2.0,4.0
1338885630948765,2.0,0.0
1339125387919510,1.0,3.0
1339401621640688,1.0,3.0
1339440564293426,0.0,0.0
1339586874264675,1.0,4.0
1339934371572738,1.0,3.0
1340123290883793,2.0,2.0
1340180287893389,1.0,3.0
1340357687526599,0.0,4.0
1340592307262321,2.0,1.0
1340645520257229,0.0,0.0
1340750990836258,1.0,0.0
1341199090964367,1.0,1.0
1341291163962380,1.0,2.0
1341586950614580,0.0,0.0
1341869293921392,0.0,0.0
1342259610115970,0.0,0.0
1342706304485324,1.0,3.0
1342949923725356,2.0,3.0
1343176103358713,1.0,0.0
1343257300136820,1.0,4.0
1343327011266200,0.0,0.0
1343599451070628,2.0,0.0
1343766083654608,1.0,3.0
1343845903731459,2.0,2.0
1343881667947562,1.0,2.0
1344250603597746,2.0,3.0
1344277863585581,1.0,1.0
1344317236535460,1.0,2.0
1345003696964733,1.0,2.0
1345093846653899,1.0,4.0
1345213956487191,0.0,0.0
1345293661096247,0.0,0.0
1345451999445777,0.0,0.0
1345650737766238,0.0,0.0
1346068473053861,1.0,2.0
1346267264144344,1.0,4.0
1346388783170202,0.0,0.0
1346543896705986,0.0,0.0
1346706953001226,1.0,0.0
1346945740004711,1.0,4.0
1346990256485395,1.0,1.0
1347207780158364,3.0,2.0
1348078893322258,2.0,1.0
1348262496605935,0.0,0.0
1348815346136747,1.0,3.0
1349031336465847,0.0,0.0
1349116896556281,1.0,4.0
1349271542920785,0.0,0.0
1349299919401151,1.0,1.0
1349352106530657,0.0,0.0
1349622813085250,1.0,1.0
1349633810442301,1.0,4.0
1349728999793348,4.0,1.0
1349791203909489,1.0,0.0
1351026026076069,0.0,0.0
1351107332572102,0.0,0.0
1351456367078030,2.0,3.0
1352442466842436,2.0,0.0
1352803519226125,1.0,0.0
1352873389457351,1.0,0.0
1353254265706961,0.0,0.0
1353261469374916,2.0,3.0
1353923265605546,0.0,0.0
1354142630136075,1.0,4.0
1354289813034602,0.0,0.0
1354745816607444,1.0,0.0
1355132809197895,3.0,2.0
1355318065434230,2.0,2.0
1355384659974036,1.0,3.0
1355758026482657,0.0,0.0
1356269126602703,2.0,1.0
1356646546424583,1.0,2.0
1356694209010935,3.0,0.0
1356881359055488,1.0,0.0
1357303345232855,1.0,4.0
1357349822294435,1.0,1.0
1357674042363606,1.0,1.0
1357769278915756,1.0,3.0
1358041272029780,1.0,2.0
1358382415536664,1.0,1.0
1358558045307787,0.0,0.0
1358568702205411,1.0,4.0
1358830589547973,1.0,1.0
1358945791768791,0.0,0.0
1359392422161104,0.0,0.0
1359582521871234,2.0,3.0
1359590022079535,2.0,1.0
1360219564981610,1.0,3.0
1360522359507848,0.0,0.0
1360540952744546,1.0,2.0
1360628579342256,0.0,0.0
1360798802822218,1.0,2.0
1361043135070238,2.0,1.0
1361065195609325,0.0,4.0
1361369039430789,1.0,0.0
1361672152733400,0.0,0.0
1362330588705738,3.0,1.0
1362963978116233,1.0,3.0
1363721201659658,0.0,1.0
1363961424973333,1.0,2.0
1364196918087501,0.0,0.0
1364641481365906,0.0,0.0
1364979504153355,1.0,4.0
1365480941287888,1.0,3.0
1365660622088454,2.0,2.0
1365771234725063,1.0,0.0
1365846982093944,1.0,4.0
1366697259849231,2.0,4.0
1366956031989029,2.0,4.0
1367217888808854,2.0,3.0
1367754634586966,0.0,0.0
1368028017901634,1.0,0.0
1368276307492945,0.0,0.0
1368646565186801,0.0,0.0
1369015094269104,1.0,1.0
1369609461074215,0.0,0.0
1369654392003292,1.0,4.0
1369829481721634,2.0,4.0
1369856338388678,0.0,0.0
1369882398125698,1.0,2.0
1370164430813597,0.0,0.0
1370356705077304,2.0,4.0
1370425291002187,1.0,1.0
1370898928503828,3.0,2.0
1371220430517652,4.0,2.0
1371278701884554,1.0,4.0
1371340367229703,0.0,0.0
1371706970485950,0.0,0.0
1373477697355649,3.0,3.0
1373798020968494,2.0,3.0
1374484696869758,2.0,4.0
1374928874701243,1.0,1.0
1375290781336448,1.0,1.0
1375689677775852,2.0,4.0
1375733474658737,0.0,0.0
1375938729784183,2.0,3.0
1376091400465384,0.0,1.0
1376247050643634,1.0,4.0
1376265967078812,2.0,0.0
1376312160020123,2.0,4.0
1376459621034141,1.0,2.0
1376603564616886,0.0,0.0
1377623359869143,2.0,2.0
1378028176519991,2.0,3.0
1378217613177435,0.0,0.0
1378973854302100,1.0,0.0
1378979726861006,0.0,0.0
1379558054135765,1.0,1.0
1379631619687369,3.0,3.0
1379736889675665,0.0,0.0
1380654480270922,0.0,2.0
1380715627162239,2.0,1.0
1380773533084496,1.0,1.0
1381067880541586,1.0,0.0
1381115996630317,1.0,1.0
1381629942821203,1.0,2.0
1381870065794954,3.0,0.0
1381871880799391,0.0,0.0
1381996190503800,2.0,4.0
1382056857147760,1.0,3.0
1382468407081049,0.0,4.0
1382545625962174,0.0,0.0
1383276210030301,2.0,0.0
1384261795888613,1.0,1.0
1384999402909325,1.0,3.0
1385445400363730,1.0,1.0
1385680270121895,0.0,0.0
1386399379435011,0.0,0.0
1387087175589511,2.0,3.0
1387460252662756,1.0,3.0
1387500653592067,1.0,0.0
1388040626856800,1.0,0.0
1388314180110124,0.0,3.0
1388811016641777,1.0,3.0
1389480085765968,3.0,0.0
1389687953051836,0.0,0.0
1390751918970597,4.0,1.0
1391118289883314,3.0,0.0
1391368888969906,1.0,1.0
1391763925121309,2.0,1.0
1392420251724109,1.0,0.0
1392801991701125,1.0,0.0
1392862096231074,1.0,1.0
1395389105985538,1.0,3.0
1396151405673775,1.0,0.0
1397756949079770,0.0,0.0
1397816257854996,2.0,1.0
1397831568152290,0.0,0.0
1398866478735370,0.0,0.0
1398922425475209,1.0,3.0
1400096398842482,1.0,0.0
1400380284278928,1.0,4.0
1400610815220594,1.0,1.0
1400699627321086,0.0,1.0
1404043581545901,0.0,4.0
1406610376976180,2.0,2.0
1406687140401670,0.0,0.0
1408457043445048,1.0,4.0
1408948881284700,0.0,0.0
1408992094378603,0.0,0.0
1409910757159205,1.0,2.0
1412053373121337,1.0,0.0
1412254210817986,1.0,1.0
1412326007455838,1.0,3.0
1413223779743915,0.0,0.0
1414378293952688,1.0,2.0
1415618119847636,1.0,3.0
1416214276426051,3.0,1.0
1416222146014719,2.0,4.0
1416340117054546,1.0,4.0
1417116636999019,1.0,1.0
1417695829208418,0.0,0.0
1417819565974738,0.0,0.0
1419317240046195,0.0,0.0
1419983563350135,2.0,4.0
1420483015579462,1.0,1.0
1420547588813716,2.0,2.0
1421199075520655,0.0,0.0
1424645715569261,1.0,1.0
1427628215583182,1.0,3.0
1427650952542789,2.0,1.0
1428592044730609,1.0,0.0
1428788412406024,0.0,0.0
1428821364753334,2.0,1.0
1429207559229153,0.0,0.0
1432217424506242,1.0,4.0
1433675241083013,2.0,4.0
1434647893756140,0.0,1.0
1434666797622894,1.0,3.0
1439022013364325,2.0,2.0
1440889143167119,1.0,1.0
1441053120634992,1.0,1.0
1442416033828918,1.0,1.0
1443675796612227,0.0,0.0
1445134940994555,1.0,4.0
1447015100591393,1.0,4.0
1447612855795462,1.0,2.0
1449098993721407,1.0,0.0
1450188760206644,1.0,2.0
1450663653784035,0.0,0.0
1451874179046350,3.0,4.0
1452339849082969,2.0,3.0
1452929612658613,1.0,2.0
1454095730088187,0.0,0.0
1456450033290374,1.0,1.0
1456731248587584,2.0,3.0
1457249752898978,1.0,1.0
1457468888501840,1.0,4.0
1458016198653033,2.0,3.0
1458114861572065,1.0,1.0
1459598781663139,1.0,1.0
1464775691476590,2.0,1.0
1465668141989085,3.0,1.0
1466709305494038,0.0,0.0
1467120287206208,1.0,1.0
1467697987967006,2.0,3.0
1467728542037250,1.0,2.0
1471158217428326,2.0,4.0
1471362690874438,0.0,0.0
1473361836551436,2.0,1.0
1474384380136599,0.0,0.0
1474713750599357,1.0,0.0
1475772606730267,1.0,4.0
1477172526285494,1.0,1.0
1479935300819197,3.0,3.0
1480046465938074,1.0,1.0
1480052216246090,1.0,4.0
1481052259892568,0.0,0.0
1486238359251135,1.0,1.0
1487526335983855,2.0,3.0
1487796901862505,1.0,1.0
1488573605916537,1.0,2.0
1488602308472589,1.0,4.0
1488626249207524,1.0,3.0
1489004362418527,1.0,1.0
1489695478365270,1.0,1.0
1489818595672547,1.0,1.0
1490037741659590,2.0,1.0
1491957615574748,0.0,0.0
1492114288319843,2.0,4.0
1494132641233963,1.0,4.0
1496532131491219,1.0,3.0
1498037537530428,0.0,0.0
1500114228012079,2.0,1.0
1500220655237474,1.0,0.0
1500221394573463,1.0,3.0
1500633444148313,2.0,4.0
1502200024388713,1.0,2.0
1502428004401770,1.0,2.0
1502636351059250,1.0,4.0
1502821273727843,3.0,0.0
1504199976962111,1.0,1.0
1505076676809092,1.0,3.0
1505282427006520,0.0,0.0
1505631080644426,3.0,3.0
1506496943357660,0.0,0.0
1506730310523189,3.0,1.0
1507458371062799,1.0,1.0
1508444343184352,0.0,0.0
1508721863598131,0.0,0.0
1508888241251751,0.0,0.0
1509721953504380,1.0,2.0
1509973367776070,1.0,1.0
1510909723690629,1.0,3.0
1511553430517498,1.0,1.0
1513546742641351,2.0,1.0
1513639220506373,2.0,1.0
1514306183216402,0.0,0.0
1515008995818934,1.0,1.0
1515241282489669,1.0,0.0
1516029532399182,2.0,4.0
1516757519007329,0.0,0.0
1517607965598211,0.0,0.0
1519669272006740,1.0,0.0
1521094048576238,2.0,3.0
1522722569319255,0.0,0.0
1522978445526284,1.0,4.0
1524219395101722,1.0,4.0
1524827692748302,1.0,2.0
1525153378171904,1.0,1.0
1525910548094982,2.0,1.0
1526113364720481,2.0,2.0
1526194584738891,1.0,2.0
1526213334718605,1.0,3.0
1526525122451758,2.0,1.0
1527203968089244,2.0,3.0
1527910892134714,1.0,1.0
1528800777798075,0.0,0.0
1528823414593979,0.0,0.0
1529094638999561,1.0,3.0
1529324571099870,1.0,1.0
1529370545591056,2.0,1.0
1530215120809842,2.0,3.0
1530289834321033,0.0,0.0
1530318172180937,3.0,1.0
1530429568827797,0.0,0.0
1530561962150729,1.0,2.0
1530822600962540,1.0,1.0
1530853607584963,0.0,0.0
1530980000800011,1.0,3.0
1531086800813857,1.0,4.0
1531549462077971,1.0,4.0
1531873640710208,0.0,0.0
1531948338573874,2.0,2.0
1531965835284814,0.0,0.0
1532018444150966,2.0,3.0
1532881104042678,1.0,1.0
1532936497375294,1.0,2.0
1533836987480484,0.0,0.0
1533950447268805,1.0,0.0
1534687477219376,2.0,1.0
1534868720510659,1.0,4.0
1535128437138887,2.0,3.0
1535269447156023,1.0,4.0
1535375777988509,2.0,4.0
1536482933673725,0.0,0.0
1537334911695492,1.0,2.0
1537449573779959,1.0,1.0
1537633216947607,2.0,4.0
1539657974530421,2.0,3.0
1540154570736682,3.0,0.0
1541369053209004,0.0,0.0
1541507243225095,2.0,0.0
1541620927255809,1.0,4.0
1541637020988054,1.0,1.0
1542088086490073,2.0,3.0
1542195607502636,3.0,1.0
1542251537654170,0.0,0.0
1542363963146113,0.0,0.0
1542669927123464,1.0,4.0
1542941900856284,0.0,0.0
1545819086061305,1.0,1.0
1546042736932246,0.0,0.0
1546270975992350,1.0,2.0
1546487366060737,0.0,0.0
1546981080150330,1.0,3.0
1548024409247594,0.0,0.0
1548387863394886,1.0,1.0
1548574922468563,1.0,1.0
1548963642439120,2.0,1.0
1549100925798556,1.0,2.0
1550227353554798,0.0,0.0
1550308922998056,1.0,3.0
1550346426535257,0.0,4.0
1550497362929348,1.0,3.0
1550667759775210,0.0,0.0
1551275112246044,0.0,0.0
1551317675712788,3.0,1.0
1552423282777266,1.0,4.0
1552432082134915,2.0,4.0
1553029096400272,1.0,1.0
1553562122672888,1.0,2.0
1553744308640965,0.0,0.0
1553964076080480,0.0,0.0
1554401666137686,1.0,0.0
1554768439694507,2.0,3.0
1554937718524511,2.0,3.0
1555197136348863,1.0,4.0
1555213246272947,2.0,3.0
1555365765178302,1.0,2.0
1555401288311089,0.0,0.0
1555524986356502,1.0,1.0
1556854212475209,1.0,3.0
1556980335287598,1.0,2.0
1557009121483798,1.0,1.0
1557133344998050,0.0,0.0
1557308712606998,3.0,2.0
1557503174941787,1.0,3.0
1557574411626706,1.0,1.0
1557788621592144,0.0,0.0
1558013835227590,2.0,3.0
1558141748887558,2.0,4.0
1558323562420928,1.0,0.0
1559137851799318,2.0,4.0
1560063804679613,0.0,0.0
1560127512529407,0.0,0.0
1560477784612705,3.0,1.0
1561090684612420,0.0,0.0
1561117414584146,1.0,1.0
1561307458046039,0.0,4.0
1561753241111651,2.0,1.0
1562316987804316,0.0,0.0
1562735515201696,0.0,0.0
1562872282523056,1.0,4.0
1562905932095265,1.0,1.0
1563177084559334,0.0,0.0
1563595508234528,2.0,4.0
1564105778642580,1.0,0.0
1564116508412367,2.0,0.0
1564372007557607,1.0,3.0
1565984661461129,0.0,0.0
1567102884507409,2.0,4.0
1567139997498954,4.0,1.0
1567520901502536,1.0,1.0
1567832821758447,2.0,4.0
1567894085061692,1.0,1.0
1567989358296502,0.0,0.0
1568075408206453,1.0,3.0
1568149324655892,1.0,1.0
1568915584646780,0.0,0.0
1569633527086492,2.0,1.0
1569643657979640,2.0,3.0
1570424827066282,1.0,2.0
1570737963579909,0.0,0.0
1570829753564642,2.0,1.0
1571049434713228,1.0,0.0
1571666100173668,1.0,1.0
1572138990115190,1.0,1.0
1572544274268360,1.0,3.0
1573112560008763,0.0,0.0
1573189686702542,1.0,1.0
1573438734274802,1.0,0.0
1573796130831402,1.0,1.0
1574024940738194,0.0,1.0
1574401974349314,0.0,0.0
1574440378029516,1.0,4.0
1575839590593837,1.0,4.0
1575996174255675,1.0,2.0
1576378753867560,1.0,1.0
1577564170761125,0.0,0.0
1577564942991605,2.0,2.0
1578235856477359,0.0,0.0
1579643440609504,1.0,4.0
1580296780558401,1.0,3.0
1580692343327114,1.0,3.0
1580737097387377,1.0,3.0
1581184089232536,1.0,1.0
1581681482803577,0.0,0.0
1581683686648549,0.0,0.0
1581901713438123,1.0,3.0
1582060203491849,1.0,4.0
1582272139347305,3.0,2.0
1582573580141143,0.0,0.0
1582891469259717,2.0,0.0
1583123719003717,1.0,3.0
1583268090174808,0.0,0.0
1584050716731988,2.0,1.0
1584709666657663,2.0,4.0
1584916386239678,2.0,1.0
1584997569850188,0.0,0.0
1585189419027294,1.0,4.0
1585485149731994,3.0,0.0
1586448975340878,0.0,0.0
1586781968878717,1.0,2.0
1587037695238520,1.0,0.0
1587760448551064,2.0,2.0
1587771592764870,1.0,4.0
1587853328496314,0.0,0.0
1588763731764940,1.0,3.0
1589212995300754,1.0,4.0
1589446104998461,1.0,1.0
1589765102578948,1.0,1.0
1590726588220450,0.0,0.0
1590931678482939,2.0,1.0
1592381644785437,1.0,4.0
1592462538054457,2.0,3.0
1594744451407555,2.0,1.0
1596139554347776,2.0,3.0
1596461861073063,0.0,0.0
1596962384272212,2.0,0.0
1597111978679445,1.0,1.0
1598253111059103,1.0,0.0
1598574598326757,3.0,1.0
1599686375184215,2.0,1.0
1600294570865534,3.0,2.0
1601105863941795,2.0,1.0
1602173347093598,1.0,1.0
1602185193761985,1.0,0.0
1602220497837886,0.0,0.0
1602616590647060,1.0,2.0
1603159238010225,1.0,2.0
1604594971177288,0.0,0.0
1605124060129247,0.0,0.0
1605733350014938,2.0,2.0
1605870410022640,1.0,2.0
1607176954008321,2.0,0.0
1607626360173005,1.0,0.0
1607791626613638,2.0,0.0
1607932951116806,2.0,3.0
1608009133159434,2.0,1.0
1608344846441449,3.0,3.0
1609708847212886,0.0,1.0
1610944200587941,1.0,1.0
1611029850263910,0.0,0.0
1611193469489728,0.0,0.0
1611223949498419,1.0,3.0
1611775252759249,0.0,0.0
1611924403657672,1.0,2.0
1613125325978380,1.0,0.0
1613797876120001,2.0,3.0
1614350216977216,0.0,0.0
1614416165843361,1.0,0.0
1614465406704798,1.0,3.0
1617007149187803,0.0,0.0
1617063929244758,3.0,1.0
1618176625402587,1.0,1.0
1618642732408537,1.0,1.0
1619147075359567,2.0,3.0
1619400069893031,0.0,3.0
1620374158556000,1.0,2.0
1620819912646444,0.0,0.0
1620879748542140,1.0,3.0
1623767341848054,0.0,0.0
1624249384970057,2.0,2.0
1624299711820831,1.0,1.0
1625184371438425,2.0,1.0
1627762551459970,3.0,1.0
1628002832323848,1.0,1.0
1629354921794056,1.0,1.0
1630257924546868,1.0,0.0
1630301864266569,0.0,1.0
1630677774242264,0.0,0.0
1631381648417741,2.0,1.0
1631990224379637,0.0,0.0
1632956000916372,0.0,0.0
1633524767590201,0.0,0.0
1633530743940987,0.0,0.0
1635635837313818,1.0,3.0
1635963527291952,2.0,2.0
1637445170190137,1.0,3.0
1637956403754338,1.0,3.0
1638576126868599,0.0,0.0
1639798147082917,1.0,4.0
1640691036566300,1.0,1.0
1640898177010044,0.0,3.0
1641168476498403,1.0,3.0
1641950299732436,1.0,3.0
1641961683083873,1.0,0.0
1643059749660208,3.0,1.0
1643247209539902,2.0,4.0
1644391329485160,0.0,0.0
1646777093065072,2.0,4.0
1647296272859264,0.0,0.0
1647655729642438,2.0,2.0
1648153419606353,0.0,0.0
1648341652446275,1.0,3.0
1649322932607944,3.0,2.0
1649382122327714,1.0,1.0
1649806589212726,0.0,0.0
1651345662461061,2.0,2.0
1651457572580423,0.0,0.0
1651498185466984,0.0,0.0
1652007538725883,0.0,0.0
1654268378769571,2.0,0.0
1654458612114372,1.0,1.0
1654499178480713,1.0,3.0
1656071342773847,2.0,3.0
1657376818318612,3.0,0.0
1657438804984598,0.0,0.0
1657572705137624,1.0,1.0
1657662631808438,2.0,3.0
1658070042405710,1.0,4.0
1659836121893490,0.0,1.0
1660936424553089,1.0,0.0
1661400697783308,1.0,4.0
1661654051371115,2.0,3.0
1662079031048157,1.0,4.0
1662186331401179,1.0,0.0
1663533564561465,1.0,1.0
1664019921497532,1.0,4.0
1664714238996685,0.0,2.0
1666079577667992,1.0,1.0
1666341940584176,1.0,1.0
1666697700922484,1.0,3.0
1666904254239188,1.0,2.0
1667208147559325,1.0,1.0
1667622523848301,1.0,2.0
1668510314041055,1.0,1.0
1668594454360042,1.0,3.0
1668991464035659,0.0,0.0
1669010830882081,1.0,3.0
1669089797648003,1.0,1.0
1670287390217445,0.0,0.0
1670394127247554,1.0,1.0
1670620993879915,1.0,1.0
1671342880404065,2.0,4.0
1671350280212394,1.0,1.0
1671521240615127,0.0,0.0
1671847013728676,0.0,0.0
1672512949971288,1.0,1.0
1672589620273440,1.0,4.0
1672631109984821,1.0,1.0
1672748436670074,2.0,1.0
1672964043639942,1.0,0.0
1673559439955020,0.0,0.0
1673920267044293,1.0,4.0
1674783260119493,1.0,2.0
1674959520069674,1.0,1.0
1675035050115031,1.0,1.0
1675064976421045,1.0,3.0
1676037026673195,0.0,0.0
1676159746303241,1.0,1.0
1676822056590515,3.0,0.0
1676944889518323,1.0,3.0
1677467813236211,1.0,3.0
1677737899808950,1.0,1.0
1678240292754568,1.0,3.0
1678583946394924,0.0,0.0
1679813943109785,2.0,4.0
1679899702597627,1.0,0.0
1683232036097154,1.0,3.0
1683553149174947,0.0,0.0
1683730972178979,1.0,3.0
1684032992534199,1.0,3.0
1684529745466153,1.0,1.0
1684709418759066,0.0,0.0
1685024879036005,0.0,0.0
1686391282310144,0.0,0.0
1686436645420389,0.0,4.0
1686700248572943,2.0,1.0
1686835658879717,0.0,0.0
1686885375591296,1.0,1.0
1687482175452386,0.0,0.0
1687554141840343,1.0,0.0
1688401892400067,0.0,0.0
1688501955404341,1.0,4.0
1688656939057092,1.0,4.0
1689292658287545,1.0,4.0
1689403531616467,1.0,1.0
1689529272159841,3.0,4.0
1690365638488419,0.0,3.0
1690786604837553,0.0,0.0
1691191434747264,2.0,1.0
1691697401889310,2.0,1.0
1693150701551734,2.0,1.0
1693744338189421,2.0,3.0
1694543781780331,2.0,0.0
1694788701076277,0.0,0.0
1695119571431099,1.0,4.0
1695275168081109,2.0,2.0
1695660104667139,1.0,2.0
1696703444933904,1.0,0.0
1696825297533892,1.0,2.0
1697579491099236,0.0,0.0
1698029974389893,2.0,0.0
1698193824065964,1.0,1.0
1698350020730659,0.0,0.0
1698532310726400,0.0,3.0
1699226327600860,1.0,1.0
1699466780637799,1.0,3.0
1699747974479448,1.0,3.0
1699750437891895,2.0,3.0
1700177764173242,1.0,1.0
1700346324196448,1.0,1.0
1700369774222524,0.0,0.0
1700897393825405,1.0,1.0
1701003677148504,2.0,1.0
1701749103831214,1.0,4.0
1702022374449716,0.0,0.0
1702902480353425,0.0,0.0
1702920400278472,0.0,0.0
1703217490538865,1.0,1.0
1703610703531199,0.0,0.0
1703729557369218,1.0,2.0
1704303720874020,1.0,2.0
1704673213358536,0.0,0.0
1705295753662782,0.0,0.0
1706544913599374,1.0,3.0
1706662896581203,1.0,4.0
1706761627142259,0.0,0.0
1707112323994743,1.0,3.0
1708225520415664,2.0,0.0
1709066006322059,0.0,0.0
1709471926978372,1.0,4.0
1710433002844954,1.0,3.0
1710460040001433,2.0,4.0
1712498442628331,0.0,0.0
1712713686125878,1.0,0.0
1713274469528767,0.0,0.0
1713776566612942,2.0,4.0
1713849479551880,1.0,1.0
1713973976538730,0.0,0.0
1714843929570235,1.0,1.0
1714997212765680,0.0,1.0
1715071672231898,0.0,0.0
1715281849596841,1.0,4.0
1719148448816729,1.0,4.0
1720456419409838,0.0,0.0
1722298418413010,0.0,3.0
1722448604966386,1.0,0.0
1722585111989390,1.0,3.0
1723238192036196,2.0,3.0
1723325561573342,1.0,2.0
1724541894795400,2.0,1.0
1725100518524364,0.0,2.0
1725254382005690,2.0,3.0
1725532181792914,0.0,0.0
1725890605114878,1.0,4.0
1726719777876126,1.0,1.0
1727393917914542,0.0,0.0
1727704968251662,1.0,1.0
1727759295152371,1.0,2.0
1727946817769699,1.0,1.0
1729481565064294,0.0,1.0
1730879014710148,3.0,1.0
1730990077475521,1.0,4.0
1731385300740703,0.0,0.0
1732010531472476,0.0,0.0
1732893294377473,1.0,1.0
1733531811116888,1.0,0.0
1733699024055933,0.0,1.0
1733997831087567,0.0,0.0
1734045977153288,3.0,2.0
1734432077346478,1.0,3.0
1734664617109929,0.0,1.0
1736079364002751,1.0,3.0
1736187260559978,1.0,1.0
1737555863938513,1.0,3.0
1737670004108398,2.0,0.0
1738140464052571,1.0,1.0
1738975963502424,0.0,0.0
1740255723765007,0.0,0.0
1740906150101147,1.0,0.0
1741409713314370,0.0,0.0
1741907246642438,0.0,0.0
1742117206362491,1.0,1.0
1742839476293911,0.0,0.0
1742984437130332,1.0,1.0
1743339906195154,2.0,2.0
1743666300137046,1.0,2.0
1744153463406976,1.0,4.0
1744992209393757,1.0,1.0
1745224453085480,0.0,0.0
1745392366539637,1.0,2.0
1745716216828277,1.0,1.0
1748640132374601,0.0,0.0
1750067965726572,0.0,0.0
1750173025704551,0.0,3.0
1750552469311493,1.0,3.0
1751866736140220,0.0,0.0
1751921222823815,2.0,3.0
1752338969339867,1.0,4.0
1752828312413088,0.0,0.0
1753388552327919,1.0,3.0
1753422038824333,3.0,2.0
1753527622329876,3.0,3.0
1753811589396311,1.0,0.0
1755055595068516,1.0,0.0
1756604011794560,0.0,0.0
1756965194827955,2.0,1.0
1758633982130272,0.0,0.0
1758758018275477,1.0,2.0
1760404158635050,1.0,3.0
1761398541562780,1.0,4.0
1761675251313117,0.0,0.0
1762808067838279,0.0,0.0
1764237197749497,1.0,1.0
1764680110946655,2.0,0.0
1765167931323633,2.0,4.0
1765420344219109,1.0,3.0
1765748150913330,0.0,2.0
1765908070772859,2.0,2.0
1767004561125939,1.0,2.0
1767018747416703,1.0,1.0
1767750004039041,2.0,1.0
1768225923974380,0.0,0.0
1768774513901957,2.0,4.0
1769489330513237,2.0,1.0
1770961100738210,0.0,0.0
1772028003643690,1.0,4.0
1773766440112833,1.0,1.0
1774082976551603,0.0,0.0
1774422880075382,0.0,0.0
1774568916866915,0.0,0.0
1775280789981038,2.0,1.0
1775353923242297,1.0,1.0
1776071470486289,4.0,0.0
1776333833154824,0.0,0.0
1776629919856537,1.0,2.0
1776876496486344,1.0,1.0
1777578249766046,2.0,1.0
1778257966326597,1.0,0.0
1778330563603160,2.0,1.0
1778368512934265,0.0,0.0
1778762779334600,1.0,4.0
1779203532865049,0.0,0.0
1779694382880837,1.0,4.0
1780838913264763,1.0,3.0
1780858042755262,1.0,3.0
1781163345990824,0.0,0.0
1781259139698068,1.0,1.0
1781422772641625,2.0,1.0
1782120086105840,0.0,0.0
1782294319171106,1.0,4.0
1782895022270465,1.0,0.0
1783233402218045,0.0,0.0
1783589512439697,1.0,0.0
1783973909107157,1.0,1.0
1784357605676220,1.0,4.0
1784663122345958,2.0,1.0
1785107202221602,2.0,1.0
1785683608894947,1.0,4.0
1785726811969846,1.0,3.0
1786135846170536,0.0,0.0
1786184526075296,0.0,4.0
1786506516036252,0.0,0.0
1786693528819508,2.0,4.0
1787764931979719,2.0,1.0
1788011392563762,3.0,0.0
1788609165323975,0.0,0.0
1789254898527190,3.0,2.0
1789486908516912,4.0,0.0
1790772605466926,1.0,4.0
1791195128685389,1.0,4.0
1792608598182053,1.0,3.0
1793156998518926,0.0,0.0
1793547724831765,2.0,3.0
1793937357879794,1.0,1.0
1794112541365782,0.0,0.0
1794139054391986,2.0,1.0
1794346461768295,2.0,1.0
1794467628072580,0.0,0.0
1794806038559136,0.0,0.0
1795275694569760,1.0,1.0
1795838157939383,0.0,0.0
1795994994565492,2.0,1.0
1796220297860115,0.0,0.0
1796978557732894,2.0,1.0
1797304205013838,2.0,1.0
1797816157421923,1.0,2.0
1798746014206334,0.0,0.0
1798825444080518,3.0,3.0
1799886071203426,0.0,4.0
1800119294080246,1.0,2.0
1800874067573779,1.0,1.0
1802551423832973,0.0,1.0
1802901867115138,0.0,0.0
1802937190454730,1.0,2.0
1803667320456458,3.0,3.0
1803907617461921,1.0,1.0
1804517287012054,1.0,1.0
1804707356947805,3.0,1.0
1806383083449703,1.0,1.0
1806581486547612,0.0,0.0
1807119243386721,0.0,0.0
1807152293373908,0.0,0.0
1807212613443727,0.0,0.0
1807678240082871,1.0,2.0
1808039046373094,1.0,1.0
1809421546557319,0.0,0.0
1809653969760824,2.0,3.0
1809747603110595,1.0,0.0
1810239353061733,2.0,4.0
1811020826205069,0.0,0.0
1811190153024111,2.0,1.0
1811876849564837,0.0,0.0
1811935819715129,3.0,1.0
1814434233326679,1.0,2.0
1815570472290039,3.0,2.0
1816547985765936,3.0,3.0
1817985385695976,3.0,1.0
1820254285390263,1.0,1.0
1820349128479556,1.0,4.0
1821192888720256,0.0,0.0
1821455731933901,1.0,2.0
1823002508513843,1.0,2.0
1823370201768084,0.0,0.0
1823879168446339,0.0,0.0
1824224961736646,1.0,4.0
1824252071683407,1.0,1.0
1826034218149294,0.0,0.0
1826700731463016,2.0,4.0
1827345484705494,1.0,1.0
1828358251306787,3.0,1.0
1830143677788157,1.0,1.0
1830333564462190,0.0,0.0
1830386607763377,0.0,0.0
1835032003933491,1.0,3.0
1835202930217095,2.0,1.0
1837120186926950,2.0,4.0
1837806960289399,1.0,0.0
1838176640049679,0.0,0.0
1839775530111085,1.0,0.0
1840441860115430,0.0,0.0
1841272313307041,1.0,1.0
1842297899508614,0.0,0.0
1842301339731740,2.0,2.0
1845182012575158,1.0,1.0
1845744863459855,1.0,0.0
1846491192843486,1.0,0.0
1846546673382304,0.0,0.0
1847068376265045,1.0,1.0
1848012409473823,1.0,3.0
1850663105881533,0.0,0.0
1853132355451588,1.0,1.0
1855183878405338,2.0,0.0
1857146438358389,1.0,1.0
1858188531819591,1.0,1.0
1858521474981076,2.0,4.0
1860002394535768,2.0,1.0
1861314848232913,0.0,0.0
1862500714221847,2.0,3.0
1862540818014985,0.0,3.0
1866153363825595,1.0,4.0
1867641130641866,0.0,0.0
1869657487176084,0.0,0.0
1876432653096881,0.0,0.0
1878720046609032,2.0,1.0
1884151758783383,0.0,0.0
1884665452024702,2.0,1.0
1889267074953164,2.0,4.0
1890737954798536,0.0,0.0
1890912745158495,0.0,0.0
1891622895004122,0.0,0.0
1899685047365676,3.0,1.0
1902478051137536,1.0,3.0
1902980590376862,2.0,1.0
1903484206729953,1.0,0.0
1904185617207866,1.0,1.0
1904823576861450,1.0,4.0
1905109016702410,1.0,1.0
1905975630074720,2.0,3.0
1906410663218013,1.0,1.0
1909736299493276,1.0,3.0
1913497859183276,1.0,1.0
1913509406279140,1.0,2.0
1915001796001394,1.0,1.0
1915720698957855,0.0,1.0
1917093089098069,1.0,3.0
1921369325490703,0.0,0.0
1926973864680375,1.0,1.0
1927356754422661,2.0,0.0
1936182906790586,0.0,0.0
1936586947059889,0.0,0.0
1936936186828983,2.0,3.0
1938537160181652,1.0,2.0
1941193209870500,1.0,3.0
1942410626211029,0.0,0.0
1943254589498567,2.0,1.0
1948025589377860,1.0,4.0
1948710855808701,3.0,2.0
1950578465724423,1.0,2.0
1950656312081885,0.0,0.0
1951920865475546,0.0,0.0
1953508441820544,1.0,1.0
1953596485120125,0.0,1.0
1955121165340515,1.0,4.0
1955179058307144,1.0,0.0
1955549941848374,0.0,0.0
1956092751538715,1.0,1.0
1956826115004848,1.0,4.0
1957568461430187,1.0,0.0
1958046701335520,1.0,0.0
1958301994691126,2.0,1.0
1959530597906647,1.0,2.0
1960721147953245,0.0,0.0
1965058377293371,0.0,0.0
1966537117186328,3.0,0.0
1967701280530120,0.0,3.0
1969424240343690,0.0,0.0
1972983089845662,0.0,3.0
1974382850027193,1.0,1.0
1974592213191930,1.0,1.0
1976061503084182,1.0,3.0
1976717476175887,2.0,1.0
1976951792803502,1.0,1.0
1981527532342035,1.0,4.0
1982820925528405,0.0,0.0
1984565088851962,1.0,1.0
1985279192123282,0.0,0.0
1986905038740061,0.0,0.0
1987854968357636,1.0,0.0
1989437688201341,1.0,4.0
1990994821674665,0.0,0.0
1992725481503756,0.0,0.0
1994845701160498,1.0,1.0
1995349734508904,3.0,1.0
1995387520969682,1.0,0.0
1998210754173653,0.0,0.0
1998910230575563,1.0,1.0
2000835520743359,0.0,0.0
2001394133661743,2.0,4.0
2001741447298797,3.0,3.0
2003323340470196,0.0,0.0
2006802676605888,0.0,0.0
2008601482935551,1.0,0.0
2010443062792570,2.0,1.0
2010548859757826,1.0,4.0
2010648582912746,1.0,1.0
2010790526420926,2.0,1.0
2011069016438782,1.0,1.0
2011865955947422,2.0,1.0
2012417095901449,0.0,0.0
2012504869401292,0.0,2.0
2012797319471157,1.0,4.0
2013888612357590,1.0,4.0
2015027055790076,1.0,3.0
2016049182608492,2.0,4.0
2016554505617558,0.0,0.0
2016972465672821,1.0,1.0
2018183882113768,1.0,3.0
2018226328679495,2.0,1.0
2018459365307322,0.0,0.0
2019581695227906,2.0,4.0
2020725001770250,0.0,0.0
2021470878360046,1.0,1.0
2024179998486124,1.0,3.0
2025523264749711,0.0,0.0
2025575107941556,0.0,0.0
2026026987915238,0.0,2.0
2026696201186995,1.0,1.0
2029057987570918,1.0,3.0
2030191094059735,0.0,0.0
2031635074496063,1.0,0.0
2034145447191737,0.0,1.0
2034149970435726,1.0,4.0
2034479060326066,2.0,4.0
2042760029522083,0.0,0.0
2044155639358137,0.0,0.0
2045200516088753,0.0,1.0
2045465819387827,1.0,0.0
2045615712642833,0.0,4.0
2045619215801396,3.0,2.0
2047629525686873,1.0,1.0
2048629952684427,1.0,1.0
2049866676406894,0.0,0.0
2050935692016529,0.0,0.0
2050978312089251,2.0,4.0
2051099778818506,2.0,3.0
2054440528684036,1.0,2.0
2056393591454164,3.0,3.0
2056688891411056,1.0,2.0
2056935075071073,0.0,0.0
2057485984676299,1.0,2.0
2058662748060180,3.0,1.0
2059183854682350,0.0,0.0
2060264901062971,2.0,3.0
2060578591108126,1.0,3.0
2062667110830736,2.0,3.0
2064125574507477,1.0,1.0
2064243864001823,1.0,1.0
2064271974037979,3.0,3.0
2065360427690116,2.0,3.0
2067158137058354,0.0,0.0
2068457476931765,0.0,0.0
2070884423709990,1.0,4.0
2070944943319220,2.0,2.0
2074127993194381,4.0,1.0
2074711206282100,0.0,0.0
2078894792626765,3.0,2.0
2079335529390058,1.0,2.0
2080456092505879,1.0,2.0
2082049612706684,0.0,0.0
2082138255577256,2.0,3.0
2084296642293091,1.0,1.0
2085979901997400,1.0,1.0
2088570391594488,0.0,0.0
2088647134901959,1.0,1.0
2088910071708106,1.0,3.0
2089990671517466,2.0,2.0
2090466428469931,1.0,4.0
2091032871346006,1.0,0.0
2092020758330485,0.0,0.0
2093148874455285,1.0,3.0
2096409167392851,2.0,4.0
2096597247439552,0.0,0.0
2100367983892338,1.0,4.0
2101762656945810,3.0,2.0
2103037696819808,1.0,0.0
2105168716606950,0.0,0.0
2107028960157130,2.0,4.0
2107811549638363,1.0,1.0
2108478782919841,0.0,0.0
2108554266750707,0.0,0.0
2110124216092451,0.0,0.0
2111463359469610,1.0,2.0
2112341545951236,0.0,0.0
2113467869084205,3.0,1.0
2113470519156235,0.0,0.0
2115946859278089,2.0,3.0
2120194405206969,3.0,1.0
2120473025179735,2.0,1.0
2120781105023414,1.0,2.0
2121014929294210,1.0,1.0
2122646278181832,2.0,1.0
2124179184651776,0.0,0.0
2124890891298383,1.0,2.0
2125753111172992,3.0,1.0
2127219361008415,2.0,3.0
2127539884779242,0.0,0.0
2128137537782145,1.0,0.0
2132085920561958,1.0,1.0
2133854127059415,3.0,2.0
2134292590636332,3.0,0.0
2134388706978446,1.0,1.0
2146682909587986,0.0,0.0
2149603718907927,1.0,4.0
2149610302650025,0.0,0.0
2154199661663150,0.0,0.0
2155072838241490,0.0,0.0
2155554424877180,1.0,1.0
2155741614845758,2.0,3.0
2159697694450139,3.0,3.0
2160009164431000,2.0,1.0
2160834874358666,0.0,0.0
2163450137886845,1.0,2.0
2165190150720359,1.0,0.0
2171321440110888,0.0,0.0
2178716073052551,0.0,2.0
2179914105757025,1.0,0.0
2180378442472879,1.0,1.0
2183617669161865,0.0,0.0
2184148975696515,0.0,0.0
2189673461426930,0.0,0.0
2195879851360990,0.0,0.0
2198353447226713,4.0,0.0
2200814787052323,2.0,4.0
2201073717129087,1.0,3.0
2202382910518819,0.0,0.0
2208274882907995,1.0,0.0
2212449232935505,0.0,0.0
2212958419494626,1.0,1.0
2214795239339362,1.0,2.0
2220403705451326,1.0,4.0
2222514061930539,1.0,4.0
2223917595072359,1.0,1.0
2229147617943788,2.0,0.0
2231060677290841,1.0,1.0
2233927227446316,1.0,0.0
2235894106804434,0.0,0.0
2239086316823582,1.0,3.0
2240447803425595,0.0,0.0
2244860386086839,1.0,3.0
2246742602533208,2.0,4.0
2247645299109834,0.0,0.0
2249656808738437,1.0,1.0
2253029578568153,1.0,1.0
2255473805281461,2.0,3.0
2255804621904739,1.0,3.0
2257471527961921,0.0,2.0
2257607828316074,0.0,0.0
2260230271381453,0.0,0.0
2263772144450419,0.0,1.0
2275605506146577,0.0,1.0
2275795309843058,0.0,0.0
2275919846595972,1.0,0.0
2278546622950400,2.0,0.0
2279812466091366,1.0,1.0
2280174746145768,1.0,3.0
2280201212364794,2.0,4.0
2280695278964914,2.0,4.0
2285351091864349,0.0,0.0
2287009621769492,3.0,1.0
2288206855341437,0.0,0.0
2290893157909198,0.0,0.0
2292817127915719,0.0,0.0
2294785584684578,1.0,2.0
2304285563278812,2.0,1.0
2304954416537904,0.0,0.0
2305187093551012,1.0,1.0
2307087463032131,1.0,4.0
2309339866097449,2.0,3.0
2309808982719626,0.0,0.0
2313586115762215,2.0,3.0
2314528085579945,1.0,3.0
2315942378773884,2.0,1.0
2319097668622328,1.0,1.0
2319244225140866,1.0,2.0
2319410385118587,0.0,0.0
2321456831621108,1.0,3.0
2323711858374556,2.0,1.0
2323780154647267,1.0,1.0
2325606454475408,1.0,1.0
2328276137573125,1.0,1.0
2334997093377926,1.0,1.0
2335596396824030,1.0,1.0
2342376572785320,3.0,3.0
2345242376220145,1.0,2.0
2346156305724631,1.0,3.0
2346422149428803,0.0,0.0
2347783768951460,1.0,4.0
234846022951111,2.0,3.0
2352122325138098,1.0,1.0
2353442021853615,1.0,1.0
2355801208122838,2.0,3.0
2360449458027289,1.0,1.0
2364728350547243,1.0,0.0
2366830610344709,2.0,0.0
2367618000253213,1.0,0.0
2368583956823606,1.0,0.0
2369294697212550,0.0,0.0
2371568689695186,2.0,4.0
2377048489296817,1.0,3.0
2377068735970342,1.0,4.0
2382607259230186,1.0,1.0
2388195458201494,0.0,0.0
2389514421383083,4.0,0.0
2394097104260963,3.0,0.0
2395032294174390,1.0,3.0
2398788510466373,1.0,0.0
2399300133744676,1.0,1.0
2399336107097858,1.0,2.0
2401591723529305,3.0,1.0
2404747120020510,0.0,0.0
2405625399607725,1.0,0.0
2410397109299395,1.0,3.0
2413951005609031,0.0,0.0
2414953985537698,1.0,1.0
2415787525578886,0.0,1.0
2416307102052301,1.0,0.0
2418074841929454,0.0,0.0
2419836335081907,3.0,3.0
242198242296111,0.0,0.0
2425312574537750,1.0,2.0
242749248699325,0.0,0.0
243035242144898,1.0,2.0
2435014406851707,1.0,4.0
2436889977070352,1.0,1.0
2437239313464978,2.0,1.0
2438273303178278,1.0,2.0
2439206622949594,2.0,1.0
2443745275814539,2.0,1.0
2444248855917394,1.0,0.0
24541731412154802,1.0,4.0
2455489611584179,0.0,0.0
24573863205590264,1.0,4.0
2461963677620190,0.0,1.0
2463315660814727,0.0,4.0
246590181839932,2.0,3.0
24679996915001602,3.0,4.0
2474204726114541,0.0,0.0
2478230915991978,1.0,3.0
2481376385703875,0.0,0.0
2482323105309504,1.0,1.0
2482933752170324,0.0,0.0
2483422312163138,1.0,1.0
2488872728207443,1.0,1.0
2489513921390759,0.0,0.0
2489631561508944,1.0,3.0
24899504139702726,1.0,4.0
25032093663049871,1.0,2.0
2504724330024345,1.0,1.0
2505204226646655,1.0,4.0
2506644846521720,1.0,3.0
250782121416504,1.0,4.0
2508745459646722,1.0,4.0
2513894272458138,2.0,4.0
2530276157414773,1.0,3.0
2538608963015440,0.0,0.0
2542476856172001,1.0,1.0
2546812142189088,1.0,3.0
2559671247811957,1.0,4.0
2560025271101407,1.0,0.0
2562186607316949,1.0,4.0
2575582426208862,1.0,1.0
2591816914608287,1.0,0.0
2593062967702568,1.0,1.0
2593414120868307,1.0,4.0
2594136227644368,0.0,1.0
2596047797515025,0.0,0.0
2599019460296232,0.0,0.0
2603825070020479,1.0,2.0
2607597512964386,3.0,3.0
2612998049047136,1.0,3.0
2614148855709708,3.0,3.0
2615654818863373,1.0,0.0
2623426021440535,1.0,1.0
2627863527396869,1.0,3.0
2629625014092642,0.0,0.0
2630318294073909,0.0,0.0
2631182707283813,1.0,1.0
2635098460212371,1.0,1.0
2639107492956193,3.0,3.0
2640637069659799,2.0,2.0
2644508029687648,1.0,1.0
2646353045572651,3.0,2.0
2647951095653913,1.0,3.0
2654750264922099,1.0,2.0
2659695784221579,2.0,1.0
2661549550704150,0.0,0.0
2662594757272500,1.0,2.0
2664530053975759,1.0,1.0
2664568353728478,1.0,2.0
2666280156902881,2.0,1.0
2666498876881823,0.0,0.0
2667351190139885,2.0,1.0
2667943273393637,1.0,1.0
2668354996885679,0.0,0.0
26694846646772201,1.0,4.0
2675252812931056,3.0,0.0
2682079961999500,3.0,1.0
26824311737246539,1.0,3.0
26959598963723369,0.0,0.0
26989850720710717,0.0,0.0
2705192663025210,0.0,0.0
2710861349122612,1.0,2.0
27164128919926498,0.0,0.0
27216190281336985,0.0,0.0
27229796373361422,2.0,1.0
2723322174519317,0.0,0.0
2723916357996791,1.0,2.0
2728351114013492,1.0,4.0
27290576280552410,0.0,0.0
27309838791958832,0.0,0.0
2733122223539850,3.0,1.0
27337918919234161,0.0,0.0
273580172381572,1.0,0.0
2738272246358189,1.0,3.0
2739522883114324,2.0,2.0
27408909155414447,1.0,2.0
27444131088539193,1.0,1.0
2746604698883129,3.0,0.0
27489935144024241,3.0,1.0
27499796489698765,0.0,0.0
2752288754958328,2.0,3.0
27546630094966690,1.0,0.0
2758278411039012,0.0,0.0
27589419697356625,0.0,0.0
27636449625984973,1.0,3.0
2765323030527576,0.0,0.0
27684583904490566,2.0,0.0
27688152194149843,2.0,3.0
2771196933265776,1.0,1.0
27733593736339599,0.0,1.0
27738599622421661,2.0,1.0
27795093930134591,2.0,0.0
27796463083355972,1.0,3.0
27836035999327933,1.0,4.0
2784066041796463,0.0,1.0
2785740234945717,0.0,0.0
2797679283743532,1.0,1.0
28014602321464781,0.0,0.0
28055589927437528,0.0,0.0
28059107713714546,0.0,0.0
2808348236027898,1.0,4.0
2809177186136059,1.0,4.0
2809902772525024,0.0,0.0
281212841491926,2.0,3.0
281877674750319,2.0,4.0
28193903960244566,2.0,3.0
2821421931360726,1.0,4.0
28234056732947945,1.0,2.0
2823425294485723,0.0,0.0
28245257731760270,1.0,0.0
28258377527140108,1.0,1.0
2827193210792435,0.0,0.0
2827621167397521,1.0,0.0
2828269864201422,0.0,0.0
2829056860610781,2.0,1.0
2832207733655452,1.0,0.0
2832208260290624,1.0,2.0
28338460799135258,0.0,0.0
28369188422695937,0.0,0.0
28401528546159406,0.0,0.0
2843675602632705,2.0,2.0
2844863442511296,1.0,2.0
28456433547335048,1.0,0.0
2847692975578900,0.0,0.0
28490959390593005,1.0,1.0
28495982493380686,1.0,4.0
2857710211236500,2.0,3.0
2864674767077028,0.0,0.0
2871941139860992,0.0,0.0
28736113246002933,0.0,0.0
2874529229389754,1.0,1.0
2875910475936803,1.0,1.0
2884232841735157,2.0,3.0
28842584072009714,1.0,3.0
28848381374752955,0.0,0.0
2886501091686351,1.0,3.0
2902024756638362,0.0,0.0
290614897372971,1.0,1.0
2907640756073531,0.0,0.0
2910425302457906,2.0,2.0
29141681145420997,0.0,0.0
2915298678644319,0.0,0.0
2917962001728505,0.0,0.0
2920056458345966,0.0,0.0
2922718441220229,2.0,1.0
2923963877759784,0.0,0.0
2929806580519066,0.0,0.0
29314663861456634,1.0,1.0
2933893893441889,1.0,1.0
2936141996746504,0.0,0.0
293749850161654,0.0,0.0
2937625006386956,2.0,1.0
2948217645332897,2.0,1.0
2954051171437313,2.0,2.0
2954634811360242,1.0,3.0
2955392211467029,1.0,1.0
2956100154574099,2.0,4.0
2957950917689502,1.0,3.0
2967528553596876,0.0,0.0
297089616702892,0.0,0.0
2974361686055560,0.0,0.0
2985417421808905,1.0,1.0
3001464893344887,1.0,4.0
3004594616371601,0.0,0.0
3015703085251906,2.0,0.0
3020069368191516,1.0,2.0
3028726763934623,2.0,3.0
3032149403641258,1.0,3.0
3035456486606922,1.0,1.0
3039453786253247,1.0,3.0
3054679368199190,1.0,3.0
3065807810251196,1.0,0.0
3067837476697905,1.0,4.0
3080670588756454,0.0,0.0
308577115574161,0.0,0.0
308797011822434,3.0,1.0
311410222067126,1.0,1.0
311694004609355,0.0,0.0
3132531896894159,2.0,3.0
313627354627027,2.0,1.0
3136565896481430,3.0,1.0
3137533163081306,1.0,1.0
3139862376204887,0.0,0.0
314357591627895,2.0,2.0
3147832592013602,1.0,2.0
315416178126117,2.0,3.0
3160155567458620,2.0,1.0
317148747831389,0.0,0.0
317976397933498,2.0,1.0
31916417661305278,0.0,0.0
3192238287597150,0.0,0.0
319671464422036,2.0,3.0
3197298817073431,2.0,3.0
3212967505759929,1.0,1.0
3218640208523633,1.0,3.0
3226112407530317,3.0,1.0
3226818764186422,0.0,0.0
3235337810108148,2.0,0.0
323984260433844,1.0,3.0
324405636756110,1.0,3.0
324715133739643,1.0,3.0
3260582220755441,1.0,0.0
3277913272513827,0.0,0.0
3307650739425087,1.0,2.0
332487823293384,1.0,1.0
3329357400701910,1.0,1.0
3347687918750838,3.0,0.0
3353252931480074,1.0,4.0
3363945187070697,0.0,0.0
3379467462186988,1.0,4.0
3393637324105532,0.0,0.0
3401804933323750,2.0,4.0
3421025354697136,0.0,0.0
3431792736951629,1.0,0.0
343881904950233,0.0,0.0
3438969699605976,2.0,2.0
3451887901645079,0.0,0.0
3454936918148001,0.0,0.0
3459517980881045,3.0,3.0
3485074728466101,1.0,3.0
349229891430150,0.0,0.0
3527782457429040,2.0,3.0
3529636417200068,0.0,0.0
3533225950311530,0.0,0.0
3533393813630293,1.0,1.0
3533550263611316,1.0,0.0
3540266812806293,0.0,0.0
3544551529036184,1.0,3.0
3548562808778564,1.0,4.0
3553424768155827,1.0,2.0
3555366708011128,0.0,0.0
3560512714251617,0.0,0.0
3590053204625528,1.0,2.0
3604878969646070,0.0,0.0
360638860220672,2.0,2.0
3614159745415395,1.0,3.0
3616932835112643,0.0,0.0
3617518928396001,1.0,0.0
362297683349523,2.0,3.0
3625250127765817,0.0,0.0
362946583112219,1.0,4.0
363273396628646,2.0,3.0
3632776756978796,1.0,0.0
3645879492217275,0.0,1.0
365190452739535,2.0,1.0
365197366682996,0.0,1.0
3657520114470435,2.0,1.0
36725400127104886,0.0,0.0
3686048721532411,1.0,4.0
3692031461099836,1.0,4.0
369753032892658,0.0,1.0
3697563997165529,1.0,2.0
3705091849655560,0.0,0.0
3705456229768282,2.0,4.0
373623262125302,2.0,3.0
373796122336276,0.0,0.0
3740013202928563,1.0,1.0
37440059505579124,1.0,0.0
3759789644238299,1.0,3.0
3770522479929599,1.0,1.0
3772081059709054,2.0,2.0
377372451736057,2.0,2.0
3778125792436747,1.0,2.0
378473108223970,2.0,2.0
3786842038295365,2.0,1.0
3787680021493711,0.0,0.0
379131358202601,2.0,3.0
3794586830792819,0.0,0.0
3796014083993882,1.0,1.0
3799584713624713,3.0,2.0
3800645170067609,2.0,1.0
3800756746809025,3.0,4.0
3801635166744901,2.0,3.0
3806964532885185,1.0,3.0
3807106556218299,1.0,1.0
3807112766206431,0.0,0.0
381077564544604,2.0,3.0
3811808719081295,1.0,1.0
38118087217807218,1.0,1.0
3819350554998398,1.0,4.0
3820333001517545,1.0,2.0
3823551527895117,2.0,0.0
3825926444388376,3.0,1.0
3826185487642462,1.0,0.0
3829000734018338,1.0,2.0
3831477163771103,2.0,3.0
3836308516584886,0.0,0.0
3837188599943725,4.0,1.0
383751694381905,2.0,0.0
3840336412779103,0.0,0.0
3843124262619514,2.0,0.0
3848511072145456,0.0,0.0
3848817405448425,1.0,0.0
3850322025282798,0.0,0.0
385116704686925,3.0,1.0
3856040894659480,1.0,4.0
3857687684446862,0.0,0.0
3857901804433213,1.0,3.0
3861139670841370,1.0,1.0
3865517963722937,0.0,0.0
3865804853678359,0.0,0.0
3868413763398348,0.0,0.0
3872991359606435,0.0,0.0
3874807312732420,0.0,0.0
3874859089392506,1.0,1.0
3875770039304920,0.0,0.0
3878459015760210,2.0,0.0
3879800372293659,0.0,0.0
3882113865377405,2.0,4.0
3882901041971953,0.0,0.0
3886125994992249,1.0,1.0
3886879648307139,3.0,2.0
3887390728182134,0.0,0.0
3897378130520127,1.0,0.0
3897683663848000,0.0,0.0
3901658953485095,1.0,1.0
3904385256471573,3.0,1.0
3904847639842897,0.0,0.0
3905636399752923,1.0,4.0
3908415076080532,0.0,0.0
3909694869309277,3.0,3.0
3912658798991951,2.0,0.0
3913846955553889,2.0,3.0
3917224051938452,1.0,1.0
3919419874871547,2.0,0.0
391953857240064,0.0,0.0
3921519228122854,3.0,3.0
3921686481443321,0.0,0.0
3928554970751077,1.0,1.0
3931167930429721,3.0,2.0
3940737059543357,1.0,0.0
3942825259309591,0.0,0.0
3946954868894211,3.0,1.0
3950292461963479,1.0,2.0
3953058251605762,0.0,1.0
3954999381395691,1.0,4.0
3955716027981773,3.0,1.0
3958487837756238,1.0,2.0
3962149414064221,0.0,0.0
3962455517333452,2.0,2.0
3971299619806514,1.0,1.0
3973572186210186,1.0,4.0
3973780912943632,0.0,0.0
3983214538564684,0.0,0.0
3988820578103058,2.0,0.0
3993515784210995,2.0,4.0
3994265654191885,0.0,0.0
3996412790683183,0.0,0.0
399726656536198,3.0,0.0
3999034866895450,1.0,0.0
400178609825688,0.0,0.0
4005500556400854,1.0,2.0
400682276436400,2.0,3.0
400896756414629,1.0,1.0
4009220552542785,1.0,0.0
4020033981602051,0.0,1.0
4023572091197498,0.0,0.0
4024637514446275,1.0,1.0
4028477787458871,0.0,0.0
4028668074085365,2.0,1.0
403048355522128,0.0,0.0
4037421899912527,0.0,0.0
4037879213115375,4.0,0.0
4042076596076842,1.0,4.0
4042201422683965,0.0,0.0
4045830062355001,0.0,0.0
405086746027263,1.0,1.0
4053338141568572,2.0,1.0
4054250481376661,1.0,1.0
405630552639245,1.0,0.0
4058993187710420,1.0,2.0
4059316084314035,1.0,1.0
4068616816772135,1.0,2.0
406890198660328,0.0,3.0
4069046626714848,1.0,1.0
4069742979913774,0.0,0.0
4073638899535820,1.0,3.0
4095881497361074,1.0,1.0
410244902166545,0.0,0.0
4105020446486130,1.0,4.0
4108090222656636,1.0,2.0
412533791810064,2.0,1.0
413225937903966,1.0,2.0
4136417329903524,1.0,2.0
4141239496120518,1.0,1.0
414515324411471,1.0,3.0
414726354996811,2.0,3.0
4149346405286858,2.0,1.0
415078198295180,0.0,0.0
4155655891398586,1.0,1.0
415895688260902,2.0,1.0
415945554266047,1.0,3.0
419893473753971,2.0,4.0
420783060510948,1.0,3.0
4219821544931607,1.0,1.0
422293897617776,1.0,1.0
4230750830569688,0.0,1.0
4243403275794410,1.0,1.0
426401490557168,1.0,1.0
4264819813753946,1.0,2.0
4275978315964899,1.0,0.0
428067219642631,2.0,0.0
428605880247157,1.0,4.0
429298543507772,2.0,1.0
429348300173604,0.0,0.0
430052699371119,1.0,3.0
4327482634159289,1.0,1.0
4328256674115299,1.0,3.0
433124213178694,2.0,2.0
4340729616190922,1.0,2.0
4341409302795035,3.0,2.0
434526439704734,0.0,0.0
436075086156249,1.0,1.0
437355039257831,0.0,0.0
437375845822877,1.0,1.0
4376064745977147,1.0,0.0
438941822526945,0.0,2.0
439405112336317,1.0,0.0
439799842290683,1.0,0.0
4398961283690689,2.0,1.0
440445438408485,1.0,3.0
440575998594289,0.0,0.0
4409830585971890,0.0,0.0
4417201805161221,1.0,4.0
441760408971725,2.0,3.0
443295748750291,0.0,0.0
443298942080599,1.0,1.0
443536321893738,1.0,1.0
443764781869374,1.0,1.0
4439579099591330,1.0,4.0
444075305159037,1.0,0.0
4451004075161142,1.0,0.0
4484015515177470,1.0,1.0
448992154958255,2.0,1.0
4490385941201516,3.0,4.0
4510712742544010,1.0,4.0
4518628871792088,0.0,0.0
452201714650215,1.0,3.0
452377094571215,2.0,1.0
4532354583682699,2.0,2.0
455792044271033,1.0,3.0
455906877459152,0.0,0.0
4562845930700251,1.0,4.0
4566179910372626,0.0,0.0
4566260343598556,2.0,0.0
457994630654664,2.0,2.0
459301320586630,1.0,4.0
4604518506463144,1.0,1.0
460770246528341,3.0,0.0
460922739975365,0.0,0.0
461332810330983,1.0,1.0
461562833682654,1.0,0.0
462210553649783,1.0,1.0
462993753090892,1.0,4.0
463255236188400,0.0,0.0
463830443462354,0.0,0.0
464115973419480,1.0,1.0
464309780016437,0.0,0.0
465270749973926,0.0,0.0
465767503204664,2.0,1.0
467069309189776,0.0,0.0
467440649216272,1.0,2.0
4691595141164884,1.0,1.0
469865762846774,1.0,1.0
470105112825131,1.0,3.0
470982672740693,1.0,2.0
471236225531531,2.0,4.0
471761559147616,1.0,2.0
471828805793254,2.0,3.0
471881492469676,2.0,1.0
4722731161285458,0.0,0.0
4725824874406883,1.0,3.0
472624145902463,2.0,0.0
472666991840738,0.0,0.0
472872475689313,0.0,0.0
473198508639985,1.0,3.0
473791479106948,1.0,2.0
473867401909404,0.0,0.0
473993115139389,1.0,3.0
474045169110035,2.0,3.0
475028675661427,1.0,1.0
475587768926209,2.0,2.0
475695412062216,1.0,1.0
475743548920299,1.0,1.0
476035468335073,1.0,1.0
476751591924710,1.0,4.0
477323358559881,1.0,0.0
477465895186902,0.0,0.0
477548638747947,1.0,0.0
477602504786496,2.0,3.0
478753768610893,1.0,1.0
480056507922850,1.0,1.0
480789531734925,0.0,3.0
481173414810699,0.0,0.0
481188834786814,1.0,2.0
481216284791227,0.0,0.0
481257351688977,1.0,1.0
481342414793635,1.0,4.0
482041181006538,0.0,3.0
482476961625312,0.0,0.0
483235424096923,1.0,1.0
483252781221834,2.0,0.0
483842821158822,0.0,0.0
484957994374470,1.0,1.0
484991460555995,2.0,4.0
485263034332216,0.0,0.0
485354917665238,1.0,0.0
485829817611311,0.0,0.0
485929590942523,1.0,1.0
486117847865490,2.0,3.0
486118821197022,1.0,1.0
486781264527923,1.0,2.0
486922841174341,1.0,1.0
487351067435799,1.0,3.0
487435384098559,2.0,1.0
487712657403543,0.0,0.0
487923347692185,2.0,2.0
488295704009004,1.0,0.0
488802673949516,0.0,0.0
491053080368254,0.0,0.0
491193937015467,1.0,1.0
491602310644569,1.0,4.0
491699056957488,1.0,4.0
491839569914411,2.0,3.0
492040593886655,1.0,1.0
492540757167632,2.0,1.0
492621239825612,0.0,0.0
493663620059108,1.0,1.0
493839790481560,0.0,0.0
493847083756255,0.0,0.0
494439476674347,0.0,0.0
494888916614271,0.0,0.0
495000976241215,2.0,4.0
495261190273292,1.0,0.0
495416449894827,1.0,1.0
495764120210846,0.0,0.0
495981116509383,3.0,1.0
496175056848487,1.0,0.0
496511290143531,3.0,1.0
496535876797581,1.0,4.0
497919153414001,2.0,3.0
497934402939738,1.0,0.0
498265623311750,0.0,0.0
499031439814302,1.0,2.0
499272439835489,0.0,0.0
499281736129163,2.0,0.0
500379159356905,0.0,0.0
500414279696930,0.0,0.0
500631742659992,2.0,4.0
500937376366777,1.0,0.0
500988725956522,4.0,0.0
501094456347388,0.0,0.0
501319522944979,2.0,1.0
501873335876624,0.0,0.0
502331429498729,0.0,0.0
502400899549938,0.0,0.0
502545515785163,2.0,0.0
502734436184526,1.0,0.0
503559242339003,0.0,0.0
503772555658429,3.0,3.0
504048502299324,1.0,1.0
504725409309127,1.0,0.0
505358838820540,0.0,0.0
505915048765304,0.0,0.0
506056082089485,1.0,3.0
506444019226545,1.0,2.0
506856715664016,2.0,3.0
507573668575697,0.0,0.0
507655709015162,2.0,3.0
508854305103985,0.0,4.0
509564662153642,0.0,0.0
509620071693044,1.0,2.0
511396048155691,2.0,1.0
512663388515270,1.0,2.0
512890564648954,0.0,0.0
513163661286631,1.0,3.0
513777431224935,0.0,0.0
514561028313539,2.0,0.0
515012864435475,0.0,0.0
515114257723768,1.0,0.0
515428014372248,3.0,2.0
515534401017548,0.0,0.0
516905021344743,1.0,1.0
517518651348097,2.0,2.0
518412567934546,3.0,0.0
519450430589049,2.0,1.0
519970497777687,1.0,3.0
520097207201631,0.0,0.0
520926931003086,0.0,3.0
520989024336606,2.0,1.0
521219604324188,4.0,0.0
522123216964148,0.0,0.0
522448574293749,2.0,1.0
522633413580839,2.0,0.0
522659246897684,2.0,3.0
523327920743101,0.0,0.0
523368403505739,2.0,1.0
523749446799261,3.0,0.0
523976167088533,0.0,0.0
524727573874527,1.0,4.0
525059420591505,0.0,0.0
526650520153024,0.0,0.0
527974709652461,1.0,0.0
528306336934715,1.0,3.0
528643769578429,0.0,0.0
528769256227780,3.0,3.0
530195143340736,1.0,1.0
530424066170895,1.0,2.0
531739312556254,0.0,0.0
531775192560277,0.0,0.0
531807066568952,0.0,1.0
532342365829448,0.0,0.0
532829522441944,0.0,0.0
533637992362775,1.0,0.0
533993199696805,0.0,0.0
534006579714368,2.0,1.0
534556096118136,0.0,0.0
535283415520427,0.0,0.0
538147732576294,0.0,0.0
538213462383140,2.0,3.0
538313119227101,3.0,2.0
538809485868846,1.0,2.0
538989232341660,1.0,4.0
540158252379839,1.0,4.0
540873698999127,1.0,0.0
541306755599059,2.0,0.0
541380258884531,2.0,4.0
541411242265019,0.0,0.0
541568962242215,2.0,1.0
541965772229257,2.0,2.0
541971801983701,2.0,1.0
542089942139823,3.0,2.0
542549012132922,2.0,1.0
542988022102772,1.0,0.0
543192402024682,3.0,2.0
543485655157961,1.0,4.0
543541258294798,1.0,2.0
544243831979485,3.0,1.0
544308885282386,1.0,1.0
544396728564906,2.0,3.0
544465078433772,1.0,0.0
544916901695234,2.0,1.0
546868544890075,4.0,2.0
547322564995907,1.0,0.0
547425298325905,4.0,0.0
547430551681735,0.0,0.0
547775451754739,0.0,0.0
548180888266562,0.0,0.0
548227767987226,1.0,4.0
548635481422893,1.0,3.0
548725071525384,1.0,3.0
549271338122334,2.0,4.0
549328764726327,1.0,1.0
549350917903146,2.0,4.0
549413181586414,0.0,0.0
549934607735283,2.0,1.0
550003730833204,0.0,0.0
550127281133052,1.0,3.0
550286454518498,1.0,4.0
550451977880514,1.0,3.0
551430181094077,0.0,0.0
551859234309198,1.0,3.0
553496871040757,0.0,0.0
554166487332883,0.0,0.0
554712390516379,0.0,0.0
554872177583139,0.0,0.0
556001417036887,1.0,2.0
556534650872934,2.0,3.0
556579700418579,3.0,1.0
556896227115099,1.0,1.0
557778480333701,1.0,3.0
557892266865251,1.0,3.0
557901853518890,1.0,1.0
557908700459769,1.0,3.0
558882863546640,0.0,0.0
559449576948508,2.0,3.0
559489620166115,1.0,1.0
559612880369123,0.0,0.0
559665453355289,1.0,4.0
559718110398582,2.0,1.0
559900530333997,3.0,0.0
559996166855302,0.0,0.0
560593973644457,1.0,1.0
560824900053400,1.0,0.0
560941893598180,2.0,1.0
561492046937138,0.0,0.0
561520316822391,1.0,0.0
561821096737009,1.0,3.0
561830386620533,1.0,1.0
562387956529101,1.0,3.0
562687792797844,1.0,4.0
563361333525402,0.0,0.0
563371149767849,0.0,1.0
564178923016665,3.0,4.0
564728503388925,0.0,0.0
564802376558581,1.0,2.0
565107919574753,1.0,2.0
565294539436395,1.0,0.0
565320973171000,0.0,0.0
565416772796633,1.0,0.0
565573689496390,1.0,3.0
566368222806485,1.0,4.0
566427146364679,1.0,1.0
568436806349176,0.0,0.0
569928316043526,1.0,2.0
569993422644197,1.0,2.0
570026082642108,1.0,3.0
570747739292617,0.0,0.0
571004375512260,3.0,3.0
571309375845127,1.0,1.0
571335385838366,0.0,0.0
571820128869757,0.0,0.0
572467652446837,1.0,3.0
575225775504192,1.0,3.0
575326791709355,1.0,3.0
575458835069007,1.0,2.0
575643838637058,2.0,0.0
575902275271046,2.0,3.0
576178875416265,0.0,0.0
576486378261320,1.0,1.0
576538711877248,1.0,0.0
577075378404855,1.0,4.0
577317858460700,2.0,0.0
577326652010203,2.0,3.0
577584798593901,2.0,1.0
577694035076389,1.0,1.0
577872808162999,1.0,1.0
578026645101465,1.0,0.0
578060385045253,1.0,2.0
578339438522797,1.0,0.0
578601178344252,1.0,2.0
578722018322544,3.0,1.0
578851961299270,3.0,0.0
578869181715062,0.0,0.0
579245528423561,0.0,0.0
579313384681310,1.0,0.0
579555931292939,1.0,1.0
580294994999655,0.0,0.0
580303581357092,2.0,1.0
580334271644910,3.0,2.0
580481711519086,1.0,4.0
580514524793472,2.0,4.0
580586541517393,0.0,0.0
580670078281735,0.0,0.0
580673201452968,0.0,0.0
581075388082523,0.0,0.0
581193988071105,1.0,3.0
581463554714879,1.0,0.0
581553268051790,0.0,0.0
581574761078245,0.0,0.0
581804394672282,1.0,4.0
581930811404846,2.0,1.0
581984257525893,0.0,0.0
582127388055845,1.0,0.0
582372721274716,1.0,2.0
582519831325806,1.0,2.0
582727901332121,1.0,0.0
582883781381555,2.0,0.0
583139774690684,2.0,1.0
583279610747547,1.0,1.0
583280654580589,2.0,4.0
583289227551133,1.0,1.0
583370290758671,2.0,2.0
583629517771223,0.0,0.0
583673334017853,1.0,2.0
583725847361183,2.0,3.0
583894344436220,1.0,3.0
584467274549026,1.0,1.0
584515674389726,4.0,1.0
584543591169281,1.0,0.0
584750211039921,2.0,1.0
584897268031340,1.0,0.0
585020334362538,1.0,2.0
585100631168773,2.0,1.0
585790967696364,1.0,3.0
585878967745630,1.0,3.0
586094584362119,0.0,0.0
586195010884644,0.0,0.0
586512340901889,2.0,3.0
586738377375369,2.0,3.0
586778034200920,1.0,1.0
586950010401636,3.0,2.0
587011964135661,0.0,0.0
587016040924199,1.0,1.0
587068777276218,0.0,0.0
587320807552179,0.0,0.0
587352777438875,2.0,1.0
587395010945783,0.0,0.0
587537370312703,3.0,2.0
587830234403496,1.0,1.0
587855027462777,1.0,1.0
587863230320742,1.0,0.0
587894070754705,0.0,1.0
587904417383488,2.0,2.0
587922884222807,1.0,4.0
587994484154984,0.0,0.0
588002990876922,0.0,0.0
588136723705038,0.0,0.0
588267044092222,0.0,0.0
588303360877547,0.0,0.0
588307070655235,1.0,2.0
588384047454457,0.0,0.0
588430350736596,1.0,1.0
588490483809638,0.0,0.0
588501617140585,1.0,0.0
588527104027545,0.0,0.0
588564834147391,1.0,4.0
588750727170394,2.0,4.0
588901873822957,0.0,0.0
589066223680279,1.0,0.0
589154083633054,1.0,3.0
589159550545521,1.0,1.0
589227137299870,0.0,0.0
589273970237907,2.0,2.0
589550497089324,0.0,0.0
589747503973191,1.0,4.0
589969870175019,0.0,0.0
589980003936549,1.0,0.0
590334327230197,0.0,0.0
591034783686659,1.0,3.0
591040513694469,2.0,2.0
591333526944207,0.0,0.0
591356470365761,1.0,1.0
591358187098194,1.0,1.0
591455276668941,2.0,3.0
591505800514765,1.0,2.0
591657606635372,3.0,1.0
591672336999099,1.0,0.0
591681160241258,0.0,0.0
591834773618623,1.0,2.0
591993190121126,0.0,0.0
592226543639655,1.0,2.0
592327799938937,3.0,3.0
592414626573824,3.0,0.0
592570296957910,0.0,0.0
592619390200897,1.0,0.0
592735060279144,1.0,2.0
593065473142772,2.0,1.0
593096993250704,1.0,2.0
593210526850805,2.0,4.0
593346286786907,0.0,4.0
593841340275645,3.0,2.0
593847419814181,3.0,0.0
593922386742906,2.0,1.0
593987319756018,0.0,0.0
594082553437367,0.0,0.0
594411406365307,0.0,0.0
594784249745158,0.0,0.0
594896803402673,2.0,3.0
595113503285774,0.0,0.0
595160949979147,0.0,0.0
595262939806991,3.0,2.0
595387539936456,1.0,1.0
595628010034644,1.0,1.0
595776006650840,0.0,0.0
595854182791845,0.0,0.0
596004846401576,2.0,3.0
596081206468549,1.0,1.0
596284639685594,2.0,3.0
596478313189038,2.0,3.0
596508662995269,1.0,1.0
596833353064992,0.0,0.0
596862706826282,1.0,2.0
596904639723320,0.0,0.0
597090486337734,1.0,2.0
597452026057296,0.0,1.0
597600013148168,1.0,1.0
597601483200684,1.0,1.0
598297086160296,2.0,2.0
598351369592791,0.0,0.0
598459456489878,2.0,4.0
598539866483007,0.0,0.0
598641759738811,2.0,1.0
598641792956878,0.0,0.0
598994669561884,0.0,0.0
599104156018331,1.0,3.0
599206222528933,2.0,1.0
599340886138963,0.0,0.0
599351045825313,1.0,1.0
599450316020468,0.0,0.0
599657749076443,2.0,3.0
599964346228854,1.0,4.0
600321899595335,0.0,0.0
600356382950375,1.0,0.0
600519346017928,2.0,3.0
600610042646705,2.0,3.0
600831732558402,4.0,0.0
600893275979209,1.0,1.0
600918402872753,1.0,3.0
601378989373872,1.0,4.0
601400322675846,0.0,0.0
601645972824780,1.0,2.0
601721805822564,1.0,2.0
601794732713265,1.0,1.0
601932169059875,1.0,2.0
602282142558517,0.0,0.0
602775299280328,0.0,0.0
603209232318572,2.0,1.0
603939712423219,1.0,3.0
604363578898563,1.0,1.0
604524499292447,1.0,1.0
604564485611975,1.0,4.0
604804495618403,1.0,4.0
604917105622740,1.0,2.0
605135615376109,0.0,0.0
605209832031888,1.0,2.0
605274878606992,3.0,0.0
605297585175156,0.0,0.0
605582065666741,1.0,1.0
605693198991183,1.0,1.0
605788775538678,0.0,0.0
607009815247389,2.0,2.0
607115698410179,3.0,0.0
607118135383684,0.0,1.0
607171415393482,0.0,0.0
607413345211782,0.0,0.0
607606788854166,1.0,2.0
608027624992491,1.0,1.0
608199245243348,0.0,1.0
608656515360664,1.0,0.0
609029018504707,1.0,3.0
609156441974018,2.0,2.0
609325648201418,1.0,2.0
609372981674379,2.0,4.0
609819095297487,0.0,0.0
610001105316843,0.0,0.0
610035641759187,1.0,3.0
610625031685363,0.0,0.0
610825884708925,0.0,0.0
610866578310891,0.0,0.0
611033691674445,0.0,0.0
611077324751622,1.0,2.0
611106448217816,1.0,3.0
611303698516509,3.0,4.0
611327534825635,1.0,3.0
611376624815570,0.0,0.0
611543861523218,2.0,2.0
612213004871631,2.0,1.0
612294494873041,0.0,0.0
612317641585707,1.0,2.0
612745914673200,2.0,0.0
613534517927897,0.0,1.0
613549131426028,1.0,2.0
613560251049471,1.0,2.0
613602677983339,1.0,2.0
613954871215289,0.0,0.0
614130751197729,1.0,1.0
614234997731741,3.0,2.0
614654528179246,0.0,0.0
614842797854686,2.0,4.0
615035201479571,1.0,2.0
615629411032218,0.0,0.0
616290550729924,3.0,1.0
616355054311892,3.0,1.0
616542760966442,0.0,0.0
616554067446868,1.0,1.0
617057517395441,1.0,0.0
617260367661827,1.0,1.0
617465867507823,0.0,0.0
617898510784396,1.0,0.0
618380714539312,0.0,0.0
618637614044067,3.0,1.0
619046604231016,0.0,3.0
619250287471351,1.0,1.0
619255297315983,0.0,0.0
619556930563782,2.0,3.0
619687303780299,1.0,4.0
619928440533233,2.0,2.0
620498623789560,1.0,2.0
620867510427270,1.0,0.0
621128233932418,2.0,1.0
621377353610661,0.0,0.0
621589090823668,1.0,1.0
621595466917447,1.0,3.0
621770367003203,0.0,0.0
621795947202367,1.0,1.0
622532510259029,0.0,0.0
622566830184142,2.0,2.0
622911326813604,0.0,3.0
622941286785857,1.0,1.0
622986056989672,2.0,3.0
623036940239620,0.0,0.0
623330963360883,1.0,0.0
623361780079021,1.0,3.0
623467490275834,1.0,3.0
623960046987024,2.0,2.0
624053733327247,2.0,2.0
624315339959247,3.0,2.0
624758496718792,3.0,0.0
624900823239833,2.0,1.0
625008463314844,3.0,0.0
625251593212480,0.0,0.0
625668050114342,1.0,2.0
625771769960010,1.0,1.0
626026429844992,1.0,0.0
626211686467475,0.0,0.0
626448026518453,1.0,4.0
626624396521139,0.0,0.0
626730503191336,0.0,0.0
626923273149499,2.0,0.0
626979996388462,1.0,1.0
627060880017098,1.0,0.0
627085859973731,0.0,0.0
627201633019025,2.0,1.0
627259380001656,1.0,0.0
627348723115228,1.0,3.0
627445646323570,1.0,4.0
627748782982831,0.0,0.0
627826272994347,1.0,1.0
628100026335986,2.0,4.0
628242919682757,1.0,3.0
628259469734696,1.0,0.0
628357129847950,1.0,1.0
628358093497779,1.0,0.0
628410513048452,1.0,1.0
628426219598812,2.0,1.0
628518519831863,1.0,1.0
628717626413561,3.0,2.0
628742732887643,1.0,1.0
628789132881989,0.0,0.0
628912389807029,4.0,0.0
630213289463380,0.0,0.0
630250166053343,3.0,2.0
630337479694018,2.0,1.0
630392536034539,0.0,1.0
630674399544546,1.0,0.0
630780832798460,0.0,0.0
631031306047748,0.0,0.0
631094586043377,0.0,0.0
631199976147054,2.0,2.0
631282885962930,1.0,2.0
631540012625154,2.0,3.0
631569479650715,1.0,0.0
631683535999753,0.0,0.0
631802285841977,1.0,0.0
631946639287374,1.0,1.0
632125986019089,0.0,0.0
632256639258973,2.0,1.0
632278542624839,1.0,0.0
633237359200786,0.0,0.0
633432549192914,0.0,0.0
633468645881105,1.0,1.0
633576299127693,1.0,2.0
633580029610882,1.0,3.0
633591589133702,1.0,1.0
633597492377179,1.0,1.0
633739096262161,1.0,2.0
633834995666528,1.0,2.0
634000452413578,1.0,4.0
634036365747397,2.0,3.0
634201975726685,1.0,1.0
634284012311135,0.0,0.0
634373459059649,2.0,4.0
634559882367213,3.0,0.0
634654905599020,2.0,3.0
635038158915604,1.0,2.0
635302675612955,0.0,0.0
635330319149259,0.0,0.0
635384005727700,0.0,0.0
635530475666295,1.0,3.0
635575738995069,0.0,0.0
635621519140633,2.0,2.0
636132942132686,1.0,0.0
636384102107617,1.0,2.0
636455442657867,0.0,0.0
636471479048324,0.0,0.0
636509235729623,0.0,4.0
636755645596319,0.0,0.0
636970455376775,0.0,0.0
636988435570479,2.0,3.0
637161555321089,0.0,0.0
637484998676531,1.0,4.0
637785175362890,3.0,2.0
637793665586713,1.0,3.0
637956195411379,2.0,1.0
638106065456918,0.0,4.0
638153408563549,0.0,0.0
638355381866380,1.0,4.0
638393535518251,1.0,0.0
638455512423468,0.0,0.0
638615811960616,1.0,1.0
638767411940431,1.0,4.0
638887898617914,2.0,4.0
639065515141277,2.0,4.0
639158448859686,1.0,3.0
639203795235518,1.0,2.0
639235075420048,1.0,1.0
639272125223379,1.0,1.0
639434768432006,0.0,0.0
640042258550057,1.0,1.0
640858678460297,0.0,0.0
641540898539065,2.0,2.0
641771385180692,3.0,1.0
641879825071949,1.0,3.0
642658688419706,1.0,4.0
642715688243057,3.0,0.0
642728508434396,3.0,0.0
642785391491531,2.0,1.0
642855184831307,3.0,2.0
643011201495247,0.0,0.0
643335931384513,1.0,2.0
643531994778714,1.0,1.0
644112671377272,2.0,1.0
644989057920877,2.0,4.0
645236954598274,0.0,1.0
645290921254291,0.0,0.0
645964727992983,3.0,1.0
646351237819027,0.0,0.0
646670041356749,0.0,0.0
646729697706677,2.0,1.0
646745614459636,0.0,3.0
647586457698012,2.0,1.0
647672927837322,1.0,2.0
647908917665258,1.0,2.0
648573787504214,2.0,3.0
648888047706917,0.0,0.0
649071314143442,0.0,0.0
649420250768859,0.0,4.0
649773674287490,1.0,1.0
649983430703771,1.0,0.0
650063720691925,3.0,1.0
650560300877069,2.0,0.0
650709654185903,0.0,1.0
651113847587772,1.0,3.0
651501537228876,4.0,2.0
651730440623427,0.0,0.0
651858203951187,0.0,0.0
652550363795617,1.0,2.0
652679143866964,1.0,1.0
654078270378195,0.0,0.0
657840439903540,2.0,2.0
657843513575167,2.0,3.0
658945939901414,1.0,4.0
659141373214654,0.0,0.0
659938999852103,1.0,4.0
660332316522459,2.0,1.0
660446009755075,0.0,0.0
663057649402423,1.0,3.0
663944139403675,1.0,1.0
666469065493970,3.0,1.0
667865959217140,0.0,0.0
669096998906901,2.0,0.0
674781061550713,0.0,0.0
675902231657583,1.0,4.0
676833542125827,2.0,4.0
678986168406470,0.0,0.0
679208814673695,2.0,0.0
684695094024716,1.0,3.0
689149733528400,0.0,0.0
690127840172654,0.0,0.0
6913477695428614,3.0,2.0
702303428767640,1.0,0.0
704824291530953,2.0,4.0
708882528878259,2.0,1.0
7135596603198773,1.0,0.0
713701735055400,1.0,4.0
718787531219692,1.0,4.0
724978213113419,3.0,0.0
729446615937609,3.0,0.0
732486623198065,1.0,3.0
734198646109280,2.0,1.0
735597409456473,0.0,0.0
738030735098824,1.0,1.0
744844781850388,0.0,0.0
745649037602234,3.0,1.0
750512280381531,1.0,1.0
752508716839060,4.0,0.0
754613996344161,1.0,2.0
760830287113048,0.0,0.0
7625946067438176,2.0,1.0
763091239900833,0.0,0.0
763984026629197,0.0,2.0
765910962903886,0.0,0.0
770032595345971,0.0,0.0
770467301198911,1.0,3.0
771080418381736,1.0,3.0
772141421466426,1.0,3.0
773174208899148,0.0,0.0
777924691630914,1.0,2.0
779394308199571,0.0,0.0
780794147414890,1.0,0.0
780803641349304,2.0,4.0
781216904865154,1.0,2.0
781410437857034,1.0,3.0
783101877847662,1.0,1.0
784780093959053,0.0,0.0
786746683597077,0.0,2.0
787646067171313,1.0,0.0
788205253822282,1.0,4.0
788413190797804,1.0,4.0
788427536373053,2.0,2.0
788918543267409,1.0,4.0
789095773523166,0.0,1.0
789462103842479,1.0,0.0
790661223822953,1.0,3.0
791333399785537,1.0,2.0
791581389836610,1.0,0.0
792076536457329,1.0,2.0
792675929651328,2.0,4.0
7926890174102630,0.0,2.0
792713756492623,1.0,3.0
795067709946741,2.0,1.0
795521402768059,1.0,0.0
795825276185421,1.0,1.0
798816909562890,0.0,0.0
799503436485299,0.0,0.0
800317539204173,1.0,3.0
801291759060394,1.0,1.0
802535302427716,1.0,4.0
802951675253330,2.0,0.0
803510081959299,1.0,3.0
803920215452021,1.0,4.0
804828138497028,0.0,1.0
805023061753541,0.0,0.0
805200228457711,3.0,1.0
805951445041467,0.0,1.0
8091833894250950,2.0,4.0
810171201464405,2.0,4.0
810869580869706,2.0,0.0
8145370502232054,2.0,0.0
817027226843334,1.0,4.0
8179142632188382,2.0,1.0
818135831233463,2.0,3.0
821625837471466,0.0,3.0
821933796740655,1.0,3.0
822024653856170,0.0,0.0
822084626722536,3.0,1.0
824585309688867,3.0,1.0
825332459931206,2.0,2.0
8261729470596475,4.0,2.0
826341583837601,1.0,1.0
826757786241792,1.0,1.0
826871130362815,0.0,0.0
827011356444623,1.0,3.0
827350342732634,0.0,0.0
827939919463638,0.0,0.0
828267153553323,2.0,4.0
829108729341186,0.0,0.0
829295016099456,1.0,3.0
8295089030595838,3.0,2.0
832140329039189,2.0,3.0
832356659005945,0.0,0.0
834113462027693,0.0,0.0
834189592267599,0.0,0.0
835382515689503,2.0,1.0
8356335391133141,0.0,0.0
835672528671875,2.0,1.0
836008519201456,0.0,0.0
836718958419866,1.0,1.0
838009481556532,1.0,4.0
838438471416006,0.0,0.0
8388365957959416,0.0,0.0
840359041509293,0.0,0.0
841450311357356,1.0,0.0
842832121253359,2.0,1.0
8429840003783005,1.0,0.0
843198688668084,2.0,3.0
843290968640734,0.0,1.0
8458562550938526,3.0,1.0
846466878286733,3.0,1.0
847259393832005,2.0,0.0
847558751541121,1.0,2.0
848044647406173,1.0,1.0
848323130575055,0.0,0.0
848577560541275,1.0,0.0
848612453987413,1.0,0.0
848846180511882,0.0,0.0
849157107151746,1.0,1.0
8498632936858376,0.0,0.0
850406160360024,3.0,1.0
851491857035023,1.0,1.0
851631877048022,2.0,2.0
8517695961664896,1.0,1.0
852603290285791,0.0,0.0
8527840147274240,2.0,3.0
853079583322426,4.0,0.0
854036187502597,0.0,0.0
854293029912170,1.0,3.0
8544180472360847,0.0,0.0
854700756410365,2.0,4.0
856408929867822,1.0,1.0
857211846306837,1.0,1.0
857910149750502,0.0,0.0
8593068790797758,3.0,4.0
8614024685333945,1.0,4.0
861548213312195,1.0,1.0
861859500329718,1.0,1.0
861941400209791,1.0,3.0
862264216454796,1.0,2.0
864133932386018,1.0,4.0
8646731682112109,0.0,1.0
866315409015403,2.0,1.0
8665809770141250,2.0,3.0
867232092067752,0.0,0.0
867793558431648,2.0,4.0
868355666346373,1.0,3.0
868527245135569,2.0,1.0
8685466041539840,0.0,1.0
869062385202726,2.0,1.0
869378952074780,3.0,1.0
869921308461929,1.0,3.0
870235711573603,1.0,0.0
870686416110328,2.0,2.0
871191371882687,0.0,0.0
872031595983597,0.0,0.0
872712688278220,1.0,1.0
872900928251532,2.0,1.0
872982751343446,1.0,0.0
873749384924899,1.0,1.0
874735744634213,3.0,0.0
8747959215318194,2.0,0.0
8750420001660989,2.0,1.0
875321685637149,1.0,1.0
8754117641384322,1.0,3.0
875692301191517,0.0,0.0
875986191186750,0.0,0.0
876288457784696,0.0,0.0
876363891122073,3.0,2.0
877991544493043,0.0,0.0
878228048673656,0.0,0.0
8791849067565327,0.0,0.0
879282981026581,2.0,4.0
879589005224858,1.0,4.0
880539068377798,1.0,4.0
881341791159172,1.0,4.0
8815131021943253,3.0,2.0
881900324120115,0.0,0.0
881903434982396,1.0,1.0
882847390499437,1.0,0.0
8830759900385267,2.0,4.0
8834809209975063,2.0,1.0
883622340933557,0.0,0.0
8838108239570089,0.0,0.0
884449200561198,0.0,0.0
884684991188562,2.0,3.0
885265934448009,0.0,0.0
8856300767818884,1.0,2.0
887379404416106,1.0,0.0
8874129319296928,1.0,4.0
887627120021358,1.0,1.0
887668479949070,1.0,0.0
887849623459266,1.0,1.0
888759663173435,1.0,2.0
889437226633583,0.0,1.0
889591153087172,3.0,0.0
889646753151560,1.0,0.0
889808026400057,0.0,0.0
890001686553227,2.0,1.0
8903499009737324,0.0,0.0
890467666161594,1.0,3.0
890755912363693,1.0,0.0
8917507201693780,3.0,4.0
892116243032917,2.0,2.0
892472379690464,2.0,3.0
892476639627267,1.0,0.0
892611082938193,1.0,3.0
892917266339520,1.0,4.0
893121310259634,0.0,0.0
8939407952853923,3.0,2.0
8944016489042619,2.0,3.0
894547892888894,1.0,2.0
894883999685571,0.0,0.0
8952855941477467,1.0,2.0
895486739356537,1.0,3.0
895964709400086,2.0,1.0
896504969228896,1.0,1.0
8968273953225567,2.0,3.0
896921399243490,3.0,1.0
897014192511331,0.0,1.0
897571652441047,0.0,0.0
897657158928258,0.0,0.0
8980212418694167,2.0,3.0
8983101198454371,0.0,0.0
898490655296297,0.0,0.0
898605112163580,0.0,0.0
898655392578376,0.0,0.0
899726442859731,1.0,3.0
8998014366930279,1.0,1.0
899842852024543,3.0,0.0
8999727590122819,1.0,2.0
900402815610090,0.0,0.0
9004802399640581,0.0,0.0
9005491126225945,1.0,1.0
900593781806901,0.0,0.0
9008247519303416,0.0,0.0
901021995256482,1.0,1.0
901272005465789,0.0,0.0
902143465124901,2.0,2.0
902296555405277,1.0,4.0
902315102049684,1.0,4.0
9025374897569701,0.0,0.0
902613606188610,1.0,1.0
9034576859961743,1.0,2.0
903988245191856,0.0,0.0
904590028423123,2.0,0.0
9047592588695695,1.0,1.0
905204374801722,3.0,3.0
9055276384566724,1.0,1.0
905563851669849,2.0,0.0
9060383254008888,1.0,2.0
906121081593345,2.0,1.0
9064805290304498,1.0,1.0
9065192426894679,0.0,0.0
9067386160009432,0.0,0.0
906987914929795,0.0,1.0
9073721229344168,3.0,1.0
907456971097058,2.0,4.0
9076445932434346,0.0,0.0
907737461531524,0.0,0.0
9088487047909057,2.0,1.0
909029031370946,2.0,1.0
9094544347328343,0.0,0.0
9097070277054119,0.0,0.0
909765327297296,0.0,0.0
910111437963088,1.0,2.0
9103265666421903,1.0,1.0
910355361284327,0.0,0.0
9108643249229531,1.0,1.0
911083933818639,0.0,3.0
911115437538670,1.0,2.0
9114470175295400,1.0,1.0
912658151024862,1.0,3.0
912698694775418,1.0,4.0
912902757216883,0.0,0.0
912912760936284,1.0,4.0
9130257083755337,1.0,0.0
913088213652909,0.0,0.0
9131043483676125,2.0,1.0
913124190491063,1.0,3.0
913167700637693,2.0,4.0
913450380621601,0.0,0.0
913475451788936,0.0,0.0
913594827644117,0.0,0.0
913672684312408,0.0,0.0
9137666399657561,1.0,0.0
914090247022127,2.0,4.0
914314723366904,2.0,1.0
915199287305033,1.0,4.0
915275663430279,1.0,0.0
915320980244423,3.0,0.0
915648850782816,1.0,2.0
915724131611064,0.0,0.0
915832197394152,0.0,0.0
916628800456677,0.0,0.0
916653427118328,1.0,1.0
9170896586283346,1.0,1.0
917136051398825,1.0,1.0
9173989329311645,1.0,1.0
918158767027646,1.0,4.0
918371636946975,2.0,1.0
918409707051993,0.0,0.0
918614553293789,2.0,3.0
918678187059366,1.0,2.0
918679843696461,2.0,3.0
918890750450513,1.0,2.0
918908833163271,1.0,4.0
918961343751998,1.0,1.0
918967117016330,2.0,4.0
919220020422844,2.0,1.0
919825066985300,2.0,1.0
919931229719307,1.0,3.0
920113750659303,1.0,1.0
920306709889225,2.0,3.0
920381006909236,3.0,1.0
920528516948610,0.0,1.0
920720376923115,1.0,2.0
920891379835736,0.0,0.0
920971133525015,2.0,1.0
921124793559096,3.0,1.0
921312859668441,1.0,4.0
921735546673834,0.0,0.0
921941223209052,1.0,2.0
922066396544821,0.0,0.0
922414983226092,1.0,1.0
9225995097462903,1.0,3.0
922668983399893,1.0,1.0
923085586427756,1.0,2.0
9232179190173539,1.0,1.0
923222706594315,1.0,1.0
923270146061347,1.0,0.0
923353393320928,0.0,0.0
923769389957775,3.0,2.0
923839166628160,3.0,3.0
924100343181783,1.0,1.0
924270742817768,1.0,2.0
924271636484819,0.0,0.0
9244171085614368,1.0,2.0
924622009212136,2.0,4.0
9258205027570190,0.0,0.0
925826566149471,3.0,1.0
925905752946211,0.0,0.0
926265918957212,2.0,3.0
926353689663332,2.0,0.0
926437556285879,1.0,1.0
9266720850081582,2.0,1.0
927058139357131,1.0,1.0
927344826152811,0.0,0.0
927619040412042,0.0,0.0
927742912885174,2.0,3.0
927938095742076,1.0,1.0
928096476147289,1.0,4.0
928163632119708,1.0,3.0
928300469414178,3.0,1.0
9283473735101822,1.0,1.0
928368726957872,1.0,0.0
928414085380903,1.0,3.0
928516692523767,1.0,2.0
928782918663674,1.0,2.0
9288808537820386,0.0,0.0
9290617660999176,1.0,3.0
929225392494705,1.0,2.0
9292622500788338,1.0,3.0
929301855958908,0.0,0.0
929668959099537,0.0,0.0
929674945312489,1.0,4.0
929816695979702,2.0,1.0
930163652243957,0.0,0.0
930176669312059,0.0,0.0
930210122376753,0.0,0.0
930274725753867,0.0,0.0
9303249296385311,3.0,0.0
930361845850390,1.0,1.0
930508375207294,2.0,1.0
930781388983677,2.0,3.0
931310028977414,1.0,3.0
9313316882046400,2.0,3.0
931441249173860,1.0,3.0
931938552412285,1.0,1.0
932123682370316,1.0,2.0
932314085667231,2.0,1.0
932364452425682,1.0,1.0
932687388287098,0.0,0.0
933005198968579,0.0,0.0
933169514882637,1.0,1.0
933235902083818,1.0,3.0
933380451728405,3.0,1.0
933625268953785,0.0,0.0
933741134822118,2.0,4.0
933779658944446,2.0,2.0
933822265549352,0.0,0.0
933911692162724,0.0,0.0
934050248660136,1.0,0.0
934123619738363,0.0,0.0
934191628046300,2.0,0.0
934798318531314,2.0,0.0
934975322125057,0.0,0.0
935053544636839,1.0,1.0
935154268085687,1.0,3.0
935788515278384,0.0,0.0
936318211160747,0.0,0.0
936637641925537,2.0,3.0
9366470793437041,0.0,0.0
937056815251637,0.0,0.0
937142285142862,3.0,2.0
9372357202803762,1.0,3.0
937238998541582,1.0,2.0
937292885177239,0.0,0.0
937873575142253,0.0,0.0
938036951787011,3.0,0.0
938126485076938,1.0,2.0
938216031377983,1.0,2.0
938586351518848,0.0,0.0
9387199191334141,1.0,4.0
938870811702590,0.0,0.0
938892751639408,4.0,1.0
9394014567317341,0.0,0.0
939444218069995,0.0,0.0
939731030838136,3.0,3.0
939874238279662,1.0,1.0
939898154876122,0.0,1.0
940299448234741,2.0,2.0
9405654456152333,0.0,0.0
9408484799237094,2.0,4.0
940957347906174,1.0,2.0
941101031489902,0.0,0.0
941261691318495,0.0,0.0
941371211467084,0.0,0.0
9415499608489876,2.0,1.0
941584671425855,0.0,0.0
941762594510828,3.0,1.0
941877281422258,2.0,3.0
941895102237536,1.0,1.0
941998208892822,0.0,0.0
942317801089644,0.0,0.0
942806181333797,1.0,1.0
943038607941113,3.0,1.0
9431769756881897,2.0,3.0
943324881109202,2.0,2.0
943504534328454,0.0,0.0
943907857871848,0.0,0.0
9440161989327864,2.0,1.0
944192077474860,1.0,3.0
944682647394107,1.0,0.0
944709600882481,1.0,1.0
944714667789429,0.0,0.0
945355167719877,0.0,0.0
945466170785106,1.0,1.0
945754470955579,3.0,0.0
946231661853380,2.0,2.0
946267723890027,1.0,2.0
946283730400848,1.0,2.0
946374518414273,1.0,1.0
9464008133663976,3.0,1.0
946849290495675,1.0,1.0
946853370418614,0.0,3.0
946861147289697,1.0,0.0
947001793813591,2.0,3.0
947219983975581,0.0,0.0
947246200701786,1.0,2.0
947428487366759,2.0,1.0
947461981639966,0.0,0.0
947538870601602,1.0,1.0
9476122505785538,3.0,0.0
947888484102797,1.0,3.0
948080380312543,1.0,2.0
948159190372875,0.0,0.0
948538023612354,0.0,0.0
949255440202079,0.0,0.0
949456197280165,4.0,0.0
949483610492267,0.0,0.0
950058169361694,1.0,2.0
950076430433239,2.0,4.0
950579311335450,1.0,3.0
950582076924895,2.0,3.0
950714867179501,1.0,2.0
950736106702937,1.0,4.0
950744650531593,1.0,3.0
950786697163614,0.0,0.0
951184693632090,1.0,0.0
951278201274028,0.0,0.0
951595777114605,2.0,3.0
951713033603687,2.0,4.0
952500179860159,1.0,1.0
952825333701386,2.0,0.0
952923469774797,1.0,0.0
952935436804920,1.0,1.0
953075444450954,0.0,0.0
953981283012547,3.0,1.0
954766405887714,1.0,4.0
954839269648726,2.0,1.0
955004743397723,0.0,0.0
955614344189032,0.0,0.0
955832893783112,1.0,3.0
956145182782340,1.0,1.0
956226376353395,3.0,1.0
956339233054399,3.0,0.0
956411482761583,0.0,0.0
956441716068833,1.0,3.0
956459270803921,3.0,1.0
956645546515058,3.0,1.0
956765954127237,1.0,0.0
957874365917277,1.0,4.0
958124715892608,1.0,4.0
958594556230217,2.0,3.0
958685859797658,0.0,0.0
959604232902091,1.0,4.0
959632716092761,0.0,0.0
9598095576893314,1.0,1.0
959961015732078,1.0,3.0
959977296084663,1.0,2.0
9601224049898588,2.0,1.0
960399305675402,0.0,0.0
960480162718522,0.0,0.0
960620502234230,0.0,0.0
960730376245805,3.0,1.0
960755249346351,3.0,0.0
961167385370620,2.0,4.0
961695723586392,0.0,0.0
961777525490170,2.0,1.0
9624047200952909,0.0,0.0
962430872487545,0.0,0.0
962485069150922,0.0,1.0
962522802499236,1.0,0.0
962684919162004,1.0,4.0
962859182207994,2.0,2.0
962864519123005,0.0,0.0
963033829098130,1.0,3.0
963081928677045,3.0,1.0
963178625345985,0.0,0.0
963773315609314,2.0,3.0
963920699000115,1.0,1.0
964011325155229,0.0,0.0
9640548002662606,1.0,0.0
964739745120503,0.0,0.0
964830635615021,3.0,1.0
964847671778996,4.0,1.0
964937362349500,0.0,0.0
964962018917262,0.0,0.0
965363142260445,0.0,0.0
965404731799799,0.0,0.0
965467245110169,2.0,1.0
965474285528611,0.0,0.0
965513651816359,1.0,1.0
965573578326643,1.0,2.0
965847915037986,1.0,1.0
966005778801879,0.0,0.0
966033825589149,1.0,1.0
966068541695847,3.0,3.0
966496398248987,2.0,2.0
966678818265906,3.0,1.0
966687362226328,2.0,1.0
966908741558783,0.0,0.0
967151299724765,3.0,1.0
967314795360957,2.0,3.0
967400471565777,1.0,1.0
967658906295652,0.0,2.0
967996241434757,0.0,0.0
968057634769764,1.0,0.0
968358885299403,2.0,3.0
968702844661638,0.0,0.0
968848655185049,0.0,0.0
969109092825579,0.0,0.0
969238675161752,3.0,4.0
969251371292162,1.0,2.0
969517964550278,0.0,0.0
969593141891373,1.0,3.0
969980348429765,1.0,4.0
970358864550319,1.0,2.0
970446565127513,1.0,3.0
971073831049861,2.0,3.0
971143702675139,2.0,3.0
971275821732948,2.0,1.0
971476811015897,1.0,0.0
971524815081454,0.0,0.0
971547569305787,1.0,1.0
971788564934059,1.0,2.0
971824720950059,1.0,3.0
971853418275144,0.0,0.0
971876277695852,2.0,3.0
972125354352940,1.0,4.0
972291078143958,2.0,1.0
972351914792895,0.0,0.0
972853951447234,1.0,4.0
972947638259888,0.0,0.0
973060450847265,3.0,0.0
973064850823591,2.0,0.0
973067947492438,1.0,3.0
973148284757437,2.0,2.0
973228711436163,2.0,1.0
973253437610783,1.0,0.0
973270760871538,2.0,4.0
973657055665467,1.0,2.0
973830850831429,0.0,0.0
974383424552947,1.0,3.0
974500307344293,3.0,0.0
975092294541669,2.0,4.0
975277530959323,1.0,1.0
9759469147399556,0.0,0.0
975972054417109,2.0,3.0
976114047766010,2.0,1.0
976238334376655,2.0,0.0
976379730938531,0.0,0.0
976978757636040,4.0,1.0
977103624526802,3.0,2.0
977113280978029,1.0,0.0
977262944287748,2.0,2.0
977546760955234,0.0,0.0
978001260479854,1.0,3.0
978050490413988,1.0,0.0
978255861933166,2.0,3.0
979307990736090,0.0,0.0
9795454683816730,1.0,1.0
979583074043076,0.0,0.0
979593360243207,0.0,0.0
979734454091306,2.0,4.0
980149450453575,1.0,1.0
980757587266208,1.0,3.0
980824964756129,1.0,0.0
980969084172996,2.0,4.0
981017559826674,0.0,0.0
981168101589261,0.0,0.0
981698944856397,3.0,1.0
981706453795059,0.0,0.0
981815310489449,1.0,4.0
981885247163115,1.0,4.0
981957420464904,2.0,0.0
982408207114343,3.0,1.0
982592893786834,1.0,0.0
982703727117294,1.0,3.0
983193860326344,1.0,0.0
983629686503515,1.0,1.0
984027510262897,1.0,1.0
984457763014931,2.0,3.0
984551146921794,0.0,0.0
984639090198220,2.0,2.0
985321356773572,2.0,1.0
985461616768155,1.0,1.0
985868916728982,1.0,1.0
985871660069316,1.0,3.0
985875810101029,0.0,0.0
986576306633702,0.0,0.0
987032643360803,2.0,1.0
987326573290137,1.0,2.0
987513976768956,0.0,0.0
987604676560115,1.0,1.0
987678199900892,2.0,4.0
987901330991588,3.0,2.0
988752763353540,1.0,4.0
989156529749634,0.0,0.0
989509069907042,1.0,3.0
989576407220517,1.0,4.0
989602613051794,1.0,0.0
989701979725469,0.0,0.0
990544830666031,0.0,0.0
990857717343954,1.0,4.0
991608080304291,2.0,4.0
991748452773143,0.0,0.0
9929609207053388,2.0,2.0
993274076193368,1.0,1.0
993552297014233,0.0,0.0
993782272629966,2.0,3.0
994034856727801,2.0,1.0
994247570097633,0.0,0.0
995070543310706,0.0,0.0
995431013272872,0.0,0.0
995568899054070,1.0,2.0
995583120022126,1.0,4.0
9957261067642073,2.0,1.0
995833333230112,0.0,0.0
996053905897322,1.0,2.0
996139112538514,1.0,1.0
996796479833468,2.0,0.0
997267369741268,0.0,0.0
997352393352376,0.0,0.0
997377488932776,2.0,1.0
997439105607985,1.0,0.0
998071782168740,1.0,1.0
998120428874631,1.0,4.0
998915145590853,0.0,0.0
999178736281309,2.0,2.0
999226536350311,0.0,0.0
999533695541281,2.0,1.0
999733152043771,1.0,0.0
999880901958810,0.0,0.0
999884122910073,0.0,0.0
