text_id,ordering_id,ordering,oben_unten,innen_aussen,wir_sie,heute_morgen,parse_error
1023172036834829,0,"oben_unten,innen_aussen,wir_sie,heute_morgen",0,0,0,0,
4005500556400854,0,"oben_unten,innen_aussen,wir_sie,heute_morgen",0,0,1,3,
1575996174255675,0,"oben_unten,innen_aussen,wir_sie,heute_morgen",0,0,0,3,
1567989358296502,0,"oben_unten,innen_aussen,wir_sie,heute_morgen",0,0,0,0,
27589419697356625,0,"oben_unten,innen_aussen,wir_sie,heute_morgen",0,0,0,0,
1204670665108860,0,"oben_unten,innen_aussen,wir_sie,heute_morgen",0,0,0,0,
1317240037277455,0,"oben_unten,innen_aussen,wir_sie,heute_morgen",0,0,0,0,
2171321440110888,0,"oben_unten,innen_aussen,wir_sie,heute_morgen",0,0,0,0,
1035851095513631,0,"oben_unten,innen_aussen,wir_sie,heute_morgen",0,0,0,0,
997352393352376,0,"oben_unten,innen_aussen,wir_sie,heute_morgen",0,0,0,0,
1530289834321033,0,"oben_unten,innen_aussen,wir_sie,heute_morgen",0,0,0,0,
465767503204664,0,"oben_unten,innen_aussen,wir_sie,heute_morgen",0,0,0,3,
391953857240064,0,"oben_unten,innen_aussen,wir_sie,heute_morgen",0,0,0,0,
592570296957910,0,"oben_unten,innen_aussen,wir_sie,heute_morgen",0,0,0,0,
1096849961884093,0,"oben_unten,innen_aussen,wir_sie,heute_morgen",0,0,0,1,
2920056458345966,0,"oben_unten,innen_aussen,wir_sie,heute_morgen",0,0,0,0,
1793156998518926,0,"oben_unten,innen_aussen,wir_sie,heute_morgen",0,0,0,0,
1035910789016875,0,"oben_unten,innen_aussen,wir_sie,heute_morgen",0,0,0,0,
2955392211467029,0,"oben_unten,innen_aussen,wir_sie,heute_morgen",0,0,0,0,
1137437644839772,0,"oben_unten,innen_aussen,wir_sie,heute_morgen",0,0,0,1,
930210122376753,0,"oben_unten,innen_aussen,wir_sie,heute_morgen",0,0,0,0,
1742839476293911,0,"oben_unten,innen_aussen,wir_sie,heute_morgen",0,0,0,0,
594082553437367,0,"oben_unten,innen_aussen,wir_sie,heute_morgen",0,0,0,0,
1109007447272549,0,"oben_unten,innen_aussen,wir_sie,heute_morgen",0,0,0,3,
3454936918148001,0,"oben_unten,innen_aussen,wir_sie,heute_morgen",0,0,0,0,
1762808067838279,0,"oben_unten,innen_aussen,wir_sie,heute_morgen",0,0,0,0,
415895688260902,0,"oben_unten,innen_aussen,wir_sie,heute_morgen",0,0,0,1,
1635635837313818,0,"oben_unten,innen_aussen,wir_sie,heute_morgen",0,0,1,3,
1261547441805405,0,"oben_unten,innen_aussen,wir_sie,heute_morgen",0,0,0,0,
1103696994604262,0,"oben_unten,innen_aussen,wir_sie,heute_morgen",0,0,0,2,
1794112541365782,0,"oben_unten,innen_aussen,wir_sie,heute_morgen",0,0,0,0,
956145182782340,0,"oben_unten,innen_aussen,wir_sie,heute_morgen",0,1,0,3,
1416222146014719,0,"oben_unten,innen_aussen,wir_sie,heute_morgen",1,3,0,1,
4095881497361074,0,"oben_unten,innen_aussen,wir_sie,heute_morgen",0,0,1,2,
635621519140633,0,"oben_unten,innen_aussen,wir_sie,heute_morgen",0,0,1,3,
1066427485171745,0,"oben_unten,innen_aussen,wir_sie,heute_morgen",0,0,0,1,
1958046701335520,0,"oben_unten,innen_aussen,wir_sie,heute_morgen",0,0,0,1,
2389514421383083,0,"oben_unten,innen_aussen,wir_sie,heute_morgen",0,1,0,3,
1137438724201785,0,"oben_unten,innen_aussen,wir_sie,heute_morgen",0,0,0,1,
579313384681310,0,"oben_unten,innen_aussen,wir_sie,heute_morgen",0,0,0,1,
1131292644860996,0,"oben_unten,innen_aussen,wir_sie,heute_morgen",0,0,0,0,
879282981026581,0,"oben_unten,innen_aussen,wir_sie,heute_morgen",0,3,0,3,
1260697295170127,0,"oben_unten,innen_aussen,wir_sie,heute_morgen",0,0,1,2,
916628800456677,0,"oben_unten,innen_aussen,wir_sie,heute_morgen",0,0,0,0,
2667351190139885,0,"oben_unten,innen_aussen,wir_sie,heute_morgen",0,1,0,2,
1138883321083159,0,"oben_unten,innen_aussen,wir_sie,heute_morgen",0,0,1,2,
1264979762010699,0,"oben_unten,innen_aussen,wir_sie,heute_morgen",0,0,0,1,
1155365869479123,0,"oben_unten,innen_aussen,wir_sie,heute_morgen",0,0,0,1,
929668959099537,0,"oben_unten,innen_aussen,wir_sie,heute_morgen",0,0,1,3,
1174482520943616,0,"oben_unten,innen_aussen,wir_sie,heute_morgen",0,0,0,0,
1602185193761985,0,"oben_unten,innen_aussen,wir_sie,heute_morgen",0,0,0,0,
872900928251532,0,"oben_unten,innen_aussen,wir_sie,heute_morgen",0,0,1,2,
600918402872753,0,"oben_unten,innen_aussen,wir_sie,heute_morgen",0,0,1,1,
1504199976962111,0,"oben_unten,innen_aussen,wir_sie,heute_morgen",0,0,0,0,
2107811549638363,0,"oben_unten,innen_aussen,wir_sie,heute_morgen",0,0,0,0,
1061079092454358,0,"oben_unten,innen_aussen,wir_sie,heute_morgen",0,0,0,0,
1804707356947805,0,"oben_unten,innen_aussen,wir_sie,heute_morgen",1,0,0,2,
637785175362890,0,"oben_unten,innen_aussen,wir_sie,heute_morgen",2,0,0,2,
940957347906174,0,"oben_unten,innen_aussen,wir_sie,heute_morgen",0,0,0,2,
1764680110946655,0,"oben_unten,innen_aussen,wir_sie,heute_morgen",0,0,0,1,
977546760955234,0,"oben_unten,innen_aussen,wir_sie,heute_morgen",0,0,0,0,
1349299919401151,0,"oben_unten,innen_aussen,wir_sie,heute_morgen",0,0,0,0,
1775353923242297,0,"oben_unten,innen_aussen,wir_sie,heute_morgen",0,0,0,1,
927058139357131,0,"oben_unten,innen_aussen,wir_sie,heute_morgen",0,0,0,1,
995431013272872,0,"oben_unten,innen_aussen,wir_sie,heute_morgen",0,0,0,0,
584543591169281,0,"oben_unten,innen_aussen,wir_sie,heute_morgen",0,0,0,1,
1001958669267150,0,"oben_unten,innen_aussen,wir_sie,heute_morgen",0,0,0,0,
1734432077346478,0,"oben_unten,innen_aussen,wir_sie,heute_morgen",0,0,1,3,
1541369053209004,0,"oben_unten,innen_aussen,wir_sie,heute_morgen",0,0,0,1,
1700177764173242,0,"oben_unten,innen_aussen,wir_sie,heute_morgen",0,0,0,1,
644112671377272,0,"oben_unten,innen_aussen,wir_sie,heute_morgen",0,0,1,1,
1097627725236462,0,"oben_unten,innen_aussen,wir_sie,heute_morgen",0,0,1,4,
422293897617776,0,"oben_unten,innen_aussen,wir_sie,heute_morgen",0,0,0,1,
499031439814302,0,"oben_unten,innen_aussen,wir_sie,heute_morgen",0,0,0,1,
959961015732078,0,"oben_unten,innen_aussen,wir_sie,heute_morgen",0,0,1,3,
965363142260445,0,"oben_unten,innen_aussen,wir_sie,heute_morgen",0,0,0,0,
1953508441820544,0,"oben_unten,innen_aussen,wir_sie,heute_morgen",0,0,0,1,
550451977880514,0,"oben_unten,innen_aussen,wir_sie,heute_morgen",0,0,1,3,
586195010884644,0,"oben_unten,innen_aussen,wir_sie,heute_morgen",0,0,1,0,
1146223446845258,0,"oben_unten,innen_aussen,wir_sie,heute_morgen",0,1,1,4,
887627120021358,0,"oben_unten,innen_aussen,wir_sie,heute_morgen",0,0,0,1,
889437226633583,0,"oben_unten,innen_aussen,wir_sie,heute_morgen",0,0,0,0,
1031612045653790,0,"oben_unten,innen_aussen,wir_sie,heute_morgen",0,0,0,0,
598994669561884,0,"oben_unten,innen_aussen,wir_sie,heute_morgen",0,0,0,0,
1647655729642438,0,"oben_unten,innen_aussen,wir_sie,heute_morgen",1,0,1,2,
1325639525296777,0,"oben_unten,innen_aussen,wir_sie,heute_morgen",0,0,0,0,
8856300767818884,0,"oben_unten,innen_aussen,wir_sie,heute_morgen",0,0,0,3,
2603825070020479,0,"oben_unten,innen_aussen,wir_sie,heute_morgen",0,0,1,3,
616542760966442,0,"oben_unten,innen_aussen,wir_sie,heute_morgen",0,0,0,0,
561830386620533,0,"oben_unten,innen_aussen,wir_sie,heute_morgen",0,0,0,2,
502400899549938,0,"oben_unten,innen_aussen,wir_sie,heute_morgen",0,0,0,0,
1105139481397803,0,"oben_unten,innen_aussen,wir_sie,heute_morgen",0,0,0,2,
497934402939738,0,"oben_unten,innen_aussen,wir_sie,heute_morgen",0,0,0,0,
599964346228854,0,"oben_unten,innen_aussen,wir_sie,heute_morgen",0,1,0,2,
983193860326344,0,"oben_unten,innen_aussen,wir_sie,heute_morgen",0,0,0,1,
3363945187070697,0,"oben_unten,innen_aussen,wir_sie,heute_morgen",0,0,0,1,
949255440202079,0,"oben_unten,innen_aussen,wir_sie,heute_morgen",0,0,0,0,
1884665452024702,0,"oben_unten,innen_aussen,wir_sie,heute_morgen",0,0,1,2,
1271074260670168,0,"oben_unten,innen_aussen,wir_sie,heute_morgen",0,0,0,0,
1035565454989079,0,"oben_unten,innen_aussen,wir_sie,heute_morgen",0,0,1,3,
1995387520969682,0,"oben_unten,innen_aussen,wir_sie,heute_morgen",0,0,0,2,
1767750004039041,0,"oben_unten,innen_aussen,wir_sie,heute_morgen",0,0,1,3,
1700369774222524,0,"oben_unten,innen_aussen,wir_sie,heute_morgen",0,0,0,0,
4722731161285458,0,"oben_unten,innen_aussen,wir_sie,heute_morgen",0,0,0,1,
1605733350014938,0,"oben_unten,innen_aussen,wir_sie,heute_morgen",0,0,0,3,
1130689735163961,0,"oben_unten,innen_aussen,wir_sie,heute_morgen",0,0,1,0,
4045830062355001,0,"oben_unten,innen_aussen,wir_sie,heute_morgen",0,0,0,0,
492540757167632,0,"oben_unten,innen_aussen,wir_sie,heute_morgen",0,0,0,3,
1570829753564642,0,"oben_unten,innen_aussen,wir_sie,heute_morgen",0,1,0,3,
1267642231017949,0,"oben_unten,innen_aussen,wir_sie,heute_morgen",0,0,0,1,
1032456171900295,0,"oben_unten,innen_aussen,wir_sie,heute_morgen",0,0,1,2,
1219975549306951,0,"oben_unten,innen_aussen,wir_sie,heute_morgen",0,0,1,3,
898605112163580,0,"oben_unten,innen_aussen,wir_sie,heute_morgen",0,0,0,0,
627201633019025,0,"oben_unten,innen_aussen,wir_sie,heute_morgen",0,0,1,2,
2024179998486124,0,"oben_unten,innen_aussen,wir_sie,heute_morgen",0,0,1,3,
968057634769764,0,"oben_unten,innen_aussen,wir_sie,heute_morgen",0,0,0,1,
892116243032917,0,"oben_unten,innen_aussen,wir_sie,heute_morgen",0,0,1,2,
583370290758671,0,"oben_unten,innen_aussen,wir_sie,heute_morgen",0,0,1,2,
956411482761583,0,"oben_unten,innen_aussen,wir_sie,heute_morgen",0,0,0,0,
577872808162999,0,"oben_unten,innen_aussen,wir_sie,heute_morgen",0,0,0,2,
28736113246002933,0,"oben_unten,innen_aussen,wir_sie,heute_morgen",0,0,0,0,
630392536034539,0,"oben_unten,innen_aussen,wir_sie,heute_morgen",0,0,1,1,
1123827252289271,0,"oben_unten,innen_aussen,wir_sie,heute_morgen",0,0,0,2,
576486378261320,0,"oben_unten,innen_aussen,wir_sie,heute_morgen",0,0,1,2,
1107097461009092,0,"oben_unten,innen_aussen,wir_sie,heute_morgen",0,0,1,3,
1066230571974055,0,"oben_unten,innen_aussen,wir_sie,heute_morgen",0,0,0,0,
984027510262897,0,"oben_unten,innen_aussen,wir_sie,heute_morgen",0,0,0,1,
554712390516379,0,"oben_unten,innen_aussen,wir_sie,heute_morgen",0,0,0,0,
1097757658611006,0,"oben_unten,innen_aussen,wir_sie,heute_morgen",0,0,1,4,
626979996388462,0,"oben_unten,innen_aussen,wir_sie,heute_morgen",0,0,0,0,
3962455517333452,0,"oben_unten,innen_aussen,wir_sie,heute_morgen",0,2,1,2,
28456433547335048,0,"oben_unten,innen_aussen,wir_sie,heute_morgen",0,0,0,2,
1353254265706961,0,"oben_unten,innen_aussen,wir_sie,heute_morgen",0,0,0,0,
623036940239620,0,"oben_unten,innen_aussen,wir_sie,heute_morgen",0,0,0,0,
987513976768956,0,"oben_unten,innen_aussen,wir_sie,heute_morgen",0,0,0,0,
621770367003203,0,"oben_unten,innen_aussen,wir_sie,heute_morgen",0,0,0,0,
439405112336317,0,"oben_unten,innen_aussen,wir_sie,heute_morgen",0,0,0,0,
1147217500443144,0,"oben_unten,innen_aussen,wir_sie,heute_morgen",0,0,0,0,
1092214049036162,0,"oben_unten,innen_aussen,wir_sie,heute_morgen",0,0,0,0,
1641168476498403,0,"oben_unten,innen_aussen,wir_sie,heute_morgen",0,0,1,1,
1179022547125195,0,"oben_unten,innen_aussen,wir_sie,heute_morgen",0,0,0,1,
522123216964148,0,"oben_unten,innen_aussen,wir_sie,heute_morgen",0,0,0,0,
3994265654191885,0,"oben_unten,innen_aussen,wir_sie,heute_morgen",0,0,0,0,
967400471565777,0,"oben_unten,innen_aussen,wir_sie,heute_morgen",0,0,0,3,
506856715664016,0,"oben_unten,innen_aussen,wir_sie,heute_morgen",0,0,1,3,
1334466258869777,0,"oben_unten,innen_aussen,wir_sie,heute_morgen",0,1,0,2,
2444248855917394,0,"oben_unten,innen_aussen,wir_sie,heute_morgen",0,0,0,1,
1548574922468563,0,"oben_unten,innen_aussen,wir_sie,heute_morgen",0,0,0,1,
1328925178287266,0,"oben_unten,innen_aussen,wir_sie,heute_morgen",0,0,0,1,
1607791626613638,0,"oben_unten,innen_aussen,wir_sie,heute_morgen",0,0,0,1,
481216284791227,0,"oben_unten,innen_aussen,wir_sie,heute_morgen",0,0,0,0,
636384102107617,0,"oben_unten,innen_aussen,wir_sie,heute_morgen",0,0,0,2,
520097207201631,0,"oben_unten,innen_aussen,wir_sie,heute_morgen",0,0,0,1,
1584997569850188,0,"oben_unten,innen_aussen,wir_sie,heute_morgen",0,0,0,0,
554166487332883,0,"oben_unten,innen_aussen,wir_sie,heute_morgen",0,0,0,1,
566368222806485,0,"oben_unten,innen_aussen,wir_sie,heute_morgen",0,1,2,1,
947219983975581,0,"oben_unten,innen_aussen,wir_sie,heute_morgen",0,0,0,0,
1340592307262321,0,"oben_unten,innen_aussen,wir_sie,heute_morgen",0,1,0,3,
640858678460297,0,"oben_unten,innen_aussen,wir_sie,heute_morgen",0,0,0,0,
1106596740992771,0,"oben_unten,innen_aussen,wir_sie,heute_morgen",0,0,0,3,
1740906150101147,0,"oben_unten,innen_aussen,wir_sie,heute_morgen",0,0,0,1,
1562316987804316,0,"oben_unten,innen_aussen,wir_sie,heute_morgen",0,0,0,0,
1146996213712669,0,"oben_unten,innen_aussen,wir_sie,heute_morgen",0,0,0,0,
3770522479929599,0,"oben_unten,innen_aussen,wir_sie,heute_morgen",0,0,0,0,
1027988196035838,0,"oben_unten,innen_aussen,wir_sie,heute_morgen",0,0,0,0,
1322347285450781,0,"oben_unten,innen_aussen,wir_sie,heute_morgen",0,0,1,3,
1376091400465384,0,"oben_unten,innen_aussen,wir_sie,heute_morgen",0,0,2,0,
512890564648954,0,"oben_unten,innen_aussen,wir_sie,heute_morgen",0,0,0,0,
1279950183027422,0,"oben_unten,innen_aussen,wir_sie,heute_morgen",0,0,0,1,
2395032294174390,0,"oben_unten,innen_aussen,wir_sie,heute_morgen",0,0,0,1,
476035468335073,0,"oben_unten,innen_aussen,wir_sie,heute_morgen",0,0,0,2,
607413345211782,0,"oben_unten,innen_aussen,wir_sie,heute_morgen",0,0,0,0,
4069046626714848,0,"oben_unten,innen_aussen,wir_sie,heute_morgen",0,0,1,3,
3953058251605762,0,"oben_unten,innen_aussen,wir_sie,heute_morgen",0,0,2,3,
1794346461768295,0,"oben_unten,innen_aussen,wir_sie,heute_morgen",0,0,0,2,
1001643848486680,0,"oben_unten,innen_aussen,wir_sie,heute_morgen",0,0,0,0,
549413181586414,0,"oben_unten,innen_aussen,wir_sie,heute_morgen",0,0,0,0,
857910149750502,0,"oben_unten,innen_aussen,wir_sie,heute_morgen",0,0,0,3,
892917266339520,0,"oben_unten,innen_aussen,wir_sie,heute_morgen",0,0,2,3,
1223370562289445,0,"oben_unten,innen_aussen,wir_sie,heute_morgen",0,1,0,3,
531807066568952,0,"oben_unten,innen_aussen,wir_sie,heute_morgen",0,0,1,0,
2278546622950400,0,"oben_unten,innen_aussen,wir_sie,heute_morgen",0,0,0,0,
946849290495675,0,"oben_unten,innen_aussen,wir_sie,heute_morgen",0,0,0,0,
1319151406745599,0,"oben_unten,innen_aussen,wir_sie,heute_morgen",0,0,0,3,
1047446551611297,0,"oben_unten,innen_aussen,wir_sie,heute_morgen",3,0,1,2,
2010443062792570,0,"oben_unten,innen_aussen,wir_sie,heute_morgen",0,0,0,2,
2398788510466373,0,"oben_unten,innen_aussen,wir_sie,heute_morgen",0,0,0,1,
1976061503084182,0,"oben_unten,innen_aussen,wir_sie,heute_morgen",0,0,1,3,
967996241434757,0,"oben_unten,innen_aussen,wir_sie,heute_morgen",0,0,0,0,
1237523643967556,0,"oben_unten,innen_aussen,wir_sie,heute_morgen",0,0,1,3,
805023061753541,0,"oben_unten,innen_aussen,wir_sie,heute_morgen",0,0,0,0,
3054679368199190,0,"oben_unten,innen_aussen,wir_sie,heute_morgen",0,2,0,2,
1112390856767024,0,"oben_unten,innen_aussen,wir_sie,heute_morgen",0,1,0,2,
597090486337734,0,"oben_unten,innen_aussen,wir_sie,heute_morgen",0,0,0,2,
1231900915172535,0,"oben_unten,innen_aussen,wir_sie,heute_morgen",0,0,0,0,
2438273303178278,0,"oben_unten,innen_aussen,wir_sie,heute_morgen",0,0,0,1,
557908700459769,0,"oben_unten,innen_aussen,wir_sie,heute_morgen",0,0,0,2,
1631381648417741,0,"oben_unten,innen_aussen,wir_sie,heute_morgen",0,0,0,1,
8685466041539840,0,"oben_unten,innen_aussen,wir_sie,heute_morgen",0,0,1,3,
1524827692748302,0,"oben_unten,innen_aussen,wir_sie,heute_morgen",0,0,0,1,
1085343339469734,0,"oben_unten,innen_aussen,wir_sie,heute_morgen",0,0,1,2,
485354917665238,0,"oben_unten,innen_aussen,wir_sie,heute_morgen",0,0,0,1,
1712498442628331,0,"oben_unten,innen_aussen,wir_sie,heute_morgen",0,0,0,0,
1302823835133752,0,"oben_unten,innen_aussen,wir_sie,heute_morgen",0,0,0,1,
1513639220506373,0,"oben_unten,innen_aussen,wir_sie,heute_morgen",0,0,0,2,
462993753090892,0,"oben_unten,innen_aussen,wir_sie,heute_morgen",0,0,1,2,
921941223209052,0,"oben_unten,innen_aussen,wir_sie,heute_morgen",0,0,2,3,
889808026400057,0,"oben_unten,innen_aussen,wir_sie,heute_morgen",0,0,0,1,
462210553649783,0,"oben_unten,innen_aussen,wir_sie,heute_morgen",0,0,0,1,
985868916728982,0,"oben_unten,innen_aussen,wir_sie,heute_morgen",0,0,0,1,
1379736889675665,0,"oben_unten,innen_aussen,wir_sie,heute_morgen",0,0,0,0,
27408909155414447,0,"oben_unten,innen_aussen,wir_sie,heute_morgen",0,0,0,1,
1976717476175887,0,"oben_unten,innen_aussen,wir_sie,heute_morgen",0,1,0,3,
1582573580141143,0,"oben_unten,innen_aussen,wir_sie,heute_morgen",0,0,0,0,
563371149767849,0,"oben_unten,innen_aussen,wir_sie,heute_morgen",0,0,2,1,
1339401621640688,0,"oben_unten,innen_aussen,wir_sie,heute_morgen",0,0,1,2,
1030500096502702,0,"oben_unten,innen_aussen,wir_sie,heute_morgen",0,0,0,0,
3897378130520127,0,"oben_unten,innen_aussen,wir_sie,heute_morgen",0,0,0,0,
1252668219343606,0,"oben_unten,innen_aussen,wir_sie,heute_morgen",0,0,0,3,
3874859089392506,0,"oben_unten,innen_aussen,wir_sie,heute_morgen",0,0,0,1,
1752828312413088,0,"oben_unten,innen_aussen,wir_sie,heute_morgen",0,0,0,0,
587320807552179,0,"oben_unten,innen_aussen,wir_sie,heute_morgen",0,0,0,0,
533993199696805,0,"oben_unten,innen_aussen,wir_sie,heute_morgen",0,0,0,0,
615629411032218,0,"oben_unten,innen_aussen,wir_sie,heute_morgen",0,1,0,2,
1509973367776070,0,"oben_unten,innen_aussen,wir_sie,heute_morgen",0,0,0,2,
591333526944207,0,"oben_unten,innen_aussen,wir_sie,heute_morgen",0,0,0,0,
1302037967368678,0,"oben_unten,innen_aussen,wir_sie,heute_morgen",0,0,1,3,
1577564170761125,0,"oben_unten,innen_aussen,wir_sie,heute_morgen",0,0,1,0,
2006802676605888,0,"oben_unten,innen_aussen,wir_sie,heute_morgen",0,0,0,0,
1678240292754568,0,"oben_unten,innen_aussen,wir_sie,heute_morgen",0,0,0,3,
1857146438358389,0,"oben_unten,innen_aussen,wir_sie,heute_morgen",0,0,0,2,
1421199075520655,0,"oben_unten,innen_aussen,wir_sie,heute_morgen",0,0,0,1,
571820128869757,0,"oben_unten,innen_aussen,wir_sie,heute_morgen",0,1,1,2,
1294673574865485,0,"oben_unten,innen_aussen,wir_sie,heute_morgen",0,0,0,1,
1395389105985538,0,"oben_unten,innen_aussen,wir_sie,heute_morgen",2,0,2,3,
1246296376491384,0,"oben_unten,innen_aussen,wir_sie,heute_morgen",0,0,0,0,
843290968640734,0,"oben_unten,innen_aussen,wir_sie,heute_morgen",0,0,1,3,
986576306633702,0,"oben_unten,innen_aussen,wir_sie,heute_morgen",0,0,0,0,
4518628871792088,0,"oben_unten,innen_aussen,wir_sie,heute_morgen",0,0,0,2,
2967528553596876,0,"oben_unten,innen_aussen,wir_sie,heute_morgen",0,0,0,0,
1090513839393778,0,"oben_unten,innen_aussen,wir_sie,heute_morgen",0,0,0,0,
3857687684446862,0,"oben_unten,innen_aussen,wir_sie,heute_morgen",0,0,0,0,
4243403275794410,0,"oben_unten,innen_aussen,wir_sie,heute_morgen",0,0,0,1,
599351045825313,0,"oben_unten,innen_aussen,wir_sie,heute_morgen",0,0,1,3,
1030871629491993,0,"oben_unten,innen_aussen,wir_sie,heute_morgen",0,0,0,2,
1666904254239188,0,"oben_unten,innen_aussen,wir_sie,heute_morgen",0,0,1,2,
2233927227446316,0,"oben_unten,innen_aussen,wir_sie,heute_morgen",0,0,0,1,
964937362349500,0,"oben_unten,innen_aussen,wir_sie,heute_morgen",0,0,0,2,
1120724459553789,0,"oben_unten,innen_aussen,wir_sie,heute_morgen",0,0,0,1,
1349271542920785,0,"oben_unten,innen_aussen,wir_sie,heute_morgen",0,0,1,0,
900402815610090,0,"oben_unten,innen_aussen,wir_sie,heute_morgen",0,0,0,2,
9065192426894679,0,"oben_unten,innen_aussen,wir_sie,heute_morgen",0,0,0,0,
1289757215705566,0,"oben_unten,innen_aussen,wir_sie,heute_morgen",0,0,0,3,
834113462027693,0,"oben_unten,innen_aussen,wir_sie,heute_morgen",0,1,0,3,
827939919463638,0,"oben_unten,innen_aussen,wir_sie,heute_morgen",0,0,0,0,
583289227551133,0,"oben_unten,innen_aussen,wir_sie,heute_morgen",0,1,1,3,
920113750659303,0,"oben_unten,innen_aussen,wir_sie,heute_morgen",0,0,0,1,
437355039257831,0,"oben_unten,innen_aussen,wir_sie,heute_morgen",0,0,0,0,
4155655891398586,0,"oben_unten,innen_aussen,wir_sie,heute_morgen",0,0,0,0,
912902757216883,0,"oben_unten,innen_aussen,wir_sie,heute_morgen",0,0,0,0,
1037457125603746,0,"oben_unten,innen_aussen,wir_sie,heute_morgen",0,0,0,0,
569928316043526,0,"oben_unten,innen_aussen,wir_sie,heute_morgen",0,0,0,2,
1713274469528767,0,"oben_unten,innen_aussen,wir_sie,heute_morgen",0,0,0,0,
1532881104042678,0,"oben_unten,innen_aussen,wir_sie,heute_morgen",0,0,0,1,
1088068119478007,0,"oben_unten,innen_aussen,wir_sie,heute_morgen",0,0,1,3,
1141252850895414,0,"oben_unten,innen_aussen,wir_sie,heute_morgen",0,0,1,2,
887379404416106,0,"oben_unten,innen_aussen,wir_sie,heute_morgen",0,1,0,1,
654078270378195,0,"oben_unten,innen_aussen,wir_sie,heute_morgen",0,0,0,0,
1442416033828918,0,"oben_unten,innen_aussen,wir_sie,heute_morgen",0,0,0,2,
2275919846595972,0,"oben_unten,innen_aussen,wir_sie,heute_morgen",0,0,0,1,
1748640132374601,0,"oben_unten,innen_aussen,wir_sie,heute_morgen",0,0,0,0,
1266481221061355,0,"oben_unten,innen_aussen,wir_sie,heute_morgen",0,1,0,2,
982408207114343,0,"oben_unten,innen_aussen,wir_sie,heute_morgen",0,0,1,2,
2461963677620190,0,"oben_unten,innen_aussen,wir_sie,heute_morgen",0,0,2,0,
8646731682112109,0,"oben_unten,innen_aussen,wir_sie,heute_morgen",0,0,0,2,
2163450137886845,0,"oben_unten,innen_aussen,wir_sie,heute_morgen",0,0,1,3,
1069607418856417,0,"oben_unten,innen_aussen,wir_sie,heute_morgen",0,0,1,3,
1071213912153437,0,"oben_unten,innen_aussen,wir_sie,heute_morgen",0,0,0,0,
28490959390593005,0,"oben_unten,innen_aussen,wir_sie,heute_morgen",0,0,0,0,
460922739975365,0,"oben_unten,innen_aussen,wir_sie,heute_morgen",0,1,0,3,
1571049434713228,0,"oben_unten,innen_aussen,wir_sie,heute_morgen",0,0,0,0,
617465867507823,0,"oben_unten,innen_aussen,wir_sie,heute_morgen",0,1,0,3,
1657376818318612,0,"oben_unten,innen_aussen,wir_sie,heute_morgen",0,0,0,1,
483842821158822,0,"oben_unten,innen_aussen,wir_sie,heute_morgen",0,0,2,0,
4691595141164884,0,"oben_unten,innen_aussen,wir_sie,heute_morgen",0,0,0,0,
1515008995818934,0,"oben_unten,innen_aussen,wir_sie,heute_morgen",0,1,1,3,
1760404158635050,0,"oben_unten,innen_aussen,wir_sie,heute_morgen",0,0,3,1,
2048629952684427,0,"oben_unten,innen_aussen,wir_sie,heute_morgen",0,0,0,3,
1568915584646780,0,"oben_unten,innen_aussen,wir_sie,heute_morgen",0,0,0,0,
1065917971981548,0,"oben_unten,innen_aussen,wir_sie,heute_morgen",0,1,0,2,
1328246012221134,0,"oben_unten,innen_aussen,wir_sie,heute_morgen",0,0,0,1,
1202777384832729,0,"oben_unten,innen_aussen,wir_sie,heute_morgen",0,0,0,1,
1217856395963342,0,"oben_unten,innen_aussen,wir_sie,heute_morgen",0,0,0,0,
1913509406279140,0,"oben_unten,innen_aussen,wir_sie,heute_morgen",0,1,1,3,
968702844661638,0,"oben_unten,innen_aussen,wir_sie,heute_morgen",0,0,0,0,
1334861701474917,0,"oben_unten,innen_aussen,wir_sie,heute_morgen",0,0,0,0,
1385445400363730,0,"oben_unten,innen_aussen,wir_sie,heute_morgen",0,0,0,0,
1956826115004848,0,"oben_unten,innen_aussen,wir_sie,heute_morgen",0,0,0,1,
1047575664274773,0,"oben_unten,innen_aussen,wir_sie,heute_morgen",0,0,0,0,
2483422312163138,0,"oben_unten,innen_aussen,wir_sie,heute_morgen",0,0,0,1,
1094645032102229,0,"oben_unten,innen_aussen,wir_sie,heute_morgen",0,0,0,0,
9232179190173539,0,"oben_unten,innen_aussen,wir_sie,heute_morgen",0,1,0,3,
934798318531314,0,"oben_unten,innen_aussen,wir_sie,heute_morgen",0,0,0,3,
1427650952542789,0,"oben_unten,innen_aussen,wir_sie,heute_morgen",0,0,1,2,
941261691318495,0,"oben_unten,innen_aussen,wir_sie,heute_morgen",0,0,0,0,
1707112323994743,0,"oben_unten,innen_aussen,wir_sie,heute_morgen",0,0,0,1,
1541637020988054,0,"oben_unten,innen_aussen,wir_sie,heute_morgen",0,0,0,0,
4136417329903524,0,"oben_unten,innen_aussen,wir_sie,heute_morgen",0,0,0,1,
1651457572580423,0,"oben_unten,innen_aussen,wir_sie,heute_morgen",0,0,0,0,
2667943273393637,0,"oben_unten,innen_aussen,wir_sie,heute_morgen",0,1,0,1,
1061415150152448,0,"oben_unten,innen_aussen,wir_sie,heute_morgen",0,0,0,0,
1037552435821024,0,"oben_unten,innen_aussen,wir_sie,heute_morgen",0,0,0,1,
1110507631310855,0,"oben_unten,innen_aussen,wir_sie,heute_morgen",0,0,0,0,
594784249745158,0,"oben_unten,innen_aussen,wir_sie,heute_morgen",0,1,0,0,
995070543310706,0,"oben_unten,innen_aussen,wir_sie,heute_morgen",0,0,0,1,
1417116636999019,0,"oben_unten,innen_aussen,wir_sie,heute_morgen",0,0,0,1,
1096722516120605,0,"oben_unten,innen_aussen,wir_sie,heute_morgen",0,0,1,3,
1958301994691126,0,"oben_unten,innen_aussen,wir_sie,heute_morgen",0,1,0,3,
651858203951187,0,"oben_unten,innen_aussen,wir_sie,heute_morgen",0,0,0,2,
2045200516088753,0,"oben_unten,innen_aussen,wir_sie,heute_morgen",0,0,1,2,
1169520628028419,0,"oben_unten,innen_aussen,wir_sie,heute_morgen",0,1,1,2,
1531965835284814,0,"oben_unten,innen_aussen,wir_sie,heute_morgen",0,0,0,0,
636509235729623,0,"oben_unten,innen_aussen,wir_sie,heute_morgen",0,0,0,0,
875321685637149,0,"oben_unten,innen_aussen,wir_sie,heute_morgen",0,0,1,3,
638615811960616,0,"oben_unten,innen_aussen,wir_sie,heute_morgen",0,1,1,2,
547430551681735,0,"oben_unten,innen_aussen,wir_sie,heute_morgen",0,0,0,0,
580481711519086,0,"oben_unten,innen_aussen,wir_sie,heute_morgen",0,0,0,3,
913672684312408,0,"oben_unten,innen_aussen,wir_sie,heute_morgen",0,0,0,0,
895964709400086,0,"oben_unten,innen_aussen,wir_sie,heute_morgen",0,0,1,3,
36725400127104886,0,"oben_unten,innen_aussen,wir_sie,heute_morgen",0,0,1,0,
1263951788041172,0,"oben_unten,innen_aussen,wir_sie,heute_morgen",0,0,1,3,
544465078433772,0,"oben_unten,innen_aussen,wir_sie,heute_morgen",0,0,0,0,
1031678045650720,0,"oben_unten,innen_aussen,wir_sie,heute_morgen",0,0,0,1,
829108729341186,0,"oben_unten,innen_aussen,wir_sie,heute_morgen",0,0,0,0,
4327482634159289,0,"oben_unten,innen_aussen,wir_sie,heute_morgen",0,0,0,1,
1334875351199672,0,"oben_unten,innen_aussen,wir_sie,heute_morgen",0,0,0,1,
618637614044067,0,"oben_unten,innen_aussen,wir_sie,heute_morgen",0,0,0,1,
611106448217816,0,"oben_unten,innen_aussen,wir_sie,heute_morgen",0,0,0,3,
1113195374365075,0,"oben_unten,innen_aussen,wir_sie,heute_morgen",0,0,0,0,
652550363795617,0,"oben_unten,innen_aussen,wir_sie,heute_morgen",0,0,1,2,
593987319756018,0,"oben_unten,innen_aussen,wir_sie,heute_morgen",0,0,0,0,
2394097104260963,0,"oben_unten,innen_aussen,wir_sie,heute_morgen",0,0,0,1,
1509721953504380,0,"oben_unten,innen_aussen,wir_sie,heute_morgen",0,0,2,3,
3616932835112643,0,"oben_unten,innen_aussen,wir_sie,heute_morgen",0,0,0,1,
1231603571470607,0,"oben_unten,innen_aussen,wir_sie,heute_morgen",0,0,0,0,
1628002832323848,0,"oben_unten,innen_aussen,wir_sie,heute_morgen",0,0,0,1,
632125986019089,0,"oben_unten,innen_aussen,wir_sie,heute_morgen",0,0,0,0,
369753032892658,0,"oben_unten,innen_aussen,wir_sie,heute_morgen",0,0,0,3,
1303486714123158,0,"oben_unten,innen_aussen,wir_sie,heute_morgen",0,0,0,1,
1965058377293371,0,"oben_unten,innen_aussen,wir_sie,heute_morgen",0,0,1,3,
1020792327579383,0,"oben_unten,innen_aussen,wir_sie,heute_morgen",0,0,1,2,
550286454518498,0,"oben_unten,innen_aussen,wir_sie,heute_morgen",0,0,1,3,
635038158915604,0,"oben_unten,innen_aussen,wir_sie,heute_morgen",0,0,1,1,
1257394872175761,0,"oben_unten,innen_aussen,wir_sie,heute_morgen",0,0,0,0,
530424066170895,0,"oben_unten,innen_aussen,wir_sie,heute_morgen",0,0,1,2,
1026202095931693,0,"oben_unten,innen_aussen,wir_sie,heute_morgen",0,0,0,1,
1380654480270922,0,"oben_unten,innen_aussen,wir_sie,heute_morgen",0,0,0,3,
1248409136221533,0,"oben_unten,innen_aussen,wir_sie,heute_morgen",0,0,0,0,
3807112766206431,0,"oben_unten,innen_aussen,wir_sie,heute_morgen",0,0,0,0,
638153408563549,0,"oben_unten,innen_aussen,wir_sie,heute_morgen",0,0,0,0,
565416772796633,0,"oben_unten,innen_aussen,wir_sie,heute_morgen",0,0,0,1,
2015027055790076,0,"oben_unten,innen_aussen,wir_sie,heute_morgen",0,0,1,2,
1533950447268805,0,"oben_unten,innen_aussen,wir_sie,heute_morgen",0,0,0,1,
944709600882481,0,"oben_unten,innen_aussen,wir_sie,heute_morgen",0,0,0,3,
1758633982130272,0,"oben_unten,innen_aussen,wir_sie,heute_morgen",0,0,0,1,
1376459621034141,0,"oben_unten,innen_aussen,wir_sie,heute_morgen",0,0,1,3,
2629625014092642,0,"oben_unten,innen_aussen,wir_sie,heute_morgen",0,0,0,0,
1232436997864811,0,"oben_unten,innen_aussen,wir_sie,heute_morgen",0,0,0,1,
635575738995069,0,"oben_unten,innen_aussen,wir_sie,heute_morgen",0,0,0,1,
2257471527961921,0,"oben_unten,innen_aussen,wir_sie,heute_morgen",0,0,1,3,
1776629919856537,0,"oben_unten,innen_aussen,wir_sie,heute_morgen",0,0,0,3,
1449098993721407,0,"oben_unten,innen_aussen,wir_sie,heute_morgen",0,0,0,1,
913594827644117,0,"oben_unten,innen_aussen,wir_sie,heute_morgen",0,0,0,0,
989602613051794,0,"oben_unten,innen_aussen,wir_sie,heute_morgen",0,0,0,0,
1281079183147827,0,"oben_unten,innen_aussen,wir_sie,heute_morgen",0,0,1,2,
1708225520415664,0,"oben_unten,innen_aussen,wir_sie,heute_morgen",0,0,0,1,
1563177084559334,0,"oben_unten,innen_aussen,wir_sie,heute_morgen",0,0,0,0,
1535128437138887,0,"oben_unten,innen_aussen,wir_sie,heute_morgen",0,0,0,1,
1118231572958413,0,"oben_unten,innen_aussen,wir_sie,heute_morgen",0,0,0,0,
898655392578376,0,"oben_unten,innen_aussen,wir_sie,heute_morgen",0,0,1,0,
1320769342620793,0,"oben_unten,innen_aussen,wir_sie,heute_morgen",0,0,0,0,
410244902166545,0,"oben_unten,innen_aussen,wir_sie,heute_morgen",0,0,0,2,
1328690708267751,0,"oben_unten,innen_aussen,wir_sie,heute_morgen",0,0,0,3,
890001686553227,0,"oben_unten,innen_aussen,wir_sie,heute_morgen",0,0,0,2,
551430181094077,0,"oben_unten,innen_aussen,wir_sie,heute_morgen",0,0,0,0,
1277432790149277,0,"oben_unten,innen_aussen,wir_sie,heute_morgen",0,1,1,4,
1356694209010935,0,"oben_unten,innen_aussen,wir_sie,heute_morgen",0,0,0,2,
1308130658142491,0,"oben_unten,innen_aussen,wir_sie,heute_morgen",0,0,0,1,
901272005465789,0,"oben_unten,innen_aussen,wir_sie,heute_morgen",0,0,0,0,
1045293344826007,0,"oben_unten,innen_aussen,wir_sie,heute_morgen",0,1,0,1,
932123682370316,0,"oben_unten,innen_aussen,wir_sie,heute_morgen",0,0,1,2,
881903434982396,0,"oben_unten,innen_aussen,wir_sie,heute_morgen",0,0,0,2,
1618642732408537,0,"oben_unten,innen_aussen,wir_sie,heute_morgen",0,0,0,2,
557778480333701,0,"oben_unten,innen_aussen,wir_sie,heute_morgen",0,0,1,2,
1938537160181652,0,"oben_unten,innen_aussen,wir_sie,heute_morgen",0,0,1,3,
2463315660814727,0,"oben_unten,innen_aussen,wir_sie,heute_morgen",0,0,1,0,
969980348429765,0,"oben_unten,innen_aussen,wir_sie,heute_morgen",0,0,1,3,
1845744863459855,0,"oben_unten,innen_aussen,wir_sie,heute_morgen",0,0,0,1,
605297585175156,0,"oben_unten,innen_aussen,wir_sie,heute_morgen",0,0,0,0,
27290576280552410,0,"oben_unten,innen_aussen,wir_sie,heute_morgen",0,1,0,0,
1107094020941287,0,"oben_unten,innen_aussen,wir_sie,heute_morgen",0,0,0,0,
9131043483676125,0,"oben_unten,innen_aussen,wir_sie,heute_morgen",1,0,0,1,
1368646565186801,0,"oben_unten,innen_aussen,wir_sie,heute_morgen",0,0,0,0,
623330963360883,0,"oben_unten,innen_aussen,wir_sie,heute_morgen",0,0,0,0,
1132543958658523,0,"oben_unten,innen_aussen,wir_sie,heute_morgen",0,0,0,0,
2401591723529305,0,"oben_unten,innen_aussen,wir_sie,heute_morgen",0,0,1,2,
1733997831087567,0,"oben_unten,innen_aussen,wir_sie,heute_morgen",0,0,0,0,
8544180472360847,0,"oben_unten,innen_aussen,wir_sie,heute_morgen",0,0,1,0,
821933796740655,0,"oben_unten,innen_aussen,wir_sie,heute_morgen",2,0,1,2,
897014192511331,0,"oben_unten,innen_aussen,wir_sie,heute_morgen",0,0,2,0,
1580737097387377,0,"oben_unten,innen_aussen,wir_sie,heute_morgen",0,0,1,0,
3878459015760210,0,"oben_unten,innen_aussen,wir_sie,heute_morgen",0,0,0,2,
597452026057296,0,"oben_unten,innen_aussen,wir_sie,heute_morgen",0,0,1,1,
2018226328679495,0,"oben_unten,innen_aussen,wir_sie,heute_morgen",1,0,0,3,
1579643440609504,0,"oben_unten,innen_aussen,wir_sie,heute_morgen",3,0,1,2,
3806964532885185,0,"oben_unten,innen_aussen,wir_sie,heute_morgen",0,0,1,2,
915320980244423,0,"oben_unten,innen_aussen,wir_sie,heute_morgen",0,0,0,1,
1145419437304484,0,"oben_unten,innen_aussen,wir_sie,heute_morgen",0,0,1,0,
1696703444933904,0,"oben_unten,innen_aussen,wir_sie,heute_morgen",0,0,0,1,
1676037026673195,0,"oben_unten,innen_aussen,wir_sie,heute_morgen",0,0,0,0,
2084296642293091,0,"oben_unten,innen_aussen,wir_sie,heute_morgen",0,0,0,1,
1349352106530657,0,"oben_unten,innen_aussen,wir_sie,heute_morgen",0,0,0,0,
2627863527396869,0,"oben_unten,innen_aussen,wir_sie,heute_morgen",0,0,1,3,
2560025271101407,0,"oben_unten,innen_aussen,wir_sie,heute_morgen",0,0,0,2,
959604232902091,0,"oben_unten,innen_aussen,wir_sie,heute_morgen",2,0,1,3,
1014239864822778,0,"oben_unten,innen_aussen,wir_sie,heute_morgen",0,0,1,2,
956226376353395,0,"oben_unten,innen_aussen,wir_sie,heute_morgen",0,0,1,3,
1387460252662756,0,"oben_unten,innen_aussen,wir_sie,heute_morgen",0,0,0,1,
1738140464052571,0,"oben_unten,innen_aussen,wir_sie,heute_morgen",0,0,1,2,
1106563191011420,0,"oben_unten,innen_aussen,wir_sie,heute_morgen",0,0,0,0,
1080869984296373,0,"oben_unten,innen_aussen,wir_sie,heute_morgen",0,0,0,1,
443295748750291,0,"oben_unten,innen_aussen,wir_sie,heute_morgen",0,0,0,0,
997267369741268,0,"oben_unten,innen_aussen,wir_sie,heute_morgen",0,0,0,0,
1500114228012079,0,"oben_unten,innen_aussen,wir_sie,heute_morgen",1,0,0,2,
1065322432907653,0,"oben_unten,innen_aussen,wir_sie,heute_morgen",0,0,0,1,
1053700583675956,0,"oben_unten,innen_aussen,wir_sie,heute_morgen",0,0,1,2,
2247645299109834,0,"oben_unten,innen_aussen,wir_sie,heute_morgen",0,0,1,3,
1489695478365270,0,"oben_unten,innen_aussen,wir_sie,heute_morgen",0,0,0,1,
3533550263611316,0,"oben_unten,innen_aussen,wir_sie,heute_morgen",0,0,0,1,
928368726957872,0,"oben_unten,innen_aussen,wir_sie,heute_morgen",0,0,0,1,
1670620993879915,0,"oben_unten,innen_aussen,wir_sie,heute_morgen",0,0,0,0,
1275314043696414,0,"oben_unten,innen_aussen,wir_sie,heute_morgen",0,0,1,2,
583673334017853,0,"oben_unten,innen_aussen,wir_sie,heute_morgen",0,0,1,3,
861859500329718,0,"oben_unten,innen_aussen,wir_sie,heute_morgen",0,0,0,1,
2828269864201422,0,"oben_unten,innen_aussen,wir_sie,heute_morgen",0,0,0,0,
1085074127810260,0,"oben_unten,innen_aussen,wir_sie,heute_morgen",0,0,1,1,
1526525122451758,0,"oben_unten,innen_aussen,wir_sie,heute_morgen",0,0,1,1,
1535269447156023,0,"oben_unten,innen_aussen,wir_sie,heute_morgen",0,0,1,3,
1008004515479192,0,"oben_unten,innen_aussen,wir_sie,heute_morgen",0,0,0,1,
1797304205013838,0,"oben_unten,innen_aussen,wir_sie,heute_morgen",0,0,1,3,
1346945740004711,0,"oben_unten,innen_aussen,wir_sie,heute_morgen",0,0,0,2,
472624145902463,0,"oben_unten,innen_aussen,wir_sie,heute_morgen",0,1,0,0,
913475451788936,0,"oben_unten,innen_aussen,wir_sie,heute_morgen",0,0,0,0,
1540154570736682,0,"oben_unten,innen_aussen,wir_sie,heute_morgen",0,0,0,2,
1124217436041058,0,"oben_unten,innen_aussen,wir_sie,heute_morgen",0,0,2,3,
518412567934546,0,"oben_unten,innen_aussen,wir_sie,heute_morgen",0,0,0,2,
500414279696930,0,"oben_unten,innen_aussen,wir_sie,heute_morgen",0,0,0,1,
505358838820540,0,"oben_unten,innen_aussen,wir_sie,heute_morgen",0,0,0,0,
1573796130831402,0,"oben_unten,innen_aussen,wir_sie,heute_morgen",0,0,0,1,
1299433047927743,0,"oben_unten,innen_aussen,wir_sie,heute_morgen",0,0,1,2,
1362963978116233,0,"oben_unten,innen_aussen,wir_sie,heute_morgen",0,0,0,3,
1164087405115870,0,"oben_unten,innen_aussen,wir_sie,heute_morgen",0,0,0,1,
1767018747416703,0,"oben_unten,innen_aussen,wir_sie,heute_morgen",0,0,0,0,
4059316084314035,0,"oben_unten,innen_aussen,wir_sie,heute_morgen",0,0,0,1,
2542476856172001,0,"oben_unten,innen_aussen,wir_sie,heute_morgen",0,0,0,3,
1035619464998029,0,"oben_unten,innen_aussen,wir_sie,heute_morgen",0,0,0,2,
1794806038559136,0,"oben_unten,innen_aussen,wir_sie,heute_morgen",0,0,0,0,
1590726588220450,0,"oben_unten,innen_aussen,wir_sie,heute_morgen",0,0,0,0,
1998210754173653,0,"oben_unten,innen_aussen,wir_sie,heute_morgen",0,0,0,0,
1666079577667992,0,"oben_unten,innen_aussen,wir_sie,heute_morgen",0,0,1,2,
1209046422291907,0,"oben_unten,innen_aussen,wir_sie,heute_morgen",1,0,1,3,
1758758018275477,0,"oben_unten,innen_aussen,wir_sie,heute_morgen",0,0,1,3,
1545819086061305,0,"oben_unten,innen_aussen,wir_sie,heute_morgen",0,0,0,0,
605135615376109,0,"oben_unten,innen_aussen,wir_sie,heute_morgen",0,0,0,0,
997439105607985,0,"oben_unten,innen_aussen,wir_sie,heute_morgen",0,0,1,1,
1321837213438358,0,"oben_unten,innen_aussen,wir_sie,heute_morgen",0,0,0,1,
2025523264749711,0,"oben_unten,innen_aussen,wir_sie,heute_morgen",0,0,0,0,
3787680021493711,0,"oben_unten,innen_aussen,wir_sie,heute_morgen",0,0,1,1,
1339586874264675,0,"oben_unten,innen_aussen,wir_sie,heute_morgen",3,0,1,2,
1369856338388678,0,"oben_unten,innen_aussen,wir_sie,heute_morgen",1,0,0,2,
951184693632090,0,"oben_unten,innen_aussen,wir_sie,heute_morgen",0,0,0,1,
591505800514765,0,"oben_unten,innen_aussen,wir_sie,heute_morgen",0,0,1,3,
2504724330024345,0,"oben_unten,innen_aussen,wir_sie,heute_morgen",0,0,0,0,
1807678240082871,0,"oben_unten,innen_aussen,wir_sie,heute_morgen",0,0,0,1,
1252741772438181,0,"oben_unten,innen_aussen,wir_sie,heute_morgen",0,2,2,1,
1569643657979640,0,"oben_unten,innen_aussen,wir_sie,heute_morgen",3,0,1,3,
3917224051938452,0,"oben_unten,innen_aussen,wir_sie,heute_morgen",0,0,0,1,
515114257723768,0,"oben_unten,innen_aussen,wir_sie,heute_morgen",0,0,0,1,
4230750830569688,0,"oben_unten,innen_aussen,wir_sie,heute_morgen",0,0,0,0,
2285351091864349,0,"oben_unten,innen_aussen,wir_sie,heute_morgen",0,0,0,0,
1269987790960501,0,"oben_unten,innen_aussen,wir_sie,heute_morgen",0,0,0,1,
1767004561125939,0,"oben_unten,innen_aussen,wir_sie,heute_morgen",1,0,0,0,
1358830589547973,0,"oben_unten,innen_aussen,wir_sie,heute_morgen",1,0,0,1,
2910425302457906,0,"oben_unten,innen_aussen,wir_sie,heute_morgen",0,3,0,2,
1130623625144681,0,"oben_unten,innen_aussen,wir_sie,heute_morgen",0,1,0,3,
2288206855341437,0,"oben_unten,innen_aussen,wir_sie,heute_morgen",0,0,0,0,
2016972465672821,0,"oben_unten,innen_aussen,wir_sie,heute_morgen",1,1,0,3,
2034145447191737,0,"oben_unten,innen_aussen,wir_sie,heute_morgen",0,0,1,3,
997377488932776,0,"oben_unten,innen_aussen,wir_sie,heute_morgen",0,0,0,1,
1352873389457351,0,"oben_unten,innen_aussen,wir_sie,heute_morgen",0,0,0,1,
924270742817768,0,"oben_unten,innen_aussen,wir_sie,heute_morgen",0,0,0,0,
2884232841735157,0,"oben_unten,innen_aussen,wir_sie,heute_morgen",0,0,0,2,
1180494716332192,0,"oben_unten,innen_aussen,wir_sie,heute_morgen",0,0,0,1,
3931167930429721,0,"oben_unten,innen_aussen,wir_sie,heute_morgen",2,1,1,4,
1148774220178759,0,"oben_unten,innen_aussen,wir_sie,heute_morgen",0,0,0,0,
4028668074085365,0,"oben_unten,innen_aussen,wir_sie,heute_morgen",0,0,0,2,
591356470365761,0,"oben_unten,innen_aussen,wir_sie,heute_morgen",1,2,0,1,
1376265967078812,0,"oben_unten,innen_aussen,wir_sie,heute_morgen",0,0,0,1,
556896227115099,0,"oben_unten,innen_aussen,wir_sie,heute_morgen",0,1,1,2,
1099543338622999,0,"oben_unten,innen_aussen,wir_sie,heute_morgen",0,0,1,2,
27164128919926498,0,"oben_unten,innen_aussen,wir_sie,heute_morgen",1,1,2,0,
646745614459636,0,"oben_unten,innen_aussen,wir_sie,heute_morgen",0,0,0,0,
1654268378769571,0,"oben_unten,innen_aussen,wir_sie,heute_morgen",0,0,0,1,
642728508434396,0,"oben_unten,innen_aussen,wir_sie,heute_morgen",0,0,0,1,
1793937357879794,0,"oben_unten,innen_aussen,wir_sie,heute_morgen",0,0,0,0,
1686391282310144,0,"oben_unten,innen_aussen,wir_sie,heute_morgen",0,0,0,1,
1694788701076277,0,"oben_unten,innen_aussen,wir_sie,heute_morgen",0,0,0,0,
598641759738811,0,"oben_unten,innen_aussen,wir_sie,heute_morgen",0,0,0,4,
2294785584684578,0,"oben_unten,innen_aussen,wir_sie,heute_morgen",0,1,0,4,
2080456092505879,0,"oben_unten,innen_aussen,wir_sie,heute_morgen",0,0,1,3,
932314085667231,0,"oben_unten,innen_aussen,wir_sie,heute_morgen",0,0,0,3,
843198688668084,0,"oben_unten,innen_aussen,wir_sie,heute_morgen",0,0,2,3,
1049298264436388,0,"oben_unten,innen_aussen,wir_sie,heute_morgen",0,0,1,3,
1088859532687313,0,"oben_unten,innen_aussen,wir_sie,heute_morgen",0,2,0,2,
554872177583139,0,"oben_unten,innen_aussen,wir_sie,heute_morgen",0,0,0,0,
2263772144450419,0,"oben_unten,innen_aussen,wir_sie,heute_morgen",0,0,1,0,
652679143866964,0,"oben_unten,innen_aussen,wir_sie,heute_morgen",0,0,0,0,
4009220552542785,0,"oben_unten,innen_aussen,wir_sie,heute_morgen",0,0,0,1,
924271636484819,0,"oben_unten,innen_aussen,wir_sie,heute_morgen",0,0,0,0,
1168555944661543,0,"oben_unten,innen_aussen,wir_sie,heute_morgen",0,0,0,0,
1279158496503971,0,"oben_unten,innen_aussen,wir_sie,heute_morgen",0,0,0,2,
1221116629002082,0,"oben_unten,innen_aussen,wir_sie,heute_morgen",0,0,1,1,
1039424954869591,0,"oben_unten,innen_aussen,wir_sie,heute_morgen",0,0,0,0,
2723916357996791,0,"oben_unten,innen_aussen,wir_sie,heute_morgen",0,0,0,0,
1017416917705634,0,"oben_unten,innen_aussen,wir_sie,heute_morgen",0,1,0,1,
3035456486606922,0,"oben_unten,innen_aussen,wir_sie,heute_morgen",0,0,0,1,
1467697987967006,0,"oben_unten,innen_aussen,wir_sie,heute_morgen",3,0,1,2,
1382056857147760,0,"oben_unten,innen_aussen,wir_sie,heute_morgen",2,0,1,3,
4042201422683965,0,"oben_unten,innen_aussen,wir_sie,heute_morgen",0,0,0,0,
1291594728524042,0,"oben_unten,innen_aussen,wir_sie,heute_morgen",1,0,0,3,
1153510336327290,0,"oben_unten,innen_aussen,wir_sie,heute_morgen",0,0,0,0,
1233052094477725,0,"oben_unten,innen_aussen,wir_sie,heute_morgen",0,0,0,0,
1562905932095265,0,"oben_unten,innen_aussen,wir_sie,heute_morgen",0,0,0,1,
29314663861456634,0,"oben_unten,innen_aussen,wir_sie,heute_morgen",0,1,0,3,
1132106601344622,0,"oben_unten,innen_aussen,wir_sie,heute_morgen",0,0,0,1,
9173989329311645,0,"oben_unten,innen_aussen,wir_sie,heute_morgen",0,0,0,1,
1168114208312177,0,"oben_unten,innen_aussen,wir_sie,heute_morgen",0,0,0,0,
27636449625984973,0,"oben_unten,innen_aussen,wir_sie,heute_morgen",1,0,1,2,
1312999966509655,0,"oben_unten,innen_aussen,wir_sie,heute_morgen",0,0,0,2,
612213004871631,0,"oben_unten,innen_aussen,wir_sie,heute_morgen",0,1,0,2,
994247570097633,0,"oben_unten,innen_aussen,wir_sie,heute_morgen",0,0,0,0,
1733699024055933,0,"oben_unten,innen_aussen,wir_sie,heute_morgen",0,0,1,3,
9292622500788338,0,"oben_unten,innen_aussen,wir_sie,heute_morgen",0,0,0,2,
622986056989672,0,"oben_unten,innen_aussen,wir_sie,heute_morgen",0,0,1,2,
851491857035023,0,"oben_unten,innen_aussen,wir_sie,heute_morgen",0,0,0,1,
965847915037986,0,"oben_unten,innen_aussen,wir_sie,heute_morgen",0,0,0,1,
1902478051137536,0,"oben_unten,innen_aussen,wir_sie,heute_morgen",0,0,1,3,
786746683597077,0,"oben_unten,innen_aussen,wir_sie,heute_morgen",0,0,1,3,
1408948881284700,0,"oben_unten,innen_aussen,wir_sie,heute_morgen",0,0,0,1,
1105849271555367,0,"oben_unten,innen_aussen,wir_sie,heute_morgen",0,0,0,1,
1139497823863554,0,"oben_unten,innen_aussen,wir_sie,heute_morgen",0,0,0,3,
1336218825265613,0,"oben_unten,innen_aussen,wir_sie,heute_morgen",0,0,1,2,
972351914792895,0,"oben_unten,innen_aussen,wir_sie,heute_morgen",0,0,0,0,
541971801983701,0,"oben_unten,innen_aussen,wir_sie,heute_morgen",0,0,0,2,
985461616768155,0,"oben_unten,innen_aussen,wir_sie,heute_morgen",0,0,0,1,
8754117641384322,0,"oben_unten,innen_aussen,wir_sie,heute_morgen",0,0,1,3,
1994845701160498,0,"oben_unten,innen_aussen,wir_sie,heute_morgen",0,0,0,1,
385116704686925,0,"oben_unten,innen_aussen,wir_sie,heute_morgen",0,0,0,2,
2415787525578886,0,"oben_unten,innen_aussen,wir_sie,heute_morgen",0,0,0,1,
1555401288311089,0,"oben_unten,innen_aussen,wir_sie,heute_morgen",0,0,0,2,
1529324571099870,0,"oben_unten,innen_aussen,wir_sie,heute_morgen",0,0,0,1,
1321593172331179,0,"oben_unten,innen_aussen,wir_sie,heute_morgen",0,0,0,1,
2231060677290841,0,"oben_unten,innen_aussen,wir_sie,heute_morgen",0,0,0,1,
1587771592764870,0,"oben_unten,innen_aussen,wir_sie,heute_morgen",0,1,0,1,
608656515360664,0,"oben_unten,innen_aussen,wir_sie,heute_morgen",0,0,0,1,
938126485076938,0,"oben_unten,innen_aussen,wir_sie,heute_morgen",0,0,1,2,
1858188531819591,0,"oben_unten,innen_aussen,wir_sie,heute_morgen",0,0,0,1,
1149026473675176,0,"oben_unten,innen_aussen,wir_sie,heute_morgen",0,0,0,2,
1542669927123464,0,"oben_unten,innen_aussen,wir_sie,heute_morgen",0,1,0,3,
1370164430813597,0,"oben_unten,innen_aussen,wir_sie,heute_morgen",0,0,0,0,
645236954598274,0,"oben_unten,innen_aussen,wir_sie,heute_morgen",0,0,0,0,
1159752695741605,0,"oben_unten,innen_aussen,wir_sie,heute_morgen",0,0,1,2,
948159190372875,0,"oben_unten,innen_aussen,wir_sie,heute_morgen",0,0,0,0,
1036451052270601,0,"oben_unten,innen_aussen,wir_sie,heute_morgen",0,0,0,0,
571004375512260,0,"oben_unten,innen_aussen,wir_sie,heute_morgen",1,1,1,3,
38118087217807218,0,"oben_unten,innen_aussen,wir_sie,heute_morgen",0,0,0,1,
504725409309127,0,"oben_unten,innen_aussen,wir_sie,heute_morgen",0,0,0,2,
509564662153642,0,"oben_unten,innen_aussen,wir_sie,heute_morgen",0,0,0,0,
3421025354697136,0,"oben_unten,innen_aussen,wir_sie,heute_morgen",0,0,0,0,
1101604428209522,0,"oben_unten,innen_aussen,wir_sie,heute_morgen",0,0,0,0,
1087856537092968,0,"oben_unten,innen_aussen,wir_sie,heute_morgen",0,0,0,1,
1374928874701243,0,"oben_unten,innen_aussen,wir_sie,heute_morgen",0,0,0,1,
1106945287885538,0,"oben_unten,innen_aussen,wir_sie,heute_morgen",0,1,0,3,
897657158928258,0,"oben_unten,innen_aussen,wir_sie,heute_morgen",0,0,0,0,
1386399379435011,0,"oben_unten,innen_aussen,wir_sie,heute_morgen",0,0,0,0,
929301855958908,0,"oben_unten,innen_aussen,wir_sie,heute_morgen",0,0,0,0,
1268430080862390,0,"oben_unten,innen_aussen,wir_sie,heute_morgen",1,0,0,3,
1164536478615960,0,"oben_unten,innen_aussen,wir_sie,heute_morgen",0,0,1,1,
2902024756638362,0,"oben_unten,innen_aussen,wir_sie,heute_morgen",0,0,0,1,
1319511285740495,0,"oben_unten,innen_aussen,wir_sie,heute_morgen",0,0,0,2,
2352122325138098,0,"oben_unten,innen_aussen,wir_sie,heute_morgen",0,1,0,1,
1069086952303538,0,"oben_unten,innen_aussen,wir_sie,heute_morgen",0,0,0,1,
2064243864001823,0,"oben_unten,innen_aussen,wir_sie,heute_morgen",0,0,0,2,
2026696201186995,0,"oben_unten,innen_aussen,wir_sie,heute_morgen",0,0,0,2,
1691697401889310,0,"oben_unten,innen_aussen,wir_sie,heute_morgen",0,0,0,1,
1417695829208418,0,"oben_unten,innen_aussen,wir_sie,heute_morgen",0,0,1,3,
663057649402423,0,"oben_unten,innen_aussen,wir_sie,heute_morgen",0,0,1,2,
1046591401149712,0,"oben_unten,innen_aussen,wir_sie,heute_morgen",0,0,0,1,
2253029578568153,0,"oben_unten,innen_aussen,wir_sie,heute_morgen",0,0,0,1,
1582272139347305,0,"oben_unten,innen_aussen,wir_sie,heute_morgen",0,1,0,3,
1528823414593979,0,"oben_unten,innen_aussen,wir_sie,heute_morgen",0,0,0,0,
994034856727801,0,"oben_unten,innen_aussen,wir_sie,heute_morgen",0,0,0,2,
1288847799026065,0,"oben_unten,innen_aussen,wir_sie,heute_morgen",0,0,0,0,
1129880068691719,0,"oben_unten,innen_aussen,wir_sie,heute_morgen",0,0,0,1,
4058993187710420,0,"oben_unten,innen_aussen,wir_sie,heute_morgen",0,0,0,1,
28842584072009714,0,"oben_unten,innen_aussen,wir_sie,heute_morgen",0,0,0,2,
609819095297487,0,"oben_unten,innen_aussen,wir_sie,heute_morgen",0,0,0,0,
1555524986356502,0,"oben_unten,innen_aussen,wir_sie,heute_morgen",0,0,0,2,
471881492469676,0,"oben_unten,innen_aussen,wir_sie,heute_morgen",0,0,0,3,
1089867686226181,0,"oben_unten,innen_aussen,wir_sie,heute_morgen",0,0,1,2,
548180888266562,0,"oben_unten,innen_aussen,wir_sie,heute_morgen",0,0,0,0,
1294918115134943,0,"oben_unten,innen_aussen,wir_sie,heute_morgen",0,0,0,0,
405086746027263,0,"oben_unten,innen_aussen,wir_sie,heute_morgen",0,0,0,1,
2018183882113768,0,"oben_unten,innen_aussen,wir_sie,heute_morgen",0,0,1,0,
630780832798460,0,"oben_unten,innen_aussen,wir_sie,heute_morgen",0,0,0,0,
944714667789429,0,"oben_unten,innen_aussen,wir_sie,heute_morgen",0,0,0,0,
481188834786814,0,"oben_unten,innen_aussen,wir_sie,heute_morgen",2,1,0,2,
2832207733655452,0,"oben_unten,innen_aussen,wir_sie,heute_morgen",0,0,0,0,
1128527988998722,0,"oben_unten,innen_aussen,wir_sie,heute_morgen",0,0,0,0,
534006579714368,0,"oben_unten,innen_aussen,wir_sie,heute_morgen",0,0,0,3,
1156979273133299,0,"oben_unten,innen_aussen,wir_sie,heute_morgen",3,2,1,2,
1941193209870500,0,"oben_unten,innen_aussen,wir_sie,heute_morgen",1,0,1,1,
1062544022312561,0,"oben_unten,innen_aussen,wir_sie,heute_morgen",0,0,0,3,
1596139554347776,0,"oben_unten,innen_aussen,wir_sie,heute_morgen",0,0,0,3,
2419836335081907,0,"oben_unten,innen_aussen,wir_sie,heute_morgen",0,0,0,2,
588490483809638,0,"oben_unten,innen_aussen,wir_sie,heute_morgen",0,0,0,0,
1152050166638265,0,"oben_unten,innen_aussen,wir_sie,heute_morgen",0,0,0,1,
1132601994734297,0,"oben_unten,innen_aussen,wir_sie,heute_morgen",0,0,0,1,
596833353064992,0,"oben_unten,innen_aussen,wir_sie,heute_morgen",0,0,0,1,
1031996549766395,0,"oben_unten,innen_aussen,wir_sie,heute_morgen",0,0,0,0,
960399305675402,0,"oben_unten,innen_aussen,wir_sie,heute_morgen",0,0,1,0,
1001838399500594,0,"oben_unten,innen_aussen,wir_sie,heute_morgen",0,0,0,2,
995568899054070,0,"oben_unten,innen_aussen,wir_sie,heute_morgen",0,0,2,3,
1722448604966386,0,"oben_unten,innen_aussen,wir_sie,heute_morgen",0,0,0,2,
1685024879036005,0,"oben_unten,innen_aussen,wir_sie,heute_morgen",0,0,1,0,
1040390671836187,0,"oben_unten,innen_aussen,wir_sie,heute_morgen",0,0,0,0,
987604676560115,0,"oben_unten,innen_aussen,wir_sie,heute_morgen",0,0,0,0,
611376624815570,0,"oben_unten,innen_aussen,wir_sie,heute_morgen",0,0,0,0,
1086417723259291,0,"oben_unten,innen_aussen,wir_sie,heute_morgen",0,0,0,0,
1842301339731740,0,"oben_unten,innen_aussen,wir_sie,heute_morgen",0,0,1,2,
610866578310891,0,"oben_unten,innen_aussen,wir_sie,heute_morgen",0,0,0,0,
3848511072145456,0,"oben_unten,innen_aussen,wir_sie,heute_morgen",0,0,0,0,
1368276307492945,0,"oben_unten,innen_aussen,wir_sie,heute_morgen",0,0,0,0,
1408992094378603,0,"oben_unten,innen_aussen,wir_sie,heute_morgen",0,0,0,0,
1823370201768084,0,"oben_unten,innen_aussen,wir_sie,heute_morgen",0,0,0,0,
1580296780558401,0,"oben_unten,innen_aussen,wir_sie,heute_morgen",0,0,1,1,
1182662997201801,0,"oben_unten,innen_aussen,wir_sie,heute_morgen",0,0,1,2,
541411242265019,0,"oben_unten,innen_aussen,wir_sie,heute_morgen",2,0,0,0,
1371278701884554,0,"oben_unten,innen_aussen,wir_sie,heute_morgen",0,0,1,2,
8750420001660989,0,"oben_unten,innen_aussen,wir_sie,heute_morgen",0,1,0,3,
1546270975992350,0,"oben_unten,innen_aussen,wir_sie,heute_morgen",0,0,0,1,
1128051945700958,0,"oben_unten,innen_aussen,wir_sie,heute_morgen",0,0,1,2,
587011964135661,0,"oben_unten,innen_aussen,wir_sie,heute_morgen",0,0,0,0,
2508745459646722,0,"oben_unten,innen_aussen,wir_sie,heute_morgen",0,0,1,2,
1028865896320326,0,"oben_unten,innen_aussen,wir_sie,heute_morgen",0,1,1,3,
901021995256482,0,"oben_unten,innen_aussen,wir_sie,heute_morgen",0,0,0,0,
1953596485120125,0,"oben_unten,innen_aussen,wir_sie,heute_morgen",0,0,4,1,
626211686467475,0,"oben_unten,innen_aussen,wir_sie,heute_morgen",0,0,0,0,
505915048765304,0,"oben_unten,innen_aussen,wir_sie,heute_morgen",0,0,0,0,
1587853328496314,0,"oben_unten,innen_aussen,wir_sie,heute_morgen",0,1,0,0,
875692301191517,0,"oben_unten,innen_aussen,wir_sie,heute_morgen",0,0,0,0,
1129721808296574,0,"oben_unten,innen_aussen,wir_sie,heute_morgen",0,0,0,0,
1736187260559978,0,"oben_unten,innen_aussen,wir_sie,heute_morgen",0,0,1,1,
907737461531524,0,"oben_unten,innen_aussen,wir_sie,heute_morgen",0,0,0,0,
1667208147559325,0,"oben_unten,innen_aussen,wir_sie,heute_morgen",0,0,1,1,
2455489611584179,0,"oben_unten,innen_aussen,wir_sie,heute_morgen",0,0,0,0,
2179914105757025,0,"oben_unten,innen_aussen,wir_sie,heute_morgen",0,0,0,1,
1090902730052660,0,"oben_unten,innen_aussen,wir_sie,heute_morgen",0,0,0,0,
9073721229344168,0,"oben_unten,innen_aussen,wir_sie,heute_morgen",0,0,0,2,
635302675612955,0,"oben_unten,innen_aussen,wir_sie,heute_morgen",0,0,0,0,
1340645520257229,0,"oben_unten,innen_aussen,wir_sie,heute_morgen",0,0,0,0,
938216031377983,0,"oben_unten,innen_aussen,wir_sie,heute_morgen",0,0,0,1,
1337035030613121,0,"oben_unten,innen_aussen,wir_sie,heute_morgen",0,0,0,0,
1159674639082216,0,"oben_unten,innen_aussen,wir_sie,heute_morgen",0,0,1,1,
1797816157421923,0,"oben_unten,innen_aussen,wir_sie,heute_morgen",0,0,1,1,
578601178344252,0,"oben_unten,innen_aussen,wir_sie,heute_morgen",0,0,1,1,
633834995666528,0,"oben_unten,innen_aussen,wir_sie,heute_morgen",0,0,4,1,
1293394328341156,0,"oben_unten,innen_aussen,wir_sie,heute_morgen",0,2,0,3,
951278201274028,0,"oben_unten,innen_aussen,wir_sie,heute_morgen",0,1,0,0,
549350917903146,0,"oben_unten,innen_aussen,wir_sie,heute_morgen",0,3,0,2,
3137533163081306,0,"oben_unten,innen_aussen,wir_sie,heute_morgen",0,1,0,1,
591455276668941,0,"oben_unten,innen_aussen,wir_sie,heute_morgen",0,0,1,3,
484957994374470,0,"oben_unten,innen_aussen,wir_sie,heute_morgen",0,0,0,2,
995833333230112,0,"oben_unten,innen_aussen,wir_sie,heute_morgen",0,1,2,0,
1357303345232855,0,"oben_unten,innen_aussen,wir_sie,heute_morgen",0,0,1,0,
1672748436670074,0,"oben_unten,innen_aussen,wir_sie,heute_morgen",0,0,0,1,
3826185487642462,0,"oben_unten,innen_aussen,wir_sie,heute_morgen",0,1,0,1,
621589090823668,0,"oben_unten,innen_aussen,wir_sie,heute_morgen",0,1,0,2,
2319410385118587,0,"oben_unten,innen_aussen,wir_sie,heute_morgen",0,0,1,2,
1017304230233700,0,"oben_unten,innen_aussen,wir_sie,heute_morgen",0,0,1,3,
3759789644238299,0,"oben_unten,innen_aussen,wir_sie,heute_morgen",0,0,0,4,
1741907246642438,0,"oben_unten,innen_aussen,wir_sie,heute_morgen",0,0,0,0,
1126867758974802,0,"oben_unten,innen_aussen,wir_sie,heute_morgen",0,0,0,2,
578060385045253,0,"oben_unten,innen_aussen,wir_sie,heute_morgen",0,0,0,1,
1741409713314370,0,"oben_unten,innen_aussen,wir_sie,heute_morgen",0,0,0,1,
3971299619806514,0,"oben_unten,innen_aussen,wir_sie,heute_morgen",0,1,0,1,
2369294697212550,0,"oben_unten,innen_aussen,wir_sie,heute_morgen",0,0,0,1,
1903484206729953,0,"oben_unten,innen_aussen,wir_sie,heute_morgen",0,0,0,1,
1293378495446457,0,"oben_unten,innen_aussen,wir_sie,heute_morgen",0,0,0,0,
9283473735101822,0,"oben_unten,innen_aussen,wir_sie,heute_morgen",0,0,0,0,
1142058194128844,0,"oben_unten,innen_aussen,wir_sie,heute_morgen",0,0,0,1,
1567102884507409,0,"oben_unten,innen_aussen,wir_sie,heute_morgen",2,1,1,1,
1121829279690109,0,"oben_unten,innen_aussen,wir_sie,heute_morgen",0,0,1,0,
3823551527895117,0,"oben_unten,innen_aussen,wir_sie,heute_morgen",0,0,0,1,
2399336107097858,0,"oben_unten,innen_aussen,wir_sie,heute_morgen",0,0,1,1,
904590028423123,0,"oben_unten,innen_aussen,wir_sie,heute_morgen",0,0,0,1,
1275877227010010,0,"oben_unten,innen_aussen,wir_sie,heute_morgen",0,0,1,1,
1723238192036196,0,"oben_unten,innen_aussen,wir_sie,heute_morgen",0,1,0,4,
1348262496605935,0,"oben_unten,innen_aussen,wir_sie,heute_morgen",0,0,1,0,
588267044092222,0,"oben_unten,innen_aussen,wir_sie,heute_morgen",0,0,0,0,
522633413580839,0,"oben_unten,innen_aussen,wir_sie,heute_morgen",0,0,0,0,
1158164959143526,0,"oben_unten,innen_aussen,wir_sie,heute_morgen",0,0,0,1,
1131030862147224,0,"oben_unten,innen_aussen,wir_sie,heute_morgen",0,0,0,0,
998071782168740,0,"oben_unten,innen_aussen,wir_sie,heute_morgen",0,0,0,1,
1018206630575693,0,"oben_unten,innen_aussen,wir_sie,heute_morgen",0,0,0,2,
523327920743101,0,"oben_unten,innen_aussen,wir_sie,heute_morgen",0,0,0,0,
478753768610893,0,"oben_unten,innen_aussen,wir_sie,heute_morgen",0,0,0,1,
1115888616528752,0,"oben_unten,innen_aussen,wir_sie,heute_morgen",0,0,0,0,
1641950299732436,0,"oben_unten,innen_aussen,wir_sie,heute_morgen",0,3,0,0,
965573578326643,0,"oben_unten,innen_aussen,wir_sie,heute_morgen",0,0,0,1,
1085784989902664,0,"oben_unten,innen_aussen,wir_sie,heute_morgen",0,0,0,0,
2410397109299395,0,"oben_unten,innen_aussen,wir_sie,heute_morgen",0,0,1,1,
1158923645803424,0,"oben_unten,innen_aussen,wir_sie,heute_morgen",1,0,1,0,
1360522359507848,0,"oben_unten,innen_aussen,wir_sie,heute_morgen",0,0,0,0,
872982751343446,0,"oben_unten,innen_aussen,wir_sie,heute_morgen",0,0,0,1,
1657438804984598,0,"oben_unten,innen_aussen,wir_sie,heute_morgen",0,0,0,0,
1061108042487598,0,"oben_unten,innen_aussen,wir_sie,heute_morgen",0,0,0,1,
1358041272029780,0,"oben_unten,innen_aussen,wir_sie,heute_morgen",0,0,1,2,
645290921254291,0,"oben_unten,innen_aussen,wir_sie,heute_morgen",0,0,0,2,
979583074043076,0,"oben_unten,innen_aussen,wir_sie,heute_morgen",0,0,0,0,
9759469147399556,0,"oben_unten,innen_aussen,wir_sie,heute_morgen",0,0,0,0,
3533393813630293,0,"oben_unten,innen_aussen,wir_sie,heute_morgen",0,0,0,1,
956765954127237,0,"oben_unten,innen_aussen,wir_sie,heute_morgen",0,0,0,0,
1293033251903902,0,"oben_unten,innen_aussen,wir_sie,heute_morgen",0,0,0,0,
1138759677904405,0,"oben_unten,innen_aussen,wir_sie,heute_morgen",0,0,0,0,
589227137299870,0,"oben_unten,innen_aussen,wir_sie,heute_morgen",0,0,0,0,
1666341940584176,0,"oben_unten,innen_aussen,wir_sie,heute_morgen",0,0,1,1,
878228048673656,0,"oben_unten,innen_aussen,wir_sie,heute_morgen",0,0,0,0,
1053315840704426,0,"oben_unten,innen_aussen,wir_sie,heute_morgen",2,0,1,3,
1018542310157541,0,"oben_unten,innen_aussen,wir_sie,heute_morgen",0,0,0,0,
583725847361183,0,"oben_unten,innen_aussen,wir_sie,heute_morgen",0,0,1,4,
1586781968878717,0,"oben_unten,innen_aussen,wir_sie,heute_morgen",2,0,0,1,
1876432653096881,0,"oben_unten,innen_aussen,wir_sie,heute_morgen",0,0,0,2,
1671847013728676,0,"oben_unten,innen_aussen,wir_sie,heute_morgen",0,0,0,0,
1162612125534440,0,"oben_unten,innen_aussen,wir_sie,heute_morgen",0,0,0,1,
500379159356905,0,"oben_unten,innen_aussen,wir_sie,heute_morgen",0,0,0,0,
3080670588756454,0,"oben_unten,innen_aussen,wir_sie,heute_morgen",0,0,0,0,
3908415076080532,0,"oben_unten,innen_aussen,wir_sie,heute_morgen",0,0,0,0,
942317801089644,0,"oben_unten,innen_aussen,wir_sie,heute_morgen",0,0,0,0,
852603290285791,0,"oben_unten,innen_aussen,wir_sie,heute_morgen",0,0,1,0,
1312942286419311,0,"oben_unten,innen_aussen,wir_sie,heute_morgen",0,0,0,0,
1353923265605546,0,"oben_unten,innen_aussen,wir_sie,heute_morgen",0,0,0,0,
962522802499236,0,"oben_unten,innen_aussen,wir_sie,heute_morgen",0,0,0,0,
939444218069995,0,"oben_unten,innen_aussen,wir_sie,heute_morgen",0,0,0,0,
3865804853678359,0,"oben_unten,innen_aussen,wir_sie,heute_morgen",0,0,0,0,
1105510333908975,0,"oben_unten,innen_aussen,wir_sie,heute_morgen",0,0,0,0,
1761675251313117,0,"oben_unten,innen_aussen,wir_sie,heute_morgen",0,0,0,0,
1296765001651081,0,"oben_unten,innen_aussen,wir_sie,heute_morgen",0,0,0,1,
1319947709041301,0,"oben_unten,innen_aussen,wir_sie,heute_morgen",0,0,0,1,
626730503191336,0,"oben_unten,innen_aussen,wir_sie,heute_morgen",0,0,0,0,
969593141891373,0,"oben_unten,innen_aussen,wir_sie,heute_morgen",0,0,0,1,
525059420591505,0,"oben_unten,innen_aussen,wir_sie,heute_morgen",0,0,0,0,
900593781806901,0,"oben_unten,innen_aussen,wir_sie,heute_morgen",0,0,0,0,
1783589512439697,0,"oben_unten,innen_aussen,wir_sie,heute_morgen",0,0,0,1,
607171415393482,0,"oben_unten,innen_aussen,wir_sie,heute_morgen",0,0,0,0,
990544830666031,0,"oben_unten,innen_aussen,wir_sie,heute_morgen",0,0,0,1,
1317830709527851,0,"oben_unten,innen_aussen,wir_sie,heute_morgen",0,0,0,0,
580294994999655,0,"oben_unten,innen_aussen,wir_sie,heute_morgen",0,0,0,0,
4069742979913774,0,"oben_unten,innen_aussen,wir_sie,heute_morgen",0,0,0,0,
1419983563350135,0,"oben_unten,innen_aussen,wir_sie,heute_morgen",3,0,1,2,
1324873738528449,0,"oben_unten,innen_aussen,wir_sie,heute_morgen",0,0,0,0,
1778368512934265,0,"oben_unten,innen_aussen,wir_sie,heute_morgen",0,0,0,0,
2436889977070352,0,"oben_unten,innen_aussen,wir_sie,heute_morgen",0,0,0,1,
605274878606992,0,"oben_unten,innen_aussen,wir_sie,heute_morgen",0,0,0,1,
649983430703771,0,"oben_unten,innen_aussen,wir_sie,heute_morgen",0,0,0,0,
1357349822294435,0,"oben_unten,innen_aussen,wir_sie,heute_morgen",0,0,0,1,
1007219007932070,0,"oben_unten,innen_aussen,wir_sie,heute_morgen",0,0,0,1,
962430872487545,0,"oben_unten,innen_aussen,wir_sie,heute_morgen",0,0,0,0,
1114504550160230,0,"oben_unten,innen_aussen,wir_sie,heute_morgen",0,0,0,0,
1314811599521072,0,"oben_unten,innen_aussen,wir_sie,heute_morgen",0,0,0,0,
9624047200952909,0,"oben_unten,innen_aussen,wir_sie,heute_morgen",0,0,0,0,
588384047454457,0,"oben_unten,innen_aussen,wir_sie,heute_morgen",0,0,0,0,
923085586427756,0,"oben_unten,innen_aussen,wir_sie,heute_morgen",0,0,0,3,
1304649070738854,0,"oben_unten,innen_aussen,wir_sie,heute_morgen",0,0,0,0,
593096993250704,0,"oben_unten,innen_aussen,wir_sie,heute_morgen",0,0,0,2,
434526439704734,0,"oben_unten,innen_aussen,wir_sie,heute_morgen",0,0,0,0,
1392420251724109,0,"oben_unten,innen_aussen,wir_sie,heute_morgen",0,0,0,0,
1546487366060737,0,"oben_unten,innen_aussen,wir_sie,heute_morgen",0,0,0,0,
614654528179246,0,"oben_unten,innen_aussen,wir_sie,heute_morgen",0,0,0,0,
534556096118136,0,"oben_unten,innen_aussen,wir_sie,heute_morgen",0,0,0,0,
630674399544546,0,"oben_unten,innen_aussen,wir_sie,heute_morgen",0,0,0,1,
1298819074637348,0,"oben_unten,innen_aussen,wir_sie,heute_morgen",0,0,0,1,
926353689663332,0,"oben_unten,innen_aussen,wir_sie,heute_morgen",0,0,0,0,
3836308516584886,0,"oben_unten,innen_aussen,wir_sie,heute_morgen",0,0,1,2,
1378979726861006,0,"oben_unten,innen_aussen,wir_sie,heute_morgen",0,0,0,0,
1450663653784035,0,"oben_unten,innen_aussen,wir_sie,heute_morgen",0,0,0,1,
595113503285774,0,"oben_unten,innen_aussen,wir_sie,heute_morgen",0,0,0,0,
1107373694435774,0,"oben_unten,innen_aussen,wir_sie,heute_morgen",0,0,0,1,
9258205027570190,0,"oben_unten,innen_aussen,wir_sie,heute_morgen",0,0,0,0,
1128953431964646,0,"oben_unten,innen_aussen,wir_sie,heute_morgen",0,0,0,0,
591358187098194,0,"oben_unten,innen_aussen,wir_sie,heute_morgen",0,0,0,0,
542089942139823,0,"oben_unten,innen_aussen,wir_sie,heute_morgen",1,0,0,4,
1279321289951060,0,"oben_unten,innen_aussen,wir_sie,heute_morgen",0,0,0,0,
1245070573232271,0,"oben_unten,innen_aussen,wir_sie,heute_morgen",0,0,0,1,
646351237819027,0,"oben_unten,innen_aussen,wir_sie,heute_morgen",0,0,0,0,
1533836987480484,0,"oben_unten,innen_aussen,wir_sie,heute_morgen",0,0,0,0,
2974361686055560,0,"oben_unten,innen_aussen,wir_sie,heute_morgen",0,0,0,0,
1258680862084620,0,"oben_unten,innen_aussen,wir_sie,heute_morgen",0,0,0,0,
1307177300274832,0,"oben_unten,innen_aussen,wir_sie,heute_morgen",0,0,1,2,
1132918987944027,0,"oben_unten,innen_aussen,wir_sie,heute_morgen",0,0,0,0,
1679899702597627,0,"oben_unten,innen_aussen,wir_sie,heute_morgen",0,0,0,0,
2489513921390759,0,"oben_unten,innen_aussen,wir_sie,heute_morgen",0,0,0,0,
973060450847265,0,"oben_unten,innen_aussen,wir_sie,heute_morgen",0,0,0,2,
619255297315983,0,"oben_unten,innen_aussen,wir_sie,heute_morgen",0,0,0,0,
3988820578103058,0,"oben_unten,innen_aussen,wir_sie,heute_morgen",0,0,0,1,
553496871040757,0,"oben_unten,innen_aussen,wir_sie,heute_morgen",0,0,0,0,
1121712089436205,0,"oben_unten,innen_aussen,wir_sie,heute_morgen",0,0,1,0,
1699747974479448,0,"oben_unten,innen_aussen,wir_sie,heute_morgen",0,0,0,1,
1346990256485395,0,"oben_unten,innen_aussen,wir_sie,heute_morgen",0,0,0,0,
971853418275144,0,"oben_unten,innen_aussen,wir_sie,heute_morgen",0,0,0,1,
1352803519226125,0,"oben_unten,innen_aussen,wir_sie,heute_morgen",0,0,0,1,
559612880369123,0,"oben_unten,innen_aussen,wir_sie,heute_morgen",0,0,0,0,
1652007538725883,0,"oben_unten,innen_aussen,wir_sie,heute_morgen",0,0,0,0,
1307738511090408,0,"oben_unten,innen_aussen,wir_sie,heute_morgen",0,0,0,1,
632278542624839,0,"oben_unten,innen_aussen,wir_sie,heute_morgen",0,0,0,0,
1133661888102191,0,"oben_unten,innen_aussen,wir_sie,heute_morgen",0,0,0,1,
4566179910372626,0,"oben_unten,innen_aussen,wir_sie,heute_morgen",0,0,1,0,
1623767341848054,0,"oben_unten,innen_aussen,wir_sie,heute_morgen",0,0,0,0,
586950010401636,0,"oben_unten,innen_aussen,wir_sie,heute_morgen",0,0,0,3,
1419317240046195,0,"oben_unten,innen_aussen,wir_sie,heute_morgen",0,0,0,0,
1093980203013513,0,"oben_unten,innen_aussen,wir_sie,heute_morgen",0,0,0,0,
495261190273292,0,"oben_unten,innen_aussen,wir_sie,heute_morgen",0,0,0,1,
1605124060129247,0,"oben_unten,innen_aussen,wir_sie,heute_morgen",0,0,0,1,
933625268953785,0,"oben_unten,innen_aussen,wir_sie,heute_morgen",0,0,0,0,
1152052799955833,0,"oben_unten,innen_aussen,wir_sie,heute_morgen",0,0,0,0,
1074314061040685,0,"oben_unten,innen_aussen,wir_sie,heute_morgen",0,0,0,0,
28848381374752955,0,"oben_unten,innen_aussen,wir_sie,heute_morgen",0,0,0,0,
477465895186902,0,"oben_unten,innen_aussen,wir_sie,heute_morgen",0,0,0,0,
596904639723320,0,"oben_unten,innen_aussen,wir_sie,heute_morgen",0,0,0,0,
2091032871346006,0,"oben_unten,innen_aussen,wir_sie,heute_morgen",0,0,0,0,
1361043135070238,0,"oben_unten,innen_aussen,wir_sie,heute_morgen",2,0,0,2,
1275934207032701,0,"oben_unten,innen_aussen,wir_sie,heute_morgen",0,0,0,0,
601400322675846,0,"oben_unten,innen_aussen,wir_sie,heute_morgen",0,0,0,0,
1755055595068516,0,"oben_unten,innen_aussen,wir_sie,heute_morgen",0,0,0,1,
491839569914411,0,"oben_unten,innen_aussen,wir_sie,heute_morgen",3,0,1,3,
1162592122104052,0,"oben_unten,innen_aussen,wir_sie,heute_morgen",0,0,1,0,
607009815247389,0,"oben_unten,innen_aussen,wir_sie,heute_morgen",2,0,0,3,
934975322125057,0,"oben_unten,innen_aussen,wir_sie,heute_morgen",0,0,0,0,
601932169059875,0,"oben_unten,innen_aussen,wir_sie,heute_morgen",0,0,1,0,
1358558045307787,0,"oben_unten,innen_aussen,wir_sie,heute_morgen",0,0,0,0,
1381629942821203,0,"oben_unten,innen_aussen,wir_sie,heute_morgen",0,0,0,1,
950736106702937,0,"oben_unten,innen_aussen,wir_sie,heute_morgen",1,3,3,1,
1081629710642195,0,"oben_unten,innen_aussen,wir_sie,heute_morgen",0,0,0,0,
1676159746303241,0,"oben_unten,innen_aussen,wir_sie,heute_morgen",0,0,0,0,
1110517340692495,0,"oben_unten,innen_aussen,wir_sie,heute_morgen",0,0,0,2,
1139111724892111,0,"oben_unten,innen_aussen,wir_sie,heute_morgen",0,0,1,2,
598539866483007,0,"oben_unten,innen_aussen,wir_sie,heute_morgen",0,0,0,0,
2198353447226713,0,"oben_unten,innen_aussen,wir_sie,heute_morgen",0,0,0,1,
3800645170067609,0,"oben_unten,innen_aussen,wir_sie,heute_morgen",0,0,0,2,
1119030159488722,0,"oben_unten,innen_aussen,wir_sie,heute_morgen",0,1,0,3,
977262944287748,0,"oben_unten,innen_aussen,wir_sie,heute_morgen",0,1,0,3,
1122254885859304,0,"oben_unten,innen_aussen,wir_sie,heute_morgen",0,0,0,2,
1668510314041055,0,"oben_unten,innen_aussen,wir_sie,heute_morgen",0,0,0,2,
2368583956823606,0,"oben_unten,innen_aussen,wir_sie,heute_morgen",0,0,0,0,
1178756190248570,0,"oben_unten,innen_aussen,wir_sie,heute_morgen",0,0,0,0,
1878720046609032,0,"oben_unten,innen_aussen,wir_sie,heute_morgen",0,0,0,3,
1153457989458776,0,"oben_unten,innen_aussen,wir_sie,heute_morgen",0,0,0,1,
1130127171555898,0,"oben_unten,innen_aussen,wir_sie,heute_morgen",0,0,0,0,
1285820719203630,0,"oben_unten,innen_aussen,wir_sie,heute_morgen",0,0,0,2,
1360219564981610,0,"oben_unten,innen_aussen,wir_sie,heute_morgen",0,0,0,1,
624758496718792,0,"oben_unten,innen_aussen,wir_sie,heute_morgen",0,0,0,1,
1371220430517652,0,"oben_unten,innen_aussen,wir_sie,heute_morgen",1,0,0,3,
631946639287374,0,"oben_unten,innen_aussen,wir_sie,heute_morgen",0,0,0,0,
3843124262619514,0,"oben_unten,innen_aussen,wir_sie,heute_morgen",0,0,0,1,
1154825166021316,0,"oben_unten,innen_aussen,wir_sie,heute_morgen",0,0,0,3,
586512340901889,0,"oben_unten,innen_aussen,wir_sie,heute_morgen",1,0,1,3,
938870811702590,0,"oben_unten,innen_aussen,wir_sie,heute_morgen",0,0,0,1,
4141239496120518,0,"oben_unten,innen_aussen,wir_sie,heute_morgen",0,0,0,1,
570026082642108,0,"oben_unten,innen_aussen,wir_sie,heute_morgen",0,0,1,2,
587855027462777,0,"oben_unten,innen_aussen,wir_sie,heute_morgen",0,0,0,0,
498265623311750,0,"oben_unten,innen_aussen,wir_sie,heute_morgen",0,0,0,2,
1526194584738891,0,"oben_unten,innen_aussen,wir_sie,heute_morgen",0,0,1,3,
1291369105463612,0,"oben_unten,innen_aussen,wir_sie,heute_morgen",0,0,0,1,
1345213956487191,0,"oben_unten,innen_aussen,wir_sie,heute_morgen",0,0,0,0,
1267100047748285,0,"oben_unten,innen_aussen,wir_sie,heute_morgen",0,0,1,3,
3160155567458620,0,"oben_unten,innen_aussen,wir_sie,heute_morgen",0,0,0,1,
487351067435799,0,"oben_unten,innen_aussen,wir_sie,heute_morgen",0,0,0,1,
1143430384059784,0,"oben_unten,innen_aussen,wir_sie,heute_morgen",0,0,0,0,
1364641481365906,0,"oben_unten,innen_aussen,wir_sie,heute_morgen",0,0,0,0,
1573189686702542,0,"oben_unten,innen_aussen,wir_sie,heute_morgen",0,0,0,0,
1013422964155357,0,"oben_unten,innen_aussen,wir_sie,heute_morgen",0,0,0,0,
894883999685571,0,"oben_unten,innen_aussen,wir_sie,heute_morgen",0,0,0,0,
523976167088533,0,"oben_unten,innen_aussen,wir_sie,heute_morgen",0,0,0,0,
882847390499437,0,"oben_unten,innen_aussen,wir_sie,heute_morgen",0,0,0,1,
2733122223539850,0,"oben_unten,innen_aussen,wir_sie,heute_morgen",0,0,0,1,
9097070277054119,0,"oben_unten,innen_aussen,wir_sie,heute_morgen",0,0,0,0,
1571666100173668,0,"oben_unten,innen_aussen,wir_sie,heute_morgen",0,0,0,1,
1638576126868599,0,"oben_unten,innen_aussen,wir_sie,heute_morgen",0,0,1,2,
1738975963502424,0,"oben_unten,innen_aussen,wir_sie,heute_morgen",0,0,0,0,
1828358251306787,0,"oben_unten,innen_aussen,wir_sie,heute_morgen",0,0,0,3,
564728503388925,0,"oben_unten,innen_aussen,wir_sie,heute_morgen",0,0,0,0,
1633524767590201,0,"oben_unten,innen_aussen,wir_sie,heute_morgen",0,0,0,0,
1169537577849725,0,"oben_unten,innen_aussen,wir_sie,heute_morgen",0,0,0,3,
1384261795888613,0,"oben_unten,innen_aussen,wir_sie,heute_morgen",0,0,0,0,
1346267264144344,0,"oben_unten,innen_aussen,wir_sie,heute_morgen",0,0,0,1,
9244171085614368,0,"oben_unten,innen_aussen,wir_sie,heute_morgen",0,0,1,1,
3999034866895450,0,"oben_unten,innen_aussen,wir_sie,heute_morgen",0,0,0,1,
1498037537530428,0,"oben_unten,innen_aussen,wir_sie,heute_morgen",0,0,0,0,
920528516948610,0,"oben_unten,innen_aussen,wir_sie,heute_morgen",0,0,0,0,
1607176954008321,0,"oben_unten,innen_aussen,wir_sie,heute_morgen",0,0,0,1,
1557574411626706,0,"oben_unten,innen_aussen,wir_sie,heute_morgen",0,0,1,1,
883622340933557,0,"oben_unten,innen_aussen,wir_sie,heute_morgen",0,0,0,0,
1104726821007291,0,"oben_unten,innen_aussen,wir_sie,heute_morgen",0,0,0,1,
628259469734696,0,"oben_unten,innen_aussen,wir_sie,heute_morgen",0,0,0,0,
1243951666718581,0,"oben_unten,innen_aussen,wir_sie,heute_morgen",0,0,0,1,
1286019119268714,0,"oben_unten,innen_aussen,wir_sie,heute_morgen",0,0,0,0,
1021578920255086,0,"oben_unten,innen_aussen,wir_sie,heute_morgen",0,0,0,0,
1585485149731994,0,"oben_unten,innen_aussen,wir_sie,heute_morgen",0,0,0,2,
2184148975696515,0,"oben_unten,innen_aussen,wir_sie,heute_morgen",0,0,0,0,
1743666300137046,0,"oben_unten,innen_aussen,wir_sie,heute_morgen",0,0,0,2,
26824311737246539,0,"oben_unten,innen_aussen,wir_sie,heute_morgen",3,0,1,2,
1309462587037722,0,"oben_unten,innen_aussen,wir_sie,heute_morgen",0,0,1,3,
976238334376655,0,"oben_unten,innen_aussen,wir_sie,heute_morgen",0,0,0,1,
571309375845127,0,"oben_unten,innen_aussen,wir_sie,heute_morgen",0,0,0,1,
2124890891298383,0,"oben_unten,innen_aussen,wir_sie,heute_morgen",0,0,0,1,
1913497859183276,0,"oben_unten,innen_aussen,wir_sie,heute_morgen",0,0,0,0,
27229796373361422,0,"oben_unten,innen_aussen,wir_sie,heute_morgen",0,0,1,3,
1343327011266200,0,"oben_unten,innen_aussen,wir_sie,heute_morgen",0,0,0,0,
861548213312195,0,"oben_unten,innen_aussen,wir_sie,heute_morgen",0,0,0,1,
625251593212480,0,"oben_unten,innen_aussen,wir_sie,heute_morgen",0,0,0,0,
657840439903540,0,"oben_unten,innen_aussen,wir_sie,heute_morgen",0,0,0,2,
1936586947059889,0,"oben_unten,innen_aussen,wir_sie,heute_morgen",0,0,0,0,
2018459365307322,0,"oben_unten,innen_aussen,wir_sie,heute_morgen",0,0,0,0,
627748782982831,0,"oben_unten,innen_aussen,wir_sie,heute_morgen",0,0,0,0,
3529636417200068,0,"oben_unten,innen_aussen,wir_sie,heute_morgen",0,0,0,0,
1686700248572943,0,"oben_unten,innen_aussen,wir_sie,heute_morgen",0,0,0,2,
932364452425682,0,"oben_unten,innen_aussen,wir_sie,heute_morgen",0,0,0,0,
2149610302650025,0,"oben_unten,innen_aussen,wir_sie,heute_morgen",0,0,0,0,
578026645101465,0,"oben_unten,innen_aussen,wir_sie,heute_morgen",0,0,0,1,
405630552639245,0,"oben_unten,innen_aussen,wir_sie,heute_morgen",0,0,0,1,
760830287113048,0,"oben_unten,innen_aussen,wir_sie,heute_morgen",0,0,0,0,
1508888241251751,0,"oben_unten,innen_aussen,wir_sie,heute_morgen",0,0,0,0,
989509069907042,0,"oben_unten,innen_aussen,wir_sie,heute_morgen",0,0,0,0,
1709066006322059,0,"oben_unten,innen_aussen,wir_sie,heute_morgen",0,0,0,0,
1357674042363606,0,"oben_unten,innen_aussen,wir_sie,heute_morgen",0,0,0,0,
1390751918970597,0,"oben_unten,innen_aussen,wir_sie,heute_morgen",1,0,0,2,
1598574598326757,0,"oben_unten,innen_aussen,wir_sie,heute_morgen",0,0,0,3,
2074127993194381,0,"oben_unten,innen_aussen,wir_sie,heute_morgen",1,0,0,3,
818135831233463,0,"oben_unten,innen_aussen,wir_sie,heute_morgen",3,0,1,2,
586094584362119,0,"oben_unten,innen_aussen,wir_sie,heute_morgen",0,0,0,0,
872031595983597,0,"oben_unten,innen_aussen,wir_sie,heute_morgen",0,0,0,0,
1328198152712707,0,"oben_unten,innen_aussen,wir_sie,heute_morgen",0,0,0,0,
2418074841929454,0,"oben_unten,innen_aussen,wir_sie,heute_morgen",0,0,0,0,
1118557269759253,0,"oben_unten,innen_aussen,wir_sie,heute_morgen",0,0,0,0,
1726719777876126,0,"oben_unten,innen_aussen,wir_sie,heute_morgen",0,0,0,1,
1025680923538777,0,"oben_unten,innen_aussen,wir_sie,heute_morgen",0,0,0,1,
627060880017098,0,"oben_unten,innen_aussen,wir_sie,heute_morgen",0,0,0,1,
1124475892206103,0,"oben_unten,innen_aussen,wir_sie,heute_morgen",0,0,0,2,
3940737059543357,0,"oben_unten,innen_aussen,wir_sie,heute_morgen",0,0,0,0,
4068616816772135,0,"oben_unten,innen_aussen,wir_sie,heute_morgen",0,0,1,1,
989156529749634,0,"oben_unten,innen_aussen,wir_sie,heute_morgen",0,0,0,0,
1186891879807372,0,"oben_unten,innen_aussen,wir_sie,heute_morgen",0,0,0,1,
1673559439955020,0,"oben_unten,innen_aussen,wir_sie,heute_morgen",0,0,0,0,
927344826152811,0,"oben_unten,innen_aussen,wir_sie,heute_morgen",0,0,0,1,
1381115996630317,0,"oben_unten,innen_aussen,wir_sie,heute_morgen",0,1,0,0,
1007929348522952,0,"oben_unten,innen_aussen,wir_sie,heute_morgen",0,0,0,1,
1774568916866915,0,"oben_unten,innen_aussen,wir_sie,heute_morgen",0,0,0,1,
941584671425855,0,"oben_unten,innen_aussen,wir_sie,heute_morgen",0,1,0,0,
1706761627142259,0,"oben_unten,innen_aussen,wir_sie,heute_morgen",0,0,0,0,
1648153419606353,0,"oben_unten,innen_aussen,wir_sie,heute_morgen",0,0,0,0,
1360540952744546,0,"oben_unten,innen_aussen,wir_sie,heute_morgen",0,0,0,3,
565107919574753,0,"oben_unten,innen_aussen,wir_sie,heute_morgen",0,1,0,2,
1004503131723055,0,"oben_unten,innen_aussen,wir_sie,heute_morgen",0,0,1,2,
1140150737529927,0,"oben_unten,innen_aussen,wir_sie,heute_morgen",0,0,0,0,
1093062669220887,0,"oben_unten,innen_aussen,wir_sie,heute_morgen",0,0,0,0,
542549012132922,0,"oben_unten,innen_aussen,wir_sie,heute_morgen",0,0,0,1,
966033825589149,0,"oben_unten,innen_aussen,wir_sie,heute_morgen",0,0,0,1,
934191628046300,0,"oben_unten,innen_aussen,wir_sie,heute_morgen",0,0,0,2,
2382607259230186,0,"oben_unten,innen_aussen,wir_sie,heute_morgen",0,0,0,1,
659141373214654,0,"oben_unten,innen_aussen,wir_sie,heute_morgen",0,0,0,2,
1704303720874020,0,"oben_unten,innen_aussen,wir_sie,heute_morgen",0,0,0,1,
1400096398842482,0,"oben_unten,innen_aussen,wir_sie,heute_morgen",0,0,0,0,
1352442466842436,0,"oben_unten,innen_aussen,wir_sie,heute_morgen",0,0,0,1,
9795454683816730,0,"oben_unten,innen_aussen,wir_sie,heute_morgen",0,0,1,1,
8939407952853923,0,"oben_unten,innen_aussen,wir_sie,heute_morgen",0,0,1,2,
1546042736932246,0,"oben_unten,innen_aussen,wir_sie,heute_morgen",0,0,0,0,
2954634811360242,0,"oben_unten,innen_aussen,wir_sie,heute_morgen",0,0,1,2,
1038893048003277,0,"oben_unten,innen_aussen,wir_sie,heute_morgen",0,0,0,1,
1094532305546979,0,"oben_unten,innen_aussen,wir_sie,heute_morgen",0,1,0,2,
623960046987024,0,"oben_unten,innen_aussen,wir_sie,heute_morgen",1,0,2,2,
1535375777988509,0,"oben_unten,innen_aussen,wir_sie,heute_morgen",2,4,0,2,
3913846955553889,0,"oben_unten,innen_aussen,wir_sie,heute_morgen",0,0,0,4,
966068541695847,0,"oben_unten,innen_aussen,wir_sie,heute_morgen",1,1,2,3,
503772555658429,0,"oben_unten,innen_aussen,wir_sie,heute_morgen",1,1,2,3,
1672964043639942,0,"oben_unten,innen_aussen,wir_sie,heute_morgen",0,0,0,2,
1387500653592067,0,"oben_unten,innen_aussen,wir_sie,heute_morgen",0,0,1,2,
591681160241258,0,"oben_unten,innen_aussen,wir_sie,heute_morgen",0,0,0,0,
1044729717424759,0,"oben_unten,innen_aussen,wir_sie,heute_morgen",0,0,0,2,
1152042983258407,0,"oben_unten,innen_aussen,wir_sie,heute_morgen",0,0,1,3,
1397756949079770,0,"oben_unten,innen_aussen,wir_sie,heute_morgen",0,0,0,0,
1902980590376862,0,"oben_unten,innen_aussen,wir_sie,heute_morgen",0,0,0,1,
1611193469489728,0,"oben_unten,innen_aussen,wir_sie,heute_morgen",0,0,0,0,
1753811589396311,0,"oben_unten,innen_aussen,wir_sie,heute_morgen",0,0,0,1,
1684032992534199,0,"oben_unten,innen_aussen,wir_sie,heute_morgen",0,0,0,1,
1127097019162409,0,"oben_unten,innen_aussen,wir_sie,heute_morgen",0,0,0,0,
2594136227644368,0,"oben_unten,innen_aussen,wir_sie,heute_morgen",0,1,1,2,
1765748150913330,0,"oben_unten,innen_aussen,wir_sie,heute_morgen",0,0,0,3,
2088647134901959,0,"oben_unten,innen_aussen,wir_sie,heute_morgen",0,0,0,2,
617260367661827,0,"oben_unten,innen_aussen,wir_sie,heute_morgen",0,0,0,2,
959977296084663,0,"oben_unten,innen_aussen,wir_sie,heute_morgen",0,0,0,1,
1327999011669780,0,"oben_unten,innen_aussen,wir_sie,heute_morgen",0,0,0,1,
3657520114470435,0,"oben_unten,innen_aussen,wir_sie,heute_morgen",0,0,0,1,
564802376558581,0,"oben_unten,innen_aussen,wir_sie,heute_morgen",0,0,1,1,
1802901867115138,0,"oben_unten,innen_aussen,wir_sie,heute_morgen",0,0,0,0,
1382545625962174,0,"oben_unten,innen_aussen,wir_sie,heute_morgen",0,0,0,0,
1398866478735370,0,"oben_unten,innen_aussen,wir_sie,heute_morgen",0,0,0,0,
2623426021440535,0,"oben_unten,innen_aussen,wir_sie,heute_morgen",0,0,1,2,
946267723890027,0,"oben_unten,innen_aussen,wir_sie,heute_morgen",0,0,1,2,
1017790303504489,0,"oben_unten,innen_aussen,wir_sie,heute_morgen",0,0,0,2,
2195879851360990,0,"oben_unten,innen_aussen,wir_sie,heute_morgen",0,0,0,0,
3928554970751077,0,"oben_unten,innen_aussen,wir_sie,heute_morgen",0,0,0,1,
1584050716731988,0,"oben_unten,innen_aussen,wir_sie,heute_morgen",0,0,0,1,
551859234309198,0,"oben_unten,innen_aussen,wir_sie,heute_morgen",0,0,0,1,
923222706594315,0,"oben_unten,innen_aussen,wir_sie,heute_morgen",0,0,0,0,
2739522883114324,0,"oben_unten,innen_aussen,wir_sie,heute_morgen",0,1,0,2,
1317303620517794,0,"oben_unten,innen_aussen,wir_sie,heute_morgen",0,0,1,3,
1132240035125175,0,"oben_unten,innen_aussen,wir_sie,heute_morgen",0,0,0,1,
1853132355451588,0,"oben_unten,innen_aussen,wir_sie,heute_morgen",0,0,0,2,
3192238287597150,0,"oben_unten,innen_aussen,wir_sie,heute_morgen",0,0,0,0,
1070457818099698,0,"oben_unten,innen_aussen,wir_sie,heute_morgen",0,0,0,1,
1129489515090325,0,"oben_unten,innen_aussen,wir_sie,heute_morgen",0,0,0,0,
464309780016437,0,"oben_unten,innen_aussen,wir_sie,heute_morgen",0,0,0,0,
963773315609314,0,"oben_unten,innen_aussen,wir_sie,heute_morgen",0,0,0,2,
27733593736339599,0,"oben_unten,innen_aussen,wir_sie,heute_morgen",0,0,1,2,
2101762656945810,0,"oben_unten,innen_aussen,wir_sie,heute_morgen",0,0,1,3,
868527245135569,0,"oben_unten,innen_aussen,wir_sie,heute_morgen",0,0,0,1,
1316783342795377,0,"oben_unten,innen_aussen,wir_sie,heute_morgen",0,0,1,1,
981885247163115,0,"oben_unten,innen_aussen,wir_sie,heute_morgen",0,0,1,1,
1041045991609949,0,"oben_unten,innen_aussen,wir_sie,heute_morgen",0,0,0,1,
679208814673695,0,"oben_unten,innen_aussen,wir_sie,heute_morgen",0,0,0,0,
3540266812806293,0,"oben_unten,innen_aussen,wir_sie,heute_morgen",0,0,0,0,
616290550729924,0,"oben_unten,innen_aussen,wir_sie,heute_morgen",0,0,0,2,
1703729557369218,0,"oben_unten,innen_aussen,wir_sie,heute_morgen",0,0,0,3,
1159568728872970,0,"oben_unten,innen_aussen,wir_sie,heute_morgen",0,0,1,1,
1155305969586189,0,"oben_unten,innen_aussen,wir_sie,heute_morgen",0,2,0,1,
28258377527140108,0,"oben_unten,innen_aussen,wir_sie,heute_morgen",0,0,0,0,
1325615295305651,0,"oben_unten,innen_aussen,wir_sie,heute_morgen",0,0,0,0,
7926890174102630,0,"oben_unten,innen_aussen,wir_sie,heute_morgen",0,0,3,0,
1298939225563480,0,"oben_unten,innen_aussen,wir_sie,heute_morgen",0,2,1,0,
1775280789981038,0,"oben_unten,innen_aussen,wir_sie,heute_morgen",0,0,0,2,
1356881359055488,0,"oben_unten,innen_aussen,wir_sie,heute_morgen",0,0,0,1,
1744992209393757,0,"oben_unten,innen_aussen,wir_sie,heute_morgen",0,0,0,2,
1474384380136599,0,"oben_unten,innen_aussen,wir_sie,heute_morgen",0,0,0,0,
2034479060326066,0,"oben_unten,innen_aussen,wir_sie,heute_morgen",0,0,0,2,
968848655185049,0,"oben_unten,innen_aussen,wir_sie,heute_morgen",0,0,0,0,
1149550100093584,0,"oben_unten,innen_aussen,wir_sie,heute_morgen",0,0,0,1,
605209832031888,0,"oben_unten,innen_aussen,wir_sie,heute_morgen",0,0,0,1,
999884122910073,0,"oben_unten,innen_aussen,wir_sie,heute_morgen",0,1,1,0,
967658906295652,0,"oben_unten,innen_aussen,wir_sie,heute_morgen",0,2,1,0,
1340180287893389,0,"oben_unten,innen_aussen,wir_sie,heute_morgen",1,1,0,3,
594896803402673,0,"oben_unten,innen_aussen,wir_sie,heute_morgen",2,3,0,1,
592414626573824,0,"oben_unten,innen_aussen,wir_sie,heute_morgen",0,0,0,3,
804828138497028,0,"oben_unten,innen_aussen,wir_sie,heute_morgen",0,0,1,2,
9067386160009432,0,"oben_unten,innen_aussen,wir_sie,heute_morgen",0,0,0,0,
973064850823591,0,"oben_unten,innen_aussen,wir_sie,heute_morgen",0,0,0,1,
2244860386086839,0,"oben_unten,innen_aussen,wir_sie,heute_morgen",0,1,0,3,
596478313189038,0,"oben_unten,innen_aussen,wir_sie,heute_morgen",1,2,1,3,
565294539436395,0,"oben_unten,innen_aussen,wir_sie,heute_morgen",1,0,0,2,
928300469414178,0,"oben_unten,innen_aussen,wir_sie,heute_morgen",0,1,0,3,
1000583702759923,0,"oben_unten,innen_aussen,wir_sie,heute_morgen",4,0,1,2,
651113847587772,0,"oben_unten,innen_aussen,wir_sie,heute_morgen",0,0,2,3,
920720376923115,0,"oben_unten,innen_aussen,wir_sie,heute_morgen",0,0,1,4,
1255789242294460,0,"oben_unten,innen_aussen,wir_sie,heute_morgen",0,0,1,2,
637793665586713,0,"oben_unten,innen_aussen,wir_sie,heute_morgen",0,0,0,1,
658945939901414,0,"oben_unten,innen_aussen,wir_sie,heute_morgen",1,3,2,1,
2323780154647267,0,"oben_unten,innen_aussen,wir_sie,heute_morgen",0,0,0,1,
4562845930700251,0,"oben_unten,innen_aussen,wir_sie,heute_morgen",2,3,3,2,
1511553430517498,0,"oben_unten,innen_aussen,wir_sie,heute_morgen",0,0,0,0,
589980003936549,0,"oben_unten,innen_aussen,wir_sie,heute_morgen",0,0,0,2,
1128109195393503,0,"oben_unten,innen_aussen,wir_sie,heute_morgen",0,0,0,1,
1670394127247554,0,"oben_unten,innen_aussen,wir_sie,heute_morgen",0,0,0,1,
1024275190195657,0,"oben_unten,innen_aussen,wir_sie,heute_morgen",0,0,0,1,
1391763925121309,0,"oben_unten,innen_aussen,wir_sie,heute_morgen",0,0,0,2,
1256277215486290,0,"oben_unten,innen_aussen,wir_sie,heute_morgen",0,0,0,1,
1466709305494038,0,"oben_unten,innen_aussen,wir_sie,heute_morgen",0,0,0,0,
947461981639966,0,"oben_unten,innen_aussen,wir_sie,heute_morgen",0,0,0,0,
1182140856693729,0,"oben_unten,innen_aussen,wir_sie,heute_morgen",0,0,0,0,
2746604698883129,0,"oben_unten,innen_aussen,wir_sie,heute_morgen",0,0,0,1,
511396048155691,0,"oben_unten,innen_aussen,wir_sie,heute_morgen",0,1,0,1,
943504534328454,0,"oben_unten,innen_aussen,wir_sie,heute_morgen",0,0,0,0,
9170896586283346,0,"oben_unten,innen_aussen,wir_sie,heute_morgen",0,0,0,1,
979307990736090,0,"oben_unten,innen_aussen,wir_sie,heute_morgen",0,0,0,0,
443536321893738,0,"oben_unten,innen_aussen,wir_sie,heute_morgen",0,0,1,1,
1696825297533892,0,"oben_unten,innen_aussen,wir_sie,heute_morgen",0,0,1,3,
1670287390217445,0,"oben_unten,innen_aussen,wir_sie,heute_morgen",0,0,0,1,
1161665525610033,0,"oben_unten,innen_aussen,wir_sie,heute_morgen",0,0,0,2,
611303698516509,0,"oben_unten,innen_aussen,wir_sie,heute_morgen",1,3,0,2,
8388365957959416,0,"oben_unten,innen_aussen,wir_sie,heute_morgen",0,0,0,0,
400682276436400,0,"oben_unten,innen_aussen,wir_sie,heute_morgen",1,0,0,2,
2165190150720359,0,"oben_unten,innen_aussen,wir_sie,heute_morgen",0,0,0,0,
1416214276426051,0,"oben_unten,innen_aussen,wir_sie,heute_morgen",0,0,0,3,
3226112407530317,0,"oben_unten,innen_aussen,wir_sie,heute_morgen",0,0,0,3,
1335670100800098,0,"oben_unten,innen_aussen,wir_sie,heute_morgen",0,0,1,3,
4484015515177470,0,"oben_unten,innen_aussen,wir_sie,heute_morgen",0,0,0,0,
595628010034644,0,"oben_unten,innen_aussen,wir_sie,heute_morgen",0,0,1,2,
1088944663580758,0,"oben_unten,innen_aussen,wir_sie,heute_morgen",0,0,1,3,
611543861523218,0,"oben_unten,innen_aussen,wir_sie,heute_morgen",0,0,1,3,
1950656312081885,0,"oben_unten,innen_aussen,wir_sie,heute_morgen",0,0,0,1,
1151536933166142,0,"oben_unten,innen_aussen,wir_sie,heute_morgen",0,0,0,0,
622941286785857,0,"oben_unten,innen_aussen,wir_sie,heute_morgen",0,0,0,0,
1987854968357636,0,"oben_unten,innen_aussen,wir_sie,heute_morgen",0,0,0,0,
826871130362815,0,"oben_unten,innen_aussen,wir_sie,heute_morgen",0,0,0,0,
1063016766477346,0,"oben_unten,innen_aussen,wir_sie,heute_morgen",0,0,0,1,
1807212613443727,0,"oben_unten,innen_aussen,wir_sie,heute_morgen",0,0,0,0,
1926973864680375,0,"oben_unten,innen_aussen,wir_sie,heute_morgen",0,0,1,0,
1158968572467471,0,"oben_unten,innen_aussen,wir_sie,heute_morgen",1,0,0,3,
2353442021853615,0,"oben_unten,innen_aussen,wir_sie,heute_morgen",0,0,0,0,
560824900053400,0,"oben_unten,innen_aussen,wir_sie,heute_morgen",0,0,0,0,
2546812142189088,0,"oben_unten,innen_aussen,wir_sie,heute_morgen",2,0,1,1,
1967701280530120,0,"oben_unten,innen_aussen,wir_sie,heute_morgen",0,0,0,0,
2121014929294210,0,"oben_unten,innen_aussen,wir_sie,heute_morgen",0,0,0,1,
575326791709355,0,"oben_unten,innen_aussen,wir_sie,heute_morgen",0,0,0,1,
610825884708925,0,"oben_unten,innen_aussen,wir_sie,heute_morgen",0,0,0,0,
1737555863938513,0,"oben_unten,innen_aussen,wir_sie,heute_morgen",0,0,0,1,
1465668141989085,0,"oben_unten,innen_aussen,wir_sie,heute_morgen",0,1,0,2,
1699226327600860,0,"oben_unten,innen_aussen,wir_sie,heute_morgen",0,0,0,0,
881341791159172,0,"oben_unten,innen_aussen,wir_sie,heute_morgen",0,0,0,1,
1491957615574748,0,"oben_unten,innen_aussen,wir_sie,heute_morgen",0,0,0,0,
3912658798991951,0,"oben_unten,innen_aussen,wir_sie,heute_morgen",0,0,0,2,
513777431224935,0,"oben_unten,innen_aussen,wir_sie,heute_morgen",0,0,0,0,
1550346426535257,0,"oben_unten,innen_aussen,wir_sie,heute_morgen",0,0,0,0,
1380773533084496,0,"oben_unten,innen_aussen,wir_sie,heute_morgen",0,0,0,0,
1675064976421045,0,"oben_unten,innen_aussen,wir_sie,heute_morgen",0,0,2,1,
1821455731933901,0,"oben_unten,innen_aussen,wir_sie,heute_morgen",0,0,0,1,
613534517927897,0,"oben_unten,innen_aussen,wir_sie,heute_morgen",1,0,0,2,
1049192954698677,0,"oben_unten,innen_aussen,wir_sie,heute_morgen",0,0,0,1,
1629354921794056,0,"oben_unten,innen_aussen,wir_sie,heute_morgen",0,0,0,0,
1291844315484422,0,"oben_unten,innen_aussen,wir_sie,heute_morgen",0,0,1,3,
1150573176683199,0,"oben_unten,innen_aussen,wir_sie,heute_morgen",0,0,0,1,
559718110398582,0,"oben_unten,innen_aussen,wir_sie,heute_morgen",0,0,0,1,
799503436485299,0,"oben_unten,innen_aussen,wir_sie,heute_morgen",0,0,0,1,
615035201479571,0,"oben_unten,innen_aussen,wir_sie,heute_morgen",0,0,0,3,
469865762846774,0,"oben_unten,innen_aussen,wir_sie,heute_morgen",0,0,0,1,
889646753151560,0,"oben_unten,innen_aussen,wir_sie,heute_morgen",0,0,0,1,
1148386306727163,0,"oben_unten,innen_aussen,wir_sie,heute_morgen",0,0,0,1,
311410222067126,0,"oben_unten,innen_aussen,wir_sie,heute_morgen",0,0,0,1,
1602173347093598,0,"oben_unten,innen_aussen,wir_sie,heute_morgen",0,0,0,0,
1129004238493735,0,"oben_unten,innen_aussen,wir_sie,heute_morgen",0,0,1,3,
1079731413937708,0,"oben_unten,innen_aussen,wir_sie,heute_morgen",0,0,1,2,
2314528085579945,0,"oben_unten,innen_aussen,wir_sie,heute_morgen",0,0,0,0,
1316560759461741,0,"oben_unten,innen_aussen,wir_sie,heute_morgen",0,0,0,1,
3848817405448425,0,"oben_unten,innen_aussen,wir_sie,heute_morgen",0,0,0,0,
1684529745466153,0,"oben_unten,innen_aussen,wir_sie,heute_morgen",0,0,0,1,
1310287756958568,0,"oben_unten,innen_aussen,wir_sie,heute_morgen",0,0,0,3,
892476639627267,0,"oben_unten,innen_aussen,wir_sie,heute_morgen",0,0,1,2,
1526213334718605,0,"oben_unten,innen_aussen,wir_sie,heute_morgen",1,0,0,3,
1051166481136356,0,"oben_unten,innen_aussen,wir_sie,heute_morgen",0,0,3,1,
499272439835489,0,"oben_unten,innen_aussen,wir_sie,heute_morgen",0,0,0,0,
9601224049898588,0,"oben_unten,innen_aussen,wir_sie,heute_morgen",0,0,0,2,
601721805822564,0,"oben_unten,innen_aussen,wir_sie,heute_morgen",0,0,0,0,
26989850720710717,0,"oben_unten,innen_aussen,wir_sie,heute_morgen",0,0,0,0,
1332410481273374,0,"oben_unten,innen_aussen,wir_sie,heute_morgen",1,2,0,3,
2125753111172992,0,"oben_unten,innen_aussen,wir_sie,heute_morgen",0,0,0,2,
1196816015390027,0,"oben_unten,innen_aussen,wir_sie,heute_morgen",0,0,0,2,
836718958419866,0,"oben_unten,innen_aussen,wir_sie,heute_morgen",0,0,0,2,
1332700638839886,0,"oben_unten,innen_aussen,wir_sie,heute_morgen",0,1,0,3,
1353261469374916,0,"oben_unten,innen_aussen,wir_sie,heute_morgen",0,0,1,2,
637956195411379,0,"oben_unten,innen_aussen,wir_sie,heute_morgen",1,0,0,2,
1258307591935895,0,"oben_unten,innen_aussen,wir_sie,heute_morgen",0,0,0,1,
1315268599638762,0,"oben_unten,innen_aussen,wir_sie,heute_morgen",0,0,1,3,
627085859973731,0,"oben_unten,innen_aussen,wir_sie,heute_morgen",1,0,2,0,
930508375207294,0,"oben_unten,innen_aussen,wir_sie,heute_morgen",0,0,1,2,
1244470629952506,0,"oben_unten,innen_aussen,wir_sie,heute_morgen",3,0,1,2,
1284312709304555,0,"oben_unten,innen_aussen,wir_sie,heute_morgen",0,0,0,0,
575458835069007,0,"oben_unten,innen_aussen,wir_sie,heute_morgen",0,0,0,0,
2505204226646655,0,"oben_unten,innen_aussen,wir_sie,heute_morgen",0,0,0,2,
905563851669849,0,"oben_unten,innen_aussen,wir_sie,heute_morgen",0,0,0,1,
631569479650715,0,"oben_unten,innen_aussen,wir_sie,heute_morgen",0,0,0,1,
560593973644457,0,"oben_unten,innen_aussen,wir_sie,heute_morgen",0,0,1,2,
1712713686125878,0,"oben_unten,innen_aussen,wir_sie,heute_morgen",0,0,0,1,
951713033603687,0,"oben_unten,innen_aussen,wir_sie,heute_morgen",1,0,0,3,
1029325189240023,0,"oben_unten,innen_aussen,wir_sie,heute_morgen",0,0,0,2,
1094520431816708,0,"oben_unten,innen_aussen,wir_sie,heute_morgen",0,0,0,2,
581193988071105,0,"oben_unten,innen_aussen,wir_sie,heute_morgen",3,1,0,1,
902143465124901,0,"oben_unten,innen_aussen,wir_sie,heute_morgen",2,0,1,2,
428605880247157,0,"oben_unten,innen_aussen,wir_sie,heute_morgen",1,3,1,1,
8261729470596475,0,"oben_unten,innen_aussen,wir_sie,heute_morgen",0,1,0,3,
1115803110289947,0,"oben_unten,innen_aussen,wir_sie,heute_morgen",0,0,0,3,
1257196115573782,0,"oben_unten,innen_aussen,wir_sie,heute_morgen",0,0,0,1,
927619040412042,0,"oben_unten,innen_aussen,wir_sie,heute_morgen",0,0,0,0,
791333399785537,0,"oben_unten,innen_aussen,wir_sie,heute_morgen",0,0,0,1,
1109980227284251,0,"oben_unten,innen_aussen,wir_sie,heute_morgen",0,0,0,2,
576538711877248,0,"oben_unten,innen_aussen,wir_sie,heute_morgen",0,0,0,1,
4054250481376661,0,"oben_unten,innen_aussen,wir_sie,heute_morgen",0,0,1,3,
1328086671726176,0,"oben_unten,innen_aussen,wir_sie,heute_morgen",0,0,0,1,
2482933752170324,0,"oben_unten,innen_aussen,wir_sie,heute_morgen",0,0,0,0,
918890750450513,0,"oben_unten,innen_aussen,wir_sie,heute_morgen",2,0,1,3,
2089990671517466,0,"oben_unten,innen_aussen,wir_sie,heute_morgen",0,0,1,2,
1082691327560420,0,"oben_unten,innen_aussen,wir_sie,heute_morgen",0,0,1,2,
1614350216977216,0,"oben_unten,innen_aussen,wir_sie,heute_morgen",0,0,0,0,
1574440378029516,0,"oben_unten,innen_aussen,wir_sie,heute_morgen",2,3,2,3,
1290183951983601,0,"oben_unten,innen_aussen,wir_sie,heute_morgen",0,0,1,2,
2275795309843058,0,"oben_unten,innen_aussen,wir_sie,heute_morgen",0,0,0,1,
947246200701786,0,"oben_unten,innen_aussen,wir_sie,heute_morgen",0,0,1,2,
1028434565774374,0,"oben_unten,innen_aussen,wir_sie,heute_morgen",0,0,0,1,
515534401017548,0,"oben_unten,innen_aussen,wir_sie,heute_morgen",0,0,0,0,
1597111978679445,0,"oben_unten,innen_aussen,wir_sie,heute_morgen",0,0,0,1,
1010837385170590,0,"oben_unten,innen_aussen,wir_sie,heute_morgen",0,0,0,1,
1800874067573779,0,"oben_unten,innen_aussen,wir_sie,heute_morgen",0,0,0,1,
920381006909236,0,"oben_unten,innen_aussen,wir_sie,heute_morgen",0,1,0,2,
928096476147289,0,"oben_unten,innen_aussen,wir_sie,heute_morgen",0,3,3,2,
3973572186210186,0,"oben_unten,innen_aussen,wir_sie,heute_morgen",0,3,3,2,
476751591924710,0,"oben_unten,innen_aussen,wir_sie,heute_morgen",0,3,3,2,
1264879231502234,0,"oben_unten,innen_aussen,wir_sie,heute_morgen",0,0,0,1,
623361780079021,0,"oben_unten,innen_aussen,wir_sie,heute_morgen",1,0,0,2,
613560251049471,0,"oben_unten,innen_aussen,wir_sie,heute_morgen",0,0,0,1,
947888484102797,0,"oben_unten,innen_aussen,wir_sie,heute_morgen",0,0,2,1,
571335385838366,0,"oben_unten,innen_aussen,wir_sie,heute_morgen",0,1,0,0,
459301320586630,0,"oben_unten,innen_aussen,wir_sie,heute_morgen",0,0,1,2,
1168378271313326,0,"oben_unten,innen_aussen,wir_sie,heute_morgen",0,0,2,3,
982703727117294,0,"oben_unten,innen_aussen,wir_sie,heute_morgen",0,0,2,3,
621595466917447,0,"oben_unten,innen_aussen,wir_sie,heute_morgen",0,0,1,2,
937292885177239,0,"oben_unten,innen_aussen,wir_sie,heute_morgen",0,0,0,0,
1548024409247594,0,"oben_unten,innen_aussen,wir_sie,heute_morgen",0,0,0,0,
560941893598180,0,"oben_unten,innen_aussen,wir_sie,heute_morgen",0,0,0,2,
1042129875011324,0,"oben_unten,innen_aussen,wir_sie,heute_morgen",0,0,0,1,
9025374897569701,0,"oben_unten,innen_aussen,wir_sie,heute_morgen",0,0,0,0,
991748452773143,0,"oben_unten,innen_aussen,wir_sie,heute_morgen",0,0,0,0,
2309808982719626,0,"oben_unten,innen_aussen,wir_sie,heute_morgen",0,0,0,0,
1370425291002187,0,"oben_unten,innen_aussen,wir_sie,heute_morgen",0,0,0,1,
1110004620800260,0,"oben_unten,innen_aussen,wir_sie,heute_morgen",0,0,0,1,
1783233402218045,0,"oben_unten,innen_aussen,wir_sie,heute_morgen",0,0,0,0,
1537334911695492,0,"oben_unten,innen_aussen,wir_sie,heute_morgen",0,0,3,1,
1129399428655909,0,"oben_unten,innen_aussen,wir_sie,heute_morgen",0,0,0,1,
1252192212535466,0,"oben_unten,innen_aussen,wir_sie,heute_morgen",0,0,0,1,
974500307344293,0,"oben_unten,innen_aussen,wir_sie,heute_morgen",0,0,0,3,
995583120022126,0,"oben_unten,innen_aussen,wir_sie,heute_morgen",2,0,1,2,
947428487366759,0,"oben_unten,innen_aussen,wir_sie,heute_morgen",0,0,0,3,
932687388287098,0,"oben_unten,innen_aussen,wir_sie,heute_morgen",0,0,0,0,
971788564934059,0,"oben_unten,innen_aussen,wir_sie,heute_morgen",0,0,0,2,
1110219197467528,0,"oben_unten,innen_aussen,wir_sie,heute_morgen",0,0,0,1,
28401528546159406,0,"oben_unten,innen_aussen,wir_sie,heute_morgen",0,0,0,0,
3856040894659480,0,"oben_unten,innen_aussen,wir_sie,heute_morgen",0,0,2,3,
1146837093511236,0,"oben_unten,innen_aussen,wir_sie,heute_morgen",0,0,2,3,
9288808537820386,0,"oben_unten,innen_aussen,wir_sie,heute_morgen",0,0,0,0,
1365480941287888,0,"oben_unten,innen_aussen,wir_sie,heute_morgen",0,0,0,2,
651501537228876,0,"oben_unten,innen_aussen,wir_sie,heute_morgen",2,0,0,3,
1242674323634022,0,"oben_unten,innen_aussen,wir_sie,heute_morgen",0,0,0,1,
583139774690684,0,"oben_unten,innen_aussen,wir_sie,heute_morgen",1,0,0,3,
1018355370126573,0,"oben_unten,innen_aussen,wir_sie,heute_morgen",1,0,0,3,
3921519228122854,0,"oben_unten,innen_aussen,wir_sie,heute_morgen",2,2,0,3,
624053733327247,0,"oben_unten,innen_aussen,wir_sie,heute_morgen",1,1,0,3,
1668991464035659,0,"oben_unten,innen_aussen,wir_sie,heute_morgen",0,0,0,0,
1122422679576230,0,"oben_unten,innen_aussen,wir_sie,heute_morgen",0,2,1,2,
851631877048022,0,"oben_unten,innen_aussen,wir_sie,heute_morgen",0,0,0,1,
984639090198220,0,"oben_unten,innen_aussen,wir_sie,heute_morgen",1,1,0,3,
589747503973191,0,"oben_unten,innen_aussen,wir_sie,heute_morgen",4,1,1,0,
1176333860791511,0,"oben_unten,innen_aussen,wir_sie,heute_morgen",0,0,0,2,
1048455510374230,0,"oben_unten,innen_aussen,wir_sie,heute_morgen",1,1,0,2,
928414085380903,0,"oben_unten,innen_aussen,wir_sie,heute_morgen",1,0,1,2,
2070944943319220,0,"oben_unten,innen_aussen,wir_sie,heute_morgen",1,1,2,2,
1534687477219376,0,"oben_unten,innen_aussen,wir_sie,heute_morgen",0,0,0,2,
1110639777120315,0,"oben_unten,innen_aussen,wir_sie,heute_morgen",0,2,1,1,
1275871846977890,0,"oben_unten,innen_aussen,wir_sie,heute_morgen",0,0,0,1,
1000346171937094,0,"oben_unten,innen_aussen,wir_sie,heute_morgen",0,0,0,2,
1336406798528054,0,"oben_unten,innen_aussen,wir_sie,heute_morgen",2,3,4,1,
1148981623337226,0,"oben_unten,innen_aussen,wir_sie,heute_morgen",0,0,0,1,
538989232341660,0,"oben_unten,innen_aussen,wir_sie,heute_morgen",0,0,0,1,
1325914378723749,0,"oben_unten,innen_aussen,wir_sie,heute_morgen",0,0,1,1,
1617063929244758,0,"oben_unten,innen_aussen,wir_sie,heute_morgen",0,0,1,2,
3837188599943725,0,"oben_unten,innen_aussen,wir_sie,heute_morgen",1,0,0,3,
1349728999793348,0,"oben_unten,innen_aussen,wir_sie,heute_morgen",1,0,0,3,
4398961283690689,0,"oben_unten,innen_aussen,wir_sie,heute_morgen",0,0,0,3,
1125730452548930,0,"oben_unten,innen_aussen,wir_sie,heute_morgen",0,2,0,3,
1276093303522189,0,"oben_unten,innen_aussen,wir_sie,heute_morgen",0,0,0,2,
609156441974018,0,"oben_unten,innen_aussen,wir_sie,heute_morgen",2,0,0,1,
1337684640979376,0,"oben_unten,innen_aussen,wir_sie,heute_morgen",0,0,0,0,
1658070042405710,0,"oben_unten,innen_aussen,wir_sie,heute_morgen",0,0,0,0,
847259393832005,0,"oben_unten,innen_aussen,wir_sie,heute_morgen",0,0,0,1,
1689529272159841,0,"oben_unten,innen_aussen,wir_sie,heute_morgen",2,3,0,3,
1355132809197895,0,"oben_unten,innen_aussen,wir_sie,heute_morgen",0,3,0,3,
1702022374449716,0,"oben_unten,innen_aussen,wir_sie,heute_morgen",1,0,2,0,
3705456229768282,0,"oben_unten,innen_aussen,wir_sie,heute_morgen",2,3,1,2,
2019581695227906,0,"oben_unten,innen_aussen,wir_sie,heute_morgen",0,3,0,1,
599104156018331,0,"oben_unten,innen_aussen,wir_sie,heute_morgen",0,0,0,1,
1542195607502636,0,"oben_unten,innen_aussen,wir_sie,heute_morgen",1,0,0,3,
27489935144024241,0,"oben_unten,innen_aussen,wir_sie,heute_morgen",1,0,0,3,
448992154958255,0,"oben_unten,innen_aussen,wir_sie,heute_morgen",0,0,0,2,
1124158175766269,0,"oben_unten,innen_aussen,wir_sie,heute_morgen",0,0,1,2,
1133845554900926,0,"oben_unten,innen_aussen,wir_sie,heute_morgen",0,0,0,2,
918679843696461,0,"oben_unten,innen_aussen,wir_sie,heute_morgen",0,0,1,2,
465270749973926,0,"oben_unten,innen_aussen,wir_sie,heute_morgen",0,0,0,0,
1649806589212726,0,"oben_unten,innen_aussen,wir_sie,heute_morgen",0,0,0,0,
1663533564561465,0,"oben_unten,innen_aussen,wir_sie,heute_morgen",0,0,0,1,
628100026335986,0,"oben_unten,innen_aussen,wir_sie,heute_morgen",2,2,1,3,
477602504786496,0,"oben_unten,innen_aussen,wir_sie,heute_morgen",2,1,0,1,
1526113364720481,0,"oben_unten,innen_aussen,wir_sie,heute_morgen",0,0,1,3,
1138316887685783,0,"oben_unten,innen_aussen,wir_sie,heute_morgen",0,1,0,3,
867793558431648,0,"oben_unten,innen_aussen,wir_sie,heute_morgen",1,3,2,2,
578869181715062,0,"oben_unten,innen_aussen,wir_sie,heute_morgen",0,0,0,0,
950582076924895,0,"oben_unten,innen_aussen,wir_sie,heute_morgen",1,1,0,2,
582883781381555,0,"oben_unten,innen_aussen,wir_sie,heute_morgen",0,0,0,2,
600321899595335,0,"oben_unten,innen_aussen,wir_sie,heute_morgen",0,0,0,0,
1080162767217655,0,"oben_unten,innen_aussen,wir_sie,heute_morgen",0,0,1,0,
381077564544604,0,"oben_unten,innen_aussen,wir_sie,heute_morgen",2,0,0,1,
1651345662461061,0,"oben_unten,innen_aussen,wir_sie,heute_morgen",1,1,0,3,
1149800199873255,0,"oben_unten,innen_aussen,wir_sie,heute_morgen",0,0,0,3,
1018416317613877,0,"oben_unten,innen_aussen,wir_sie,heute_morgen",0,0,2,1,
3548562808778564,0,"oben_unten,innen_aussen,wir_sie,heute_morgen",0,0,3,1,
1369015094269104,0,"oben_unten,innen_aussen,wir_sie,heute_morgen",0,0,0,1,
1167817991425214,0,"oben_unten,innen_aussen,wir_sie,heute_morgen",0,0,0,2,
1323518098695358,0,"oben_unten,innen_aussen,wir_sie,heute_morgen",0,2,2,1,
541306755599059,0,"oben_unten,innen_aussen,wir_sie,heute_morgen",0,0,0,1,
1676944889518323,0,"oben_unten,innen_aussen,wir_sie,heute_morgen",2,1,1,2,
3850322025282798,0,"oben_unten,innen_aussen,wir_sie,heute_morgen",0,0,0,0,
1274913893737909,0,"oben_unten,innen_aussen,wir_sie,heute_morgen",0,0,0,1,
780794147414890,0,"oben_unten,innen_aussen,wir_sie,heute_morgen",0,0,0,0,
1145176329890485,0,"oben_unten,innen_aussen,wir_sie,heute_morgen",0,0,0,0,
4439579099591330,0,"oben_unten,innen_aussen,wir_sie,heute_morgen",1,2,4,1,
1412326007455838,0,"oben_unten,innen_aussen,wir_sie,heute_morgen",0,0,2,1,
1474713750599357,0,"oben_unten,innen_aussen,wir_sie,heute_morgen",0,0,0,0,
1584709666657663,0,"oben_unten,innen_aussen,wir_sie,heute_morgen",1,0,0,3,
620867510427270,0,"oben_unten,innen_aussen,wir_sie,heute_morgen",0,0,0,1,
1268507504387158,0,"oben_unten,innen_aussen,wir_sie,heute_morgen",0,1,3,1,
971524815081454,0,"oben_unten,innen_aussen,wir_sie,heute_morgen",0,0,0,0,
1700897393825405,0,"oben_unten,innen_aussen,wir_sie,heute_morgen",0,0,0,1,
527974709652461,0,"oben_unten,innen_aussen,wir_sie,heute_morgen",0,0,0,1,
27309838791958832,0,"oben_unten,innen_aussen,wir_sie,heute_morgen",0,0,0,0,
1690365638488419,0,"oben_unten,innen_aussen,wir_sie,heute_morgen",0,0,1,1,
870235711573603,0,"oben_unten,innen_aussen,wir_sie,heute_morgen",0,0,0,0,
2220403705451326,0,"oben_unten,innen_aussen,wir_sie,heute_morgen",0,0,0,1,
1344277863585581,0,"oben_unten,innen_aussen,wir_sie,heute_morgen",0,0,0,1,
464115973419480,0,"oben_unten,innen_aussen,wir_sie,heute_morgen",0,0,0,0,
2481376385703875,0,"oben_unten,innen_aussen,wir_sie,heute_morgen",0,0,0,1,
780803641349304,0,"oben_unten,innen_aussen,wir_sie,heute_morgen",1,0,2,2,
3875770039304920,0,"oben_unten,innen_aussen,wir_sie,heute_morgen",0,0,0,0,
1084752399797314,0,"oben_unten,innen_aussen,wir_sie,heute_morgen",0,0,0,1,
582727901332121,0,"oben_unten,innen_aussen,wir_sie,heute_morgen",0,0,0,1,
608027624992491,0,"oben_unten,innen_aussen,wir_sie,heute_morgen",0,0,0,0,
702303428767640,0,"oben_unten,innen_aussen,wir_sie,heute_morgen",0,0,0,1,
1308583434325524,0,"oben_unten,innen_aussen,wir_sie,heute_morgen",0,0,1,2,
1153622019666772,0,"oben_unten,innen_aussen,wir_sie,heute_morgen",0,0,0,1,
3887390728182134,0,"oben_unten,innen_aussen,wir_sie,heute_morgen",0,0,0,0,
1580692343327114,0,"oben_unten,innen_aussen,wir_sie,heute_morgen",0,0,0,1,
550003730833204,0,"oben_unten,innen_aussen,wir_sie,heute_morgen",0,0,0,0,
26694846646772201,0,"oben_unten,innen_aussen,wir_sie,heute_morgen",2,2,4,1,
777924691630914,0,"oben_unten,innen_aussen,wir_sie,heute_morgen",0,1,3,1,
636755645596319,0,"oben_unten,innen_aussen,wir_sie,heute_morgen",0,0,0,0,
1644391329485160,0,"oben_unten,innen_aussen,wir_sie,heute_morgen",0,0,0,0,
2675252812931056,0,"oben_unten,innen_aussen,wir_sie,heute_morgen",0,0,0,1,
1083907476761552,0,"oben_unten,innen_aussen,wir_sie,heute_morgen",0,1,4,0,
1807119243386721,0,"oben_unten,innen_aussen,wir_sie,heute_morgen",0,0,0,0,
1111120993924775,0,"oben_unten,innen_aussen,wir_sie,heute_morgen",0,0,1,3,
1570737963579909,0,"oben_unten,innen_aussen,wir_sie,heute_morgen",0,0,0,0,
1021922473665852,0,"oben_unten,innen_aussen,wir_sie,heute_morgen",2,0,3,2,
1122940318686300,0,"oben_unten,innen_aussen,wir_sie,heute_morgen",0,0,0,1,
1598253111059103,0,"oben_unten,innen_aussen,wir_sie,heute_morgen",0,0,0,1,
528306336934715,0,"oben_unten,innen_aussen,wir_sie,heute_morgen",0,1,0,3,
3807106556218299,0,"oben_unten,innen_aussen,wir_sie,heute_morgen",0,1,0,1,
1082677806994253,0,"oben_unten,innen_aussen,wir_sie,heute_morgen",0,1,0,1,
600831732558402,0,"oben_unten,innen_aussen,wir_sie,heute_morgen",0,0,0,2,
1283735912951845,0,"oben_unten,innen_aussen,wir_sie,heute_morgen",0,0,0,2,
1480052216246090,0,"oben_unten,innen_aussen,wir_sie,heute_morgen",2,0,1,1,
589066223680279,0,"oben_unten,innen_aussen,wir_sie,heute_morgen",0,0,0,0,
1620819912646444,0,"oben_unten,innen_aussen,wir_sie,heute_morgen",0,0,0,0,
1365771234725063,0,"oben_unten,innen_aussen,wir_sie,heute_morgen",0,0,0,1,
1596962384272212,0,"oben_unten,innen_aussen,wir_sie,heute_morgen",0,0,0,1,
1205944201669093,0,"oben_unten,innen_aussen,wir_sie,heute_morgen",0,0,1,3,
935053544636839,0,"oben_unten,innen_aussen,wir_sie,heute_morgen",0,0,0,2,
963033829098130,0,"oben_unten,innen_aussen,wir_sie,heute_morgen",0,0,0,1,
1134436504755060,0,"oben_unten,innen_aussen,wir_sie,heute_morgen",0,0,0,1,
1116627443379275,0,"oben_unten,innen_aussen,wir_sie,heute_morgen",3,3,4,1,
982592893786834,0,"oben_unten,innen_aussen,wir_sie,heute_morgen",0,0,0,1,
1369829481721634,0,"oben_unten,innen_aussen,wir_sie,heute_morgen",2,0,1,1,
2025575107941556,0,"oben_unten,innen_aussen,wir_sie,heute_morgen",0,0,2,0,
1309349340159926,0,"oben_unten,innen_aussen,wir_sie,heute_morgen",1,0,0,1,
1304306634022689,0,"oben_unten,innen_aussen,wir_sie,heute_morgen",0,0,0,0,
889591153087172,0,"oben_unten,innen_aussen,wir_sie,heute_morgen",0,0,0,3,
1336814040641214,0,"oben_unten,innen_aussen,wir_sie,heute_morgen",0,0,4,0,
1729481565064294,0,"oben_unten,innen_aussen,wir_sie,heute_morgen",0,0,1,0,
1149877239857071,0,"oben_unten,innen_aussen,wir_sie,heute_morgen",0,0,0,0,
1359590022079535,0,"oben_unten,innen_aussen,wir_sie,heute_morgen",0,1,0,2,
928163632119708,0,"oben_unten,innen_aussen,wir_sie,heute_morgen",0,1,1,2,
4417201805161221,0,"oben_unten,innen_aussen,wir_sie,heute_morgen",0,0,3,1,
1276807916873350,0,"oben_unten,innen_aussen,wir_sie,heute_morgen",0,0,0,2,
281212841491926,0,"oben_unten,innen_aussen,wir_sie,heute_morgen",0,0,0,3,
867232092067752,0,"oben_unten,innen_aussen,wir_sie,heute_morgen",0,0,0,0,
1106473017217751,0,"oben_unten,innen_aussen,wir_sie,heute_morgen",0,0,0,3,
1283682153837490,0,"oben_unten,innen_aussen,wir_sie,heute_morgen",0,2,0,2,
2133854127059415,0,"oben_unten,innen_aussen,wir_sie,heute_morgen",0,1,0,2,
1640691036566300,0,"oben_unten,innen_aussen,wir_sie,heute_morgen",0,0,0,0,
919825066985300,0,"oben_unten,innen_aussen,wir_sie,heute_morgen",0,1,0,3,
1146742120465035,0,"oben_unten,innen_aussen,wir_sie,heute_morgen",0,0,0,0,
1019297610746671,0,"oben_unten,innen_aussen,wir_sie,heute_morgen",0,0,0,1,
1955179058307144,0,"oben_unten,innen_aussen,wir_sie,heute_morgen",0,0,0,0,
926437556285879,0,"oben_unten,innen_aussen,wir_sie,heute_morgen",0,0,0,1,
918371636946975,0,"oben_unten,innen_aussen,wir_sie,heute_morgen",0,0,0,2,
1750173025704551,0,"oben_unten,innen_aussen,wir_sie,heute_morgen",0,0,3,0,
501319522944979,0,"oben_unten,innen_aussen,wir_sie,heute_morgen",0,0,0,1,
1594744451407555,0,"oben_unten,innen_aussen,wir_sie,heute_morgen",1,0,0,1,
965467245110169,0,"oben_unten,innen_aussen,wir_sie,heute_morgen",1,0,0,1,
1154734399648801,0,"oben_unten,innen_aussen,wir_sie,heute_morgen",0,0,0,1,
1687554141840343,0,"oben_unten,innen_aussen,wir_sie,heute_morgen",0,0,0,1,
1608009133159434,0,"oben_unten,innen_aussen,wir_sie,heute_morgen",0,0,0,1,
1351107332572102,0,"oben_unten,innen_aussen,wir_sie,heute_morgen",0,0,0,0,
1915001796001394,0,"oben_unten,innen_aussen,wir_sie,heute_morgen",0,0,1,2,
1774422880075382,0,"oben_unten,innen_aussen,wir_sie,heute_morgen",0,0,0,0,
1824252071683407,0,"oben_unten,innen_aussen,wir_sie,heute_morgen",0,0,0,1,
1371340367229703,0,"oben_unten,innen_aussen,wir_sie,heute_morgen",0,0,1,0,
1389687953051836,0,"oben_unten,innen_aussen,wir_sie,heute_morgen",0,0,0,0,
1025094692991527,0,"oben_unten,innen_aussen,wir_sie,heute_morgen",0,0,0,1,
826341583837601,0,"oben_unten,innen_aussen,wir_sie,heute_morgen",0,0,0,1,
1803907617461921,0,"oben_unten,innen_aussen,wir_sie,heute_morgen",0,0,0,1,
978001260479854,0,"oben_unten,innen_aussen,wir_sie,heute_morgen",0,0,0,1,
2070884423709990,0,"oben_unten,innen_aussen,wir_sie,heute_morgen",0,0,0,1,
1057776522820755,0,"oben_unten,innen_aussen,wir_sie,heute_morgen",0,0,0,3,
613954871215289,0,"oben_unten,innen_aussen,wir_sie,heute_morgen",0,0,0,0,
832356659005945,0,"oben_unten,innen_aussen,wir_sie,heute_morgen",0,0,0,0,
1123388362782759,0,"oben_unten,innen_aussen,wir_sie,heute_morgen",0,0,0,1,
2474204726114541,0,"oben_unten,innen_aussen,wir_sie,heute_morgen",0,0,0,0,
1607932951116806,0,"oben_unten,innen_aussen,wir_sie,heute_morgen",0,0,0,3,
3829000734018338,0,"oben_unten,innen_aussen,wir_sie,heute_morgen",0,1,1,0,
1957568461430187,0,"oben_unten,innen_aussen,wir_sie,heute_morgen",0,0,0,0,
1150201079927301,0,"oben_unten,innen_aussen,wir_sie,heute_morgen",0,0,0,0,
933741134822118,0,"oben_unten,innen_aussen,wir_sie,heute_morgen",2,0,0,3,
1248541079581286,0,"oben_unten,innen_aussen,wir_sie,heute_morgen",0,0,0,1,
962485069150922,0,"oben_unten,innen_aussen,wir_sie,heute_morgen",0,0,1,1,
902613606188610,0,"oben_unten,innen_aussen,wir_sie,heute_morgen",0,0,0,3,
452377094571215,0,"oben_unten,innen_aussen,wir_sie,heute_morgen",0,0,0,1,
1278342209949267,0,"oben_unten,innen_aussen,wir_sie,heute_morgen",3,0,1,1,
906121081593345,0,"oben_unten,innen_aussen,wir_sie,heute_morgen",0,0,0,2,
1151206256562760,0,"oben_unten,innen_aussen,wir_sie,heute_morgen",0,0,0,0,
1066089269640528,0,"oben_unten,innen_aussen,wir_sie,heute_morgen",0,0,0,1,
915275663430279,0,"oben_unten,innen_aussen,wir_sie,heute_morgen",0,0,0,0,
4340729616190922,0,"oben_unten,innen_aussen,wir_sie,heute_morgen",0,1,0,1,
1632956000916372,0,"oben_unten,innen_aussen,wir_sie,heute_morgen",0,0,1,1,
1381996190503800,0,"oben_unten,innen_aussen,wir_sie,heute_morgen",2,4,1,2,
1336865457946045,0,"oben_unten,innen_aussen,wir_sie,heute_morgen",0,0,0,1,
622566830184142,0,"oben_unten,innen_aussen,wir_sie,heute_morgen",1,0,0,3,
868355666346373,0,"oben_unten,innen_aussen,wir_sie,heute_morgen",1,2,0,1,
2222514061930539,0,"oben_unten,innen_aussen,wir_sie,heute_morgen",0,4,1,2,
938892751639408,0,"oben_unten,innen_aussen,wir_sie,heute_morgen",0,0,0,1,
27836035999327933,0,"oben_unten,innen_aussen,wir_sie,heute_morgen",4,0,1,1,
1123833272306528,0,"oben_unten,innen_aussen,wir_sie,heute_morgen",0,0,0,1,
1824224961736646,0,"oben_unten,innen_aussen,wir_sie,heute_morgen",2,2,1,3,
1142854310702956,0,"oben_unten,innen_aussen,wir_sie,heute_morgen",2,2,1,3,
588750727170394,0,"oben_unten,innen_aussen,wir_sie,heute_morgen",0,4,1,3,
1008836888619570,0,"oben_unten,innen_aussen,wir_sie,heute_morgen",0,0,0,1,
1119338906184572,0,"oben_unten,innen_aussen,wir_sie,heute_morgen",0,0,0,0,
3801635166744901,0,"oben_unten,innen_aussen,wir_sie,heute_morgen",3,0,0,2,
1064587625433616,0,"oben_unten,innen_aussen,wir_sie,heute_morgen",0,0,0,0,
1643059749660208,0,"oben_unten,innen_aussen,wir_sie,heute_morgen",0,0,0,3,
1144977116997998,0,"oben_unten,innen_aussen,wir_sie,heute_morgen",2,2,0,2,
1531873640710208,0,"oben_unten,innen_aussen,wir_sie,heute_morgen",0,0,0,0,
581075388082523,0,"oben_unten,innen_aussen,wir_sie,heute_morgen",0,4,1,0,
1752338969339867,0,"oben_unten,innen_aussen,wir_sie,heute_morgen",0,4,0,1,
1769489330513237,0,"oben_unten,innen_aussen,wir_sie,heute_morgen",0,0,0,1,
1799886071203426,0,"oben_unten,innen_aussen,wir_sie,heute_morgen",0,0,0,1,
1861314848232913,0,"oben_unten,innen_aussen,wir_sie,heute_morgen",0,0,0,0,
2021470878360046,0,"oben_unten,innen_aussen,wir_sie,heute_morgen",0,0,0,2,
1090866280264783,0,"oben_unten,innen_aussen,wir_sie,heute_morgen",0,0,0,0,
1102056541012567,0,"oben_unten,innen_aussen,wir_sie,heute_morgen",0,1,0,2,
4566260343598556,0,"oben_unten,innen_aussen,wir_sie,heute_morgen",0,1,0,2,
1982820925528405,0,"oben_unten,innen_aussen,wir_sie,heute_morgen",0,0,0,1,
1795275694569760,0,"oben_unten,innen_aussen,wir_sie,heute_morgen",0,0,0,0,
475028675661427,0,"oben_unten,innen_aussen,wir_sie,heute_morgen",0,0,0,0,
892611082938193,0,"oben_unten,innen_aussen,wir_sie,heute_morgen",0,0,0,3,
626923273149499,0,"oben_unten,innen_aussen,wir_sie,heute_morgen",1,0,0,1,
1300809004490571,0,"oben_unten,innen_aussen,wir_sie,heute_morgen",0,4,1,2,
877991544493043,0,"oben_unten,innen_aussen,wir_sie,heute_morgen",0,0,0,0,
1611775252759249,0,"oben_unten,innen_aussen,wir_sie,heute_morgen",0,0,0,0,
947001793813591,0,"oben_unten,innen_aussen,wir_sie,heute_morgen",3,0,1,2,
561520316822391,0,"oben_unten,innen_aussen,wir_sie,heute_morgen",0,0,0,1,
2078894792626765,0,"oben_unten,innen_aussen,wir_sie,heute_morgen",3,0,0,3,
2325606454475408,0,"oben_unten,innen_aussen,wir_sie,heute_morgen",0,0,0,0,
8903499009737324,0,"oben_unten,innen_aussen,wir_sie,heute_morgen",0,0,0,0,
535283415520427,0,"oben_unten,innen_aussen,wir_sie,heute_morgen",0,1,0,0,
1069520238749885,0,"oben_unten,innen_aussen,wir_sie,heute_morgen",0,0,1,1,
1434666797622894,0,"oben_unten,innen_aussen,wir_sie,heute_morgen",0,0,0,0,
28369188422695937,0,"oben_unten,innen_aussen,wir_sie,heute_morgen",0,0,0,0,
763984026629197,0,"oben_unten,innen_aussen,wir_sie,heute_morgen",2,0,2,0,
941101031489902,0,"oben_unten,innen_aussen,wir_sie,heute_morgen",0,0,0,0,
913450380621601,0,"oben_unten,innen_aussen,wir_sie,heute_morgen",0,0,0,0,
495416449894827,0,"oben_unten,innen_aussen,wir_sie,heute_morgen",0,0,0,0,
593210526850805,0,"oben_unten,innen_aussen,wir_sie,heute_morgen",0,4,1,3,
1139405321746766,0,"oben_unten,innen_aussen,wir_sie,heute_morgen",0,1,2,1,
1573438734274802,0,"oben_unten,innen_aussen,wir_sie,heute_morgen",0,0,0,1,
1294679581663881,0,"oben_unten,innen_aussen,wir_sie,heute_morgen",0,0,0,0,
3347687918750838,0,"oben_unten,innen_aussen,wir_sie,heute_morgen",0,0,0,1,
313627354627027,0,"oben_unten,innen_aussen,wir_sie,heute_morgen",0,0,1,1,
2315942378773884,0,"oben_unten,innen_aussen,wir_sie,heute_morgen",0,0,0,1,
27684583904490566,0,"oben_unten,innen_aussen,wir_sie,heute_morgen",0,0,0,1,
1129768221897574,0,"oben_unten,innen_aussen,wir_sie,heute_morgen",0,0,1,1,
1710433002844954,0,"oben_unten,innen_aussen,wir_sie,heute_morgen",0,1,1,1,
1368028017901634,0,"oben_unten,innen_aussen,wir_sie,heute_morgen",0,0,0,0,
1125227039075577,0,"oben_unten,innen_aussen,wir_sie,heute_morgen",0,0,0,0,
955004743397723,0,"oben_unten,innen_aussen,wir_sie,heute_morgen",0,0,0,0,
3886125994992249,0,"oben_unten,innen_aussen,wir_sie,heute_morgen",0,0,0,0,
1339125387919510,0,"oben_unten,innen_aussen,wir_sie,heute_morgen",0,0,0,1,
1548963642439120,0,"oben_unten,innen_aussen,wir_sie,heute_morgen",0,1,0,2,
942806181333797,0,"oben_unten,innen_aussen,wir_sie,heute_morgen",0,0,0,0,
1723325561573342,0,"oben_unten,innen_aussen,wir_sie,heute_morgen",0,0,0,3,
1151841006358409,0,"oben_unten,innen_aussen,wir_sie,heute_morgen",0,0,0,1,
674781061550713,0,"oben_unten,innen_aussen,wir_sie,heute_morgen",0,0,0,0,
619556930563782,0,"oben_unten,innen_aussen,wir_sie,heute_morgen",2,0,0,3,
1998910230575563,0,"oben_unten,innen_aussen,wir_sie,heute_morgen",0,0,0,1,
1000164198627088,0,"oben_unten,innen_aussen,wir_sie,heute_morgen",0,0,0,2,
993274076193368,0,"oben_unten,innen_aussen,wir_sie,heute_morgen",0,0,0,0,
1136857761240979,0,"oben_unten,innen_aussen,wir_sie,heute_morgen",0,0,0,0,
1256306658764005,0,"oben_unten,innen_aussen,wir_sie,heute_morgen",0,0,0,0,
871191371882687,0,"oben_unten,innen_aussen,wir_sie,heute_morgen",0,0,0,0,
27795093930134591,0,"oben_unten,innen_aussen,wir_sie,heute_morgen",0,0,1,1,
1378973854302100,0,"oben_unten,innen_aussen,wir_sie,heute_morgen",0,0,1,1,
1751866736140220,0,"oben_unten,innen_aussen,wir_sie,heute_morgen",0,0,0,0,
589550497089324,0,"oben_unten,innen_aussen,wir_sie,heute_morgen",0,0,0,0,
1848012409473823,0,"oben_unten,innen_aussen,wir_sie,heute_morgen",1,0,0,0,
8747959215318194,0,"oben_unten,innen_aussen,wir_sie,heute_morgen",0,0,0,1,
639235075420048,0,"oben_unten,innen_aussen,wir_sie,heute_morgen",0,0,0,0,
2661549550704150,0,"oben_unten,innen_aussen,wir_sie,heute_morgen",0,0,0,0,
2639107492956193,0,"oben_unten,innen_aussen,wir_sie,heute_morgen",3,1,0,2,
1959530597906647,0,"oben_unten,innen_aussen,wir_sie,heute_morgen",0,0,1,0,
602775299280328,0,"oben_unten,innen_aussen,wir_sie,heute_morgen",0,0,0,0,
1295266591393903,0,"oben_unten,innen_aussen,wir_sie,heute_morgen",0,1,0,2,
970446565127513,0,"oben_unten,innen_aussen,wir_sie,heute_morgen",2,0,1,2,
1127234309374735,0,"oben_unten,innen_aussen,wir_sie,heute_morgen",0,0,1,0,
955832893783112,0,"oben_unten,innen_aussen,wir_sie,heute_morgen",0,0,0,2,
521219604324188,0,"oben_unten,innen_aussen,wir_sie,heute_morgen",0,0,0,2,
935154268085687,0,"oben_unten,innen_aussen,wir_sie,heute_morgen",3,0,1,2,
1180226723461521,0,"oben_unten,innen_aussen,wir_sie,heute_morgen",1,2,0,2,
2159697694450139,0,"oben_unten,innen_aussen,wir_sie,heute_morgen",1,2,0,2,
2010790526420926,0,"oben_unten,innen_aussen,wir_sie,heute_morgen",2,0,0,2,
848323130575055,0,"oben_unten,innen_aussen,wir_sie,heute_morgen",0,0,0,0,
8295089030595838,0,"oben_unten,innen_aussen,wir_sie,heute_morgen",0,1,1,2,
400178609825688,0,"oben_unten,innen_aussen,wir_sie,heute_morgen",0,0,0,0,
28014602321464781,0,"oben_unten,innen_aussen,wir_sie,heute_morgen",0,1,0,0,
909029031370946,0,"oben_unten,innen_aussen,wir_sie,heute_morgen",1,0,1,2,
1400699627321086,0,"oben_unten,innen_aussen,wir_sie,heute_morgen",0,3,4,0,
612745914673200,0,"oben_unten,innen_aussen,wir_sie,heute_morgen",0,0,0,1,
1821192888720256,0,"oben_unten,innen_aussen,wir_sie,heute_morgen",0,0,0,2,
565320973171000,0,"oben_unten,innen_aussen,wir_sie,heute_morgen",0,0,0,2,
522448574293749,0,"oben_unten,innen_aussen,wir_sie,heute_morgen",1,0,0,3,
923353393320928,0,"oben_unten,innen_aussen,wir_sie,heute_morgen",0,0,0,0,
1252989002617696,0,"oben_unten,innen_aussen,wir_sie,heute_morgen",2,2,4,2,
1262684961535521,0,"oben_unten,innen_aussen,wir_sie,heute_morgen",0,0,0,0,
575902275271046,0,"oben_unten,innen_aussen,wir_sie,heute_morgen",3,0,1,3,
993782272629966,0,"oben_unten,innen_aussen,wir_sie,heute_morgen",3,0,1,3,
488295704009004,0,"oben_unten,innen_aussen,wir_sie,heute_morgen",0,0,0,0,
2929806580519066,0,"oben_unten,innen_aussen,wir_sie,heute_morgen",0,0,0,0,
1163007962110476,0,"oben_unten,innen_aussen,wir_sie,heute_morgen",0,0,1,2,
1693744338189421,0,"oben_unten,innen_aussen,wir_sie,heute_morgen",1,0,1,2,
628789132881989,0,"oben_unten,innen_aussen,wir_sie,heute_morgen",0,0,0,0,
1251443519256319,0,"oben_unten,innen_aussen,wir_sie,heute_morgen",0,0,0,1,
1555365765178302,0,"oben_unten,innen_aussen,wir_sie,heute_morgen",1,0,1,2,
1053642330656369,0,"oben_unten,innen_aussen,wir_sie,heute_morgen",0,0,0,1,
956645546515058,0,"oben_unten,innen_aussen,wir_sie,heute_morgen",0,0,0,2,
585020334362538,0,"oben_unten,innen_aussen,wir_sie,heute_morgen",0,0,1,2,
433124213178694,0,"oben_unten,innen_aussen,wir_sie,heute_morgen",0,0,0,1,
37440059505579124,0,"oben_unten,innen_aussen,wir_sie,heute_morgen",0,0,0,1,
1037149322536109,0,"oben_unten,innen_aussen,wir_sie,heute_morgen",0,0,0,0,
591657606635372,0,"oben_unten,innen_aussen,wir_sie,heute_morgen",0,1,0,2,
591040513694469,0,"oben_unten,innen_aussen,wir_sie,heute_morgen",0,0,1,3,
941762594510828,0,"oben_unten,innen_aussen,wir_sie,heute_morgen",0,0,0,2,
956339233054399,0,"oben_unten,innen_aussen,wir_sie,heute_morgen",1,0,0,2,
592619390200897,0,"oben_unten,innen_aussen,wir_sie,heute_morgen",0,0,0,0,
1602616590647060,0,"oben_unten,innen_aussen,wir_sie,heute_morgen",0,3,0,1,
1841272313307041,0,"oben_unten,innen_aussen,wir_sie,heute_morgen",0,0,0,1,
1966537117186328,0,"oben_unten,innen_aussen,wir_sie,heute_morgen",0,0,0,1,
538213462383140,0,"oben_unten,innen_aussen,wir_sie,heute_morgen",1,3,2,2,
1287767669140329,0,"oben_unten,innen_aussen,wir_sie,heute_morgen",1,3,2,2,
832140329039189,0,"oben_unten,innen_aussen,wir_sie,heute_morgen",1,1,0,2,
869378952074780,0,"oben_unten,innen_aussen,wir_sie,heute_morgen",0,1,0,3,
1130896785190840,0,"oben_unten,innen_aussen,wir_sie,heute_morgen",0,0,1,1,
792713756492623,0,"oben_unten,innen_aussen,wir_sie,heute_morgen",0,0,1,2,
952500179860159,0,"oben_unten,innen_aussen,wir_sie,heute_morgen",0,0,0,0,
9137666399657561,0,"oben_unten,innen_aussen,wir_sie,heute_morgen",0,0,0,1,
1750067965726572,0,"oben_unten,innen_aussen,wir_sie,heute_morgen",0,0,0,0,
1349116896556281,0,"oben_unten,innen_aussen,wir_sie,heute_morgen",0,0,1,1,
1786693528819508,0,"oben_unten,innen_aussen,wir_sie,heute_morgen",1,0,3,3,
1162525062138239,0,"oben_unten,innen_aussen,wir_sie,heute_morgen",0,0,0,3,
1096199351949634,0,"oben_unten,innen_aussen,wir_sie,heute_morgen",2,0,0,1,
599340886138963,0,"oben_unten,innen_aussen,wir_sie,heute_morgen",0,0,0,0,
971275821732948,0,"oben_unten,innen_aussen,wir_sie,heute_morgen",0,0,0,2,
4149346405286858,0,"oben_unten,innen_aussen,wir_sie,heute_morgen",0,0,1,2,
1823879168446339,0,"oben_unten,innen_aussen,wir_sie,heute_morgen",0,0,0,0,
1508721863598131,0,"oben_unten,innen_aussen,wir_sie,heute_morgen",0,0,0,0,
1600294570865534,0,"oben_unten,innen_aussen,wir_sie,heute_morgen",1,0,0,2,
1683553149174947,0,"oben_unten,innen_aussen,wir_sie,heute_morgen",0,0,0,0,
611033691674445,0,"oben_unten,innen_aussen,wir_sie,heute_morgen",0,0,0,0,
1551317675712788,0,"oben_unten,innen_aussen,wir_sie,heute_morgen",1,0,0,3,
850406160360024,0,"oben_unten,innen_aussen,wir_sie,heute_morgen",2,1,0,2,
1323396432522566,0,"oben_unten,innen_aussen,wir_sie,heute_morgen",0,0,1,1,
2405625399607725,0,"oben_unten,innen_aussen,wir_sie,heute_morgen",0,0,0,1,
610001105316843,0,"oben_unten,innen_aussen,wir_sie,heute_morgen",0,0,0,0,
414726354996811,0,"oben_unten,innen_aussen,wir_sie,heute_morgen",0,0,0,3,
1007210714765141,0,"oben_unten,innen_aussen,wir_sie,heute_morgen",0,0,1,4,
2844863442511296,0,"oben_unten,innen_aussen,wir_sie,heute_morgen",1,0,0,2,
558882863546640,0,"oben_unten,innen_aussen,wir_sie,heute_morgen",0,0,0,0,
3799584713624713,0,"oben_unten,innen_aussen,wir_sie,heute_morgen",0,0,0,3,
802535302427716,0,"oben_unten,innen_aussen,wir_sie,heute_morgen",0,0,1,2,
1532018444150966,0,"oben_unten,innen_aussen,wir_sie,heute_morgen",0,0,1,3,
937142285142862,0,"oben_unten,innen_aussen,wir_sie,heute_morgen",1,0,0,2,
634036365747397,0,"oben_unten,innen_aussen,wir_sie,heute_morgen",0,0,0,3,
879589005224858,0,"oben_unten,innen_aussen,wir_sie,heute_morgen",0,0,0,1,
1338342257520870,0,"oben_unten,innen_aussen,wir_sie,heute_morgen",0,0,0,1,
1815570472290039,0,"oben_unten,innen_aussen,wir_sie,heute_morgen",1,3,0,3,
1311601940434567,0,"oben_unten,innen_aussen,wir_sie,heute_morgen",0,0,0,1,
788413190797804,0,"oben_unten,innen_aussen,wir_sie,heute_morgen",0,0,0,1,
582127388055845,0,"oben_unten,innen_aussen,wir_sie,heute_morgen",0,0,0,1,
800317539204173,0,"oben_unten,innen_aussen,wir_sie,heute_morgen",2,0,0,2,
1521094048576238,0,"oben_unten,innen_aussen,wir_sie,heute_morgen",2,1,0,3,
1273087700561534,0,"oben_unten,innen_aussen,wir_sie,heute_morgen",2,0,0,3,
991608080304291,0,"oben_unten,innen_aussen,wir_sie,heute_morgen",3,0,1,3,
929674945312489,0,"oben_unten,innen_aussen,wir_sie,heute_morgen",1,3,4,2,
24899504139702726,0,"oben_unten,innen_aussen,wir_sie,heute_morgen",1,3,4,1,
1171885334845908,0,"oben_unten,innen_aussen,wir_sie,heute_morgen",0,0,0,0,
930781388983677,0,"oben_unten,innen_aussen,wir_sie,heute_morgen",1,0,0,3,
1713776566612942,0,"oben_unten,innen_aussen,wir_sie,heute_morgen",2,2,4,1,
933380451728405,0,"oben_unten,innen_aussen,wir_sie,heute_morgen",2,0,0,2,
1297673861495024,0,"oben_unten,innen_aussen,wir_sie,heute_morgen",0,0,0,0,
1149144499972320,0,"oben_unten,innen_aussen,wir_sie,heute_morgen",0,0,4,0,
457994630654664,0,"oben_unten,innen_aussen,wir_sie,heute_morgen",1,0,0,1,
1082493673670486,0,"oben_unten,innen_aussen,wir_sie,heute_morgen",0,0,0,0,
923769389957775,0,"oben_unten,innen_aussen,wir_sie,heute_morgen",3,0,0,3,
4037879213115375,0,"oben_unten,innen_aussen,wir_sie,heute_morgen",0,0,0,1,
1092341442641228,0,"oben_unten,innen_aussen,wir_sie,heute_morgen",3,0,1,2,
3886879648307139,0,"oben_unten,innen_aussen,wir_sie,heute_morgen",3,0,0,3,
1081862319689796,0,"oben_unten,innen_aussen,wir_sie,heute_morgen",3,0,0,3,
971476811015897,0,"oben_unten,innen_aussen,wir_sie,heute_morgen",0,0,0,1,
973148284757437,0,"oben_unten,innen_aussen,wir_sie,heute_morgen",1,0,0,1,
792675929651328,0,"oben_unten,innen_aussen,wir_sie,heute_morgen",1,3,2,1,
810171201464405,0,"oben_unten,innen_aussen,wir_sie,heute_morgen",1,0,0,2,
1706544913599374,0,"oben_unten,innen_aussen,wir_sie,heute_morgen",2,0,0,1,
649420250768859,0,"oben_unten,innen_aussen,wir_sie,heute_morgen",0,0,0,0,
2313586115762215,0,"oben_unten,innen_aussen,wir_sie,heute_morgen",3,0,0,3,
931310028977414,0,"oben_unten,innen_aussen,wir_sie,heute_morgen",0,0,0,2,
1023177319840343,0,"oben_unten,innen_aussen,wir_sie,heute_morgen",0,0,0,1,
1112876861019313,0,"oben_unten,innen_aussen,wir_sie,heute_morgen",0,0,0,0,
1837806960289399,0,"oben_unten,innen_aussen,wir_sie,heute_morgen",0,0,0,1,
4219821544931607,0,"oben_unten,innen_aussen,wir_sie,heute_morgen",0,0,1,0,
1300988374227843,0,"oben_unten,innen_aussen,wir_sie,heute_morgen",0,0,0,2,
959632716092761,0,"oben_unten,innen_aussen,wir_sie,heute_morgen",0,0,0,0,
580334271644910,0,"oben_unten,innen_aussen,wir_sie,heute_morgen",1,1,0,3,
919220020422844,0,"oben_unten,innen_aussen,wir_sie,heute_morgen",0,0,0,2,
2103037696819808,0,"oben_unten,innen_aussen,wir_sie,heute_morgen",0,0,0,0,
2948217645332897,0,"oben_unten,innen_aussen,wir_sie,heute_morgen",0,0,0,2,
1019994400674907,0,"oben_unten,innen_aussen,wir_sie,heute_morgen",0,0,0,0,
575643838637058,0,"oben_unten,innen_aussen,wir_sie,heute_morgen",0,0,1,1,
531739312556254,0,"oben_unten,innen_aussen,wir_sie,heute_morgen",0,0,0,0,
973830850831429,0,"oben_unten,innen_aussen,wir_sie,heute_morgen",0,0,0,0,
3617518928396001,0,"oben_unten,innen_aussen,wir_sie,heute_morgen",0,0,0,0,
1927356754422661,0,"oben_unten,innen_aussen,wir_sie,heute_morgen",0,0,0,1,
1295185448298818,0,"oben_unten,innen_aussen,wir_sie,heute_morgen",0,0,0,3,
1232199491211471,0,"oben_unten,innen_aussen,wir_sie,heute_morgen",0,0,0,3,
2257607828316074,0,"oben_unten,innen_aussen,wir_sie,heute_morgen",0,0,0,0,
835382515689503,0,"oben_unten,innen_aussen,wir_sie,heute_morgen",0,1,0,3,
918409707051993,0,"oben_unten,innen_aussen,wir_sie,heute_morgen",0,0,0,0,
1345093846653899,0,"oben_unten,innen_aussen,wir_sie,heute_morgen",2,1,1,3,
1047095021461628,0,"oben_unten,innen_aussen,wir_sie,heute_morgen",0,0,0,0,
961695723586392,0,"oben_unten,innen_aussen,wir_sie,heute_morgen",0,0,0,0,
1167803648065392,0,"oben_unten,innen_aussen,wir_sie,heute_morgen",0,0,0,0,
876363891122073,0,"oben_unten,innen_aussen,wir_sie,heute_morgen",3,0,1,3,
1745224453085480,0,"oben_unten,innen_aussen,wir_sie,heute_morgen",0,0,0,0,
2646353045572651,0,"oben_unten,innen_aussen,wir_sie,heute_morgen",3,0,0,3,
3226818764186422,0,"oben_unten,innen_aussen,wir_sie,heute_morgen",0,0,0,0,
1135311581572675,0,"oben_unten,innen_aussen,wir_sie,heute_morgen",1,0,0,1,
1141802087303652,0,"oben_unten,innen_aussen,wir_sie,heute_morgen",0,2,0,1,
1578235856477359,0,"oben_unten,innen_aussen,wir_sie,heute_morgen",1,0,0,1,
1132472591645347,0,"oben_unten,innen_aussen,wir_sie,heute_morgen",0,0,0,3,
996053905897322,0,"oben_unten,innen_aussen,wir_sie,heute_morgen",1,0,1,2,
578851961299270,0,"oben_unten,innen_aussen,wir_sie,heute_morgen",0,0,0,3,
4409830585971890,0,"oben_unten,innen_aussen,wir_sie,heute_morgen",0,0,1,0,
974383424552947,0,"oben_unten,innen_aussen,wir_sie,heute_morgen",0,0,0,2,
1750552469311493,0,"oben_unten,innen_aussen,wir_sie,heute_morgen",0,0,0,2,
1210362686729234,0,"oben_unten,innen_aussen,wir_sie,heute_morgen",3,0,0,2,
8593068790797758,0,"oben_unten,innen_aussen,wir_sie,heute_morgen",0,2,0,2,
543485655157961,0,"oben_unten,innen_aussen,wir_sie,heute_morgen",2,3,1,3,
1141747744273892,0,"oben_unten,innen_aussen,wir_sie,heute_morgen",3,0,0,3,
2937625006386956,0,"oben_unten,innen_aussen,wir_sie,heute_morgen",0,0,0,2,
1627762551459970,0,"oben_unten,innen_aussen,wir_sie,heute_morgen",0,0,0,2,
1328828171584706,0,"oben_unten,innen_aussen,wir_sie,heute_morgen",0,0,1,3,
1948025589377860,0,"oben_unten,innen_aussen,wir_sie,heute_morgen",3,0,1,1,
925826566149471,0,"oben_unten,innen_aussen,wir_sie,heute_morgen",0,0,0,2,
2666280156902881,0,"oben_unten,innen_aussen,wir_sie,heute_morgen",0,0,1,2,
1753422038824333,0,"oben_unten,innen_aussen,wir_sie,heute_morgen",3,0,0,3,
951595777114605,0,"oben_unten,innen_aussen,wir_sie,heute_morgen",3,0,0,3,
639065515141277,0,"oben_unten,innen_aussen,wir_sie,heute_morgen",0,3,0,4,
1800119294080246,0,"oben_unten,innen_aussen,wir_sie,heute_morgen",2,0,0,2,
1807152293373908,0,"oben_unten,innen_aussen,wir_sie,heute_morgen",0,0,0,0,
1268687247577115,0,"oben_unten,innen_aussen,wir_sie,heute_morgen",0,0,0,0,
1366956031989029,0,"oben_unten,innen_aussen,wir_sie,heute_morgen",3,0,1,4,
1083794920105355,0,"oben_unten,innen_aussen,wir_sie,heute_morgen",0,2,0,4,
1231629930028090,0,"oben_unten,innen_aussen,wir_sie,heute_morgen",0,0,0,3,
628912389807029,0,"oben_unten,innen_aussen,wir_sie,heute_morgen",0,0,0,1,
1325177875165336,0,"oben_unten,innen_aussen,wir_sie,heute_morgen",0,0,0,1,
944192077474860,0,"oben_unten,innen_aussen,wir_sie,heute_morgen",3,0,1,2,
1664019921497532,0,"oben_unten,innen_aussen,wir_sie,heute_morgen",3,3,2,2,
801291759060394,0,"oben_unten,innen_aussen,wir_sie,heute_morgen",0,0,0,0,
1860002394535768,0,"oben_unten,innen_aussen,wir_sie,heute_morgen",0,0,0,2,
1282590119691083,0,"oben_unten,innen_aussen,wir_sie,heute_morgen",0,1,0,3,
2593062967702568,0,"oben_unten,innen_aussen,wir_sie,heute_morgen",0,0,0,0,
1464775691476590,0,"oben_unten,innen_aussen,wir_sie,heute_morgen",0,0,0,3,
1513546742641351,0,"oben_unten,innen_aussen,wir_sie,heute_morgen",0,0,0,1,
2871941139860992,0,"oben_unten,innen_aussen,wir_sie,heute_morgen",0,0,0,0,
1905109016702410,0,"oben_unten,innen_aussen,wir_sie,heute_morgen",0,0,0,1,
1589446104998461,0,"oben_unten,innen_aussen,wir_sie,heute_morgen",0,1,1,1,
523368403505739,0,"oben_unten,innen_aussen,wir_sie,heute_morgen",0,0,0,2,
1222584705708953,0,"oben_unten,innen_aussen,wir_sie,heute_morgen",3,1,0,3,
848612453987413,0,"oben_unten,innen_aussen,wir_sie,heute_morgen",0,0,0,1,
2008601482935551,0,"oben_unten,innen_aussen,wir_sie,heute_morgen",0,0,0,1,
1080497656882841,0,"oben_unten,innen_aussen,wir_sie,heute_morgen",0,0,1,2,
1045575111534265,0,"oben_unten,innen_aussen,wir_sie,heute_morgen",0,0,0,2,
1103470104513057,0,"oben_unten,innen_aussen,wir_sie,heute_morgen",1,0,0,3,
592327799938937,0,"oben_unten,innen_aussen,wir_sie,heute_morgen",2,0,0,2,
781410437857034,0,"oben_unten,innen_aussen,wir_sie,heute_morgen",0,0,0,1,
8429840003783005,0,"oben_unten,innen_aussen,wir_sie,heute_morgen",0,0,0,1,
475743548920299,0,"oben_unten,innen_aussen,wir_sie,heute_morgen",0,0,0,1,
1699750437891895,0,"oben_unten,innen_aussen,wir_sie,heute_morgen",3,2,0,2,
586778034200920,0,"oben_unten,innen_aussen,wir_sie,heute_morgen",0,0,0,0,
628742732887643,0,"oben_unten,innen_aussen,wir_sie,heute_morgen",0,0,0,0,
1679813943109785,0,"oben_unten,innen_aussen,wir_sie,heute_morgen",2,1,1,3,
1434647893756140,0,"oben_unten,innen_aussen,wir_sie,heute_morgen",0,0,1,0,
471236225531531,0,"oben_unten,innen_aussen,wir_sie,heute_morgen",1,1,0,3,
1077313177043417,0,"oben_unten,innen_aussen,wir_sie,heute_morgen",3,0,1,3,
1177195044414322,0,"oben_unten,innen_aussen,wir_sie,heute_morgen",0,0,0,1,
627348723115228,0,"oben_unten,innen_aussen,wir_sie,heute_morgen",2,0,1,1,
1063546775516076,0,"oben_unten,innen_aussen,wir_sie,heute_morgen",0,0,4,1,
924100343181783,0,"oben_unten,innen_aussen,wir_sie,heute_morgen",0,0,0,0,
599206222528933,0,"oben_unten,innen_aussen,wir_sie,heute_morgen",0,1,0,2,
1313940563145758,0,"oben_unten,innen_aussen,wir_sie,heute_morgen",0,1,0,2,
1263770808214043,0,"oben_unten,innen_aussen,wir_sie,heute_morgen",0,1,0,2,
1322499352226405,0,"oben_unten,innen_aussen,wir_sie,heute_morgen",0,1,0,2,
1753388552327919,0,"oben_unten,innen_aussen,wir_sie,heute_morgen",1,0,1,2,
1363961424973333,0,"oben_unten,innen_aussen,wir_sie,heute_morgen",0,0,0,1,
3555366708011128,0,"oben_unten,innen_aussen,wir_sie,heute_morgen",0,0,0,1,
1553964076080480,0,"oben_unten,innen_aussen,wir_sie,heute_morgen",0,0,0,0,
1567139997498954,0,"oben_unten,innen_aussen,wir_sie,heute_morgen",0,1,0,2,
1415618119847636,0,"oben_unten,innen_aussen,wir_sie,heute_morgen",0,0,0,1,
2239086316823582,0,"oben_unten,innen_aussen,wir_sie,heute_morgen",1,1,0,2,
2113470519156235,0,"oben_unten,innen_aussen,wir_sie,heute_morgen",0,0,0,0,
473867401909404,0,"oben_unten,innen_aussen,wir_sie,heute_morgen",0,0,0,0,
1043097647170508,0,"oben_unten,innen_aussen,wir_sie,heute_morgen",0,0,0,1,
1570424827066282,0,"oben_unten,innen_aussen,wir_sie,heute_morgen",0,0,0,1,
1108193005121014,0,"oben_unten,innen_aussen,wir_sie,heute_morgen",0,0,0,0,
1786506516036252,0,"oben_unten,innen_aussen,wir_sie,heute_morgen",0,0,0,0,
2160009164431000,0,"oben_unten,innen_aussen,wir_sie,heute_morgen",0,0,0,1,
477548638747947,0,"oben_unten,innen_aussen,wir_sie,heute_morgen",0,0,0,0,
1330513811481470,0,"oben_unten,innen_aussen,wir_sie,heute_morgen",0,0,0,1,
1329540558048404,0,"oben_unten,innen_aussen,wir_sie,heute_morgen",2,0,1,2,
940299448234741,0,"oben_unten,innen_aussen,wir_sie,heute_morgen",0,0,0,1,
1572544274268360,0,"oben_unten,innen_aussen,wir_sie,heute_morgen",0,1,0,1,
896921399243490,0,"oben_unten,innen_aussen,wir_sie,heute_morgen",0,0,0,3,
943038607941113,0,"oben_unten,innen_aussen,wir_sie,heute_morgen",0,0,0,3,
1502428004401770,0,"oben_unten,innen_aussen,wir_sie,heute_morgen",1,0,0,1,
2051099778818506,0,"oben_unten,innen_aussen,wir_sie,heute_morgen",2,0,1,3,
1700346324196448,0,"oben_unten,innen_aussen,wir_sie,heute_morgen",0,0,0,1,
1147104570190015,0,"oben_unten,innen_aussen,wir_sie,heute_morgen",0,0,0,0,
2105168716606950,0,"oben_unten,innen_aussen,wir_sie,heute_morgen",0,0,0,0,
936637641925537,0,"oben_unten,innen_aussen,wir_sie,heute_morgen",0,0,1,2,
1542363963146113,0,"oben_unten,innen_aussen,wir_sie,heute_morgen",0,0,0,0,
1138947384545856,0,"oben_unten,innen_aussen,wir_sie,heute_morgen",0,0,0,0,
2915298678644319,0,"oben_unten,innen_aussen,wir_sie,heute_morgen",0,0,0,0,
486117847865490,0,"oben_unten,innen_aussen,wir_sie,heute_morgen",0,0,1,1,
941877281422258,0,"oben_unten,innen_aussen,wir_sie,heute_morgen",0,0,1,1,
1737670004108398,0,"oben_unten,innen_aussen,wir_sie,heute_morgen",0,0,0,1,
972947638259888,0,"oben_unten,innen_aussen,wir_sie,heute_morgen",0,0,0,0,
501094456347388,0,"oben_unten,innen_aussen,wir_sie,heute_morgen",0,0,0,0,
1122628035728699,0,"oben_unten,innen_aussen,wir_sie,heute_morgen",0,0,0,1,
1527203968089244,0,"oben_unten,innen_aussen,wir_sie,heute_morgen",1,2,1,3,
708882528878259,0,"oben_unten,innen_aussen,wir_sie,heute_morgen",0,0,0,1,
9366470793437041,0,"oben_unten,innen_aussen,wir_sie,heute_morgen",0,1,0,0,
9394014567317341,0,"oben_unten,innen_aussen,wir_sie,heute_morgen",0,0,0,0,
419893473753971,0,"oben_unten,innen_aussen,wir_sie,heute_morgen",0,2,0,3,
3645879492217275,0,"oben_unten,innen_aussen,wir_sie,heute_morgen",1,0,0,0,
2134292590636332,0,"oben_unten,innen_aussen,wir_sie,heute_morgen",0,0,0,1,
1019194163811722,0,"oben_unten,innen_aussen,wir_sie,heute_morgen",0,0,1,3,
1542088086490073,0,"oben_unten,innen_aussen,wir_sie,heute_morgen",2,1,2,3,
1428788412406024,0,"oben_unten,innen_aussen,wir_sie,heute_morgen",0,0,0,0,
827350342732634,0,"oben_unten,innen_aussen,wir_sie,heute_morgen",0,0,0,0,
1312915886854911,0,"oben_unten,innen_aussen,wir_sie,heute_morgen",0,0,0,2,
1300063951200897,0,"oben_unten,innen_aussen,wir_sie,heute_morgen",0,0,1,1,
625771769960010,0,"oben_unten,innen_aussen,wir_sie,heute_morgen",0,0,0,0,
1951920865475546,0,"oben_unten,innen_aussen,wir_sie,heute_morgen",0,0,0,0,
28234056732947945,0,"oben_unten,innen_aussen,wir_sie,heute_morgen",0,0,1,2,
1500221394573463,0,"oben_unten,innen_aussen,wir_sie,heute_morgen",0,0,0,1,
1355318065434230,0,"oben_unten,innen_aussen,wir_sie,heute_morgen",0,0,0,1,
1142706630550865,0,"oben_unten,innen_aussen,wir_sie,heute_morgen",0,2,4,0,
2364728350547243,0,"oben_unten,innen_aussen,wir_sie,heute_morgen",0,0,0,0,
2478230915991978,0,"oben_unten,innen_aussen,wir_sie,heute_morgen",0,0,0,1,
1176495244666359,0,"oben_unten,innen_aussen,wir_sie,heute_morgen",0,0,0,0,
2011069016438782,0,"oben_unten,innen_aussen,wir_sie,heute_morgen",0,0,0,0,
9076445932434346,0,"oben_unten,innen_aussen,wir_sie,heute_morgen",0,0,0,0,
1703217490538865,0,"oben_unten,innen_aussen,wir_sie,heute_morgen",0,0,0,1,
950714867179501,0,"oben_unten,innen_aussen,wir_sie,heute_morgen",0,0,0,1,
1112597998003262,0,"oben_unten,innen_aussen,wir_sie,heute_morgen",0,0,0,2,
1295223151601261,0,"oben_unten,innen_aussen,wir_sie,heute_morgen",0,0,0,1,
912658151024862,0,"oben_unten,innen_aussen,wir_sie,heute_morgen",0,0,0,2,
9094544347328343,0,"oben_unten,innen_aussen,wir_sie,heute_morgen",0,0,0,0,
1617007149187803,0,"oben_unten,innen_aussen,wir_sie,heute_morgen",0,0,0,0,
735597409456473,0,"oben_unten,innen_aussen,wir_sie,heute_morgen",0,0,0,0,
1890737954798536,0,"oben_unten,innen_aussen,wir_sie,heute_morgen",0,0,0,0,
1114892510048116,0,"oben_unten,innen_aussen,wir_sie,heute_morgen",0,0,0,0,
31916417661305278,0,"oben_unten,innen_aussen,wir_sie,heute_morgen",0,0,0,2,
1552432082134915,0,"oben_unten,innen_aussen,wir_sie,heute_morgen",3,3,3,3,
770467301198911,0,"oben_unten,innen_aussen,wir_sie,heute_morgen",0,0,0,1,
628357129847950,0,"oben_unten,innen_aussen,wir_sie,heute_morgen",0,0,0,1,
400896756414629,0,"oben_unten,innen_aussen,wir_sie,heute_morgen",0,0,0,1,
559665453355289,0,"oben_unten,innen_aussen,wir_sie,heute_morgen",1,4,2,3,
455906877459152,0,"oben_unten,innen_aussen,wir_sie,heute_morgen",0,0,0,0,
802951675253330,0,"oben_unten,innen_aussen,wir_sie,heute_morgen",0,0,0,1,
593065473142772,0,"oben_unten,innen_aussen,wir_sie,heute_morgen",0,0,0,2,
1905975630074720,0,"oben_unten,innen_aussen,wir_sie,heute_morgen",0,0,0,1,
1153568076284988,0,"oben_unten,innen_aussen,wir_sie,heute_morgen",1,0,0,2,
1490037741659590,0,"oben_unten,innen_aussen,wir_sie,heute_morgen",0,0,0,1,
1185825986215272,0,"oben_unten,innen_aussen,wir_sie,heute_morgen",0,0,0,1,
1361369039430789,0,"oben_unten,innen_aussen,wir_sie,heute_morgen",0,0,0,1,
1012258040731204,0,"oben_unten,innen_aussen,wir_sie,heute_morgen",1,4,1,3,
2377068735970342,0,"oben_unten,innen_aussen,wir_sie,heute_morgen",1,3,2,1,
587537370312703,0,"oben_unten,innen_aussen,wir_sie,heute_morgen",0,0,0,2,
1060197759683088,0,"oben_unten,innen_aussen,wir_sie,heute_morgen",0,0,0,0,
928782918663674,0,"oben_unten,innen_aussen,wir_sie,heute_morgen",0,0,0,0,
1105115374523422,0,"oben_unten,innen_aussen,wir_sie,heute_morgen",0,0,0,0,
822024653856170,0,"oben_unten,innen_aussen,wir_sie,heute_morgen",0,0,0,0,
3874807312732420,0,"oben_unten,innen_aussen,wir_sie,heute_morgen",0,0,0,0,
1354289813034602,0,"oben_unten,innen_aussen,wir_sie,heute_morgen",0,0,0,0,
1311087744021980,0,"oben_unten,innen_aussen,wir_sie,heute_morgen",1,0,1,1,
557901853518890,0,"oben_unten,innen_aussen,wir_sie,heute_morgen",0,0,0,0,
538147732576294,0,"oben_unten,innen_aussen,wir_sie,heute_morgen",0,0,0,0,
532342365829448,0,"oben_unten,innen_aussen,wir_sie,heute_morgen",0,0,0,0,
27499796489698765,0,"oben_unten,innen_aussen,wir_sie,heute_morgen",0,0,0,0,
999226536350311,0,"oben_unten,innen_aussen,wir_sie,heute_morgen",0,0,0,0,
1561117414584146,0,"oben_unten,innen_aussen,wir_sie,heute_morgen",0,0,0,1,
1424645715569261,0,"oben_unten,innen_aussen,wir_sie,heute_morgen",0,0,0,1,
1342259610115970,0,"oben_unten,innen_aussen,wir_sie,heute_morgen",0,0,0,0,
1889267074953164,0,"oben_unten,innen_aussen,wir_sie,heute_morgen",3,0,2,2,
1314687309701200,0,"oben_unten,innen_aussen,wir_sie,heute_morgen",0,0,0,0,
1381871880799391,0,"oben_unten,innen_aussen,wir_sie,heute_morgen",0,0,0,0,
1603159238010225,0,"oben_unten,innen_aussen,wir_sie,heute_morgen",0,0,1,1,
2214795239339362,0,"oben_unten,innen_aussen,wir_sie,heute_morgen",2,0,1,1,
916653427118328,0,"oben_unten,innen_aussen,wir_sie,heute_morgen",0,0,0,1,
492040593886655,0,"oben_unten,innen_aussen,wir_sie,heute_morgen",0,0,0,1,
1156402335880771,0,"oben_unten,innen_aussen,wir_sie,heute_morgen",0,0,0,1,
1316709189758678,0,"oben_unten,innen_aussen,wir_sie,heute_morgen",0,0,0,0,
482041181006538,0,"oben_unten,innen_aussen,wir_sie,heute_morgen",0,0,1,0,
1820254285390263,0,"oben_unten,innen_aussen,wir_sie,heute_morgen",0,0,0,1,
548227767987226,0,"oben_unten,innen_aussen,wir_sie,heute_morgen",0,0,0,0,
944682647394107,0,"oben_unten,innen_aussen,wir_sie,heute_morgen",0,1,0,1,
1960721147953245,0,"oben_unten,innen_aussen,wir_sie,heute_morgen",0,0,0,0,
1481052259892568,0,"oben_unten,innen_aussen,wir_sie,heute_morgen",0,0,0,0,
2154199661663150,0,"oben_unten,innen_aussen,wir_sie,heute_morgen",0,0,0,0,
1103997415620093,0,"oben_unten,innen_aussen,wir_sie,heute_morgen",0,0,0,1,
1068702505657605,0,"oben_unten,innen_aussen,wir_sie,heute_morgen",0,0,0,1,
1257586865501467,0,"oben_unten,innen_aussen,wir_sie,heute_morgen",0,2,0,1,
869921308461929,0,"oben_unten,innen_aussen,wir_sie,heute_morgen",0,0,0,1,
1043680444933129,0,"oben_unten,innen_aussen,wir_sie,heute_morgen",0,0,0,0,
365197366682996,0,"oben_unten,innen_aussen,wir_sie,heute_morgen",0,0,0,0,
1049755847514134,0,"oben_unten,innen_aussen,wir_sie,heute_morgen",0,0,0,0,
1307313700267330,0,"oben_unten,innen_aussen,wir_sie,heute_morgen",0,0,0,0,
899726442859731,0,"oben_unten,innen_aussen,wir_sie,heute_morgen",0,0,1,0,
2305187093551012,0,"oben_unten,innen_aussen,wir_sie,heute_morgen",0,0,0,1,
1624299711820831,0,"oben_unten,innen_aussen,wir_sie,heute_morgen",0,0,0,0,
1447015100591393,0,"oben_unten,innen_aussen,wir_sie,heute_morgen",4,4,1,1,
881900324120115,0,"oben_unten,innen_aussen,wir_sie,heute_morgen",0,0,0,0,
8791849067565327,0,"oben_unten,innen_aussen,wir_sie,heute_morgen",0,0,0,0,
920971133525015,0,"oben_unten,innen_aussen,wir_sie,heute_morgen",0,0,0,3,
750512280381531,0,"oben_unten,innen_aussen,wir_sie,heute_morgen",0,0,0,1,
1341199090964367,0,"oben_unten,innen_aussen,wir_sie,heute_morgen",0,0,0,2,
1319845356396120,0,"oben_unten,innen_aussen,wir_sie,heute_morgen",0,0,0,0,
559996166855302,0,"oben_unten,innen_aussen,wir_sie,heute_morgen",0,0,0,0,
922414983226092,0,"oben_unten,innen_aussen,wir_sie,heute_morgen",0,1,0,1,
1584916386239678,0,"oben_unten,innen_aussen,wir_sie,heute_morgen",0,0,0,1,
589154083633054,0,"oben_unten,innen_aussen,wir_sie,heute_morgen",0,0,0,1,
1906410663218013,0,"oben_unten,innen_aussen,wir_sie,heute_morgen",0,0,0,1,
805200228457711,0,"oben_unten,innen_aussen,wir_sie,heute_morgen",0,0,0,2,
638455512423468,0,"oben_unten,innen_aussen,wir_sie,heute_morgen",0,0,1,1,
1488602308472589,0,"oben_unten,innen_aussen,wir_sie,heute_morgen",0,0,0,1,
803920215452021,0,"oben_unten,innen_aussen,wir_sie,heute_morgen",0,0,0,0,
667865959217140,0,"oben_unten,innen_aussen,wir_sie,heute_morgen",0,0,0,0,
1575839590593837,0,"oben_unten,innen_aussen,wir_sie,heute_morgen",0,0,1,1,
2107028960157130,0,"oben_unten,innen_aussen,wir_sie,heute_morgen",3,0,1,2,
2562186607316949,0,"oben_unten,innen_aussen,wir_sie,heute_morgen",2,0,1,1,
1648341652446275,0,"oben_unten,innen_aussen,wir_sie,heute_morgen",0,0,0,1,
1104742400523953,0,"oben_unten,innen_aussen,wir_sie,heute_morgen",0,0,0,1,
1158797365583368,0,"oben_unten,innen_aussen,wir_sie,heute_morgen",0,0,0,0,
1427628215583182,0,"oben_unten,innen_aussen,wir_sie,heute_morgen",0,0,1,2,
600610042646705,0,"oben_unten,innen_aussen,wir_sie,heute_morgen",1,1,1,3,
2112341545951236,0,"oben_unten,innen_aussen,wir_sie,heute_morgen",0,0,0,0,
1454095730088187,0,"oben_unten,innen_aussen,wir_sie,heute_morgen",0,2,1,0,
1111118580364887,0,"oben_unten,innen_aussen,wir_sie,heute_morgen",0,0,0,1,
540873698999127,0,"oben_unten,innen_aussen,wir_sie,heute_morgen",0,0,0,1,
1385680270121895,0,"oben_unten,innen_aussen,wir_sie,heute_morgen",2,0,1,0,
246590181839932,0,"oben_unten,innen_aussen,wir_sie,heute_morgen",3,0,1,2,
588136723705038,0,"oben_unten,innen_aussen,wir_sie,heute_morgen",0,0,0,0,
3772081059709054,0,"oben_unten,innen_aussen,wir_sie,heute_morgen",0,0,0,2,
1337587150750080,0,"oben_unten,innen_aussen,wir_sie,heute_morgen",0,0,0,0,
9130257083755337,0,"oben_unten,innen_aussen,wir_sie,heute_morgen",0,0,0,1,
1607626360173005,0,"oben_unten,innen_aussen,wir_sie,heute_morgen",0,0,0,0,
1172593521119516,0,"oben_unten,innen_aussen,wir_sie,heute_morgen",0,0,0,3,
1574024940738194,0,"oben_unten,innen_aussen,wir_sie,heute_morgen",0,0,4,0,
1312167960032825,0,"oben_unten,innen_aussen,wir_sie,heute_morgen",0,0,0,0,
1009525087604267,0,"oben_unten,innen_aussen,wir_sie,heute_morgen",0,3,1,3,
1379631619687369,0,"oben_unten,innen_aussen,wir_sie,heute_morgen",0,3,1,3,
625008463314844,0,"oben_unten,innen_aussen,wir_sie,heute_morgen",0,0,0,2,
8458562550938526,0,"oben_unten,innen_aussen,wir_sie,heute_morgen",0,0,0,2,
2809902772525024,0,"oben_unten,innen_aussen,wir_sie,heute_morgen",0,0,0,0,
1064202722794987,0,"oben_unten,innen_aussen,wir_sie,heute_morgen",0,0,0,2,
905204374801722,0,"oben_unten,innen_aussen,wir_sie,heute_morgen",0,1,0,2,
2360449458027289,0,"oben_unten,innen_aussen,wir_sie,heute_morgen",0,0,0,0,
969109092825579,0,"oben_unten,innen_aussen,wir_sie,heute_morgen",0,0,1,2,
1153575379658603,0,"oben_unten,innen_aussen,wir_sie,heute_morgen",0,0,0,0,
825332459931206,0,"oben_unten,innen_aussen,wir_sie,heute_morgen",0,0,1,3,
1103189497983619,0,"oben_unten,innen_aussen,wir_sie,heute_morgen",0,0,0,2,
754613996344161,0,"oben_unten,innen_aussen,wir_sie,heute_morgen",0,0,0,2,
1040922731923882,0,"oben_unten,innen_aussen,wir_sie,heute_morgen",0,0,3,1,
1381870065794954,0,"oben_unten,innen_aussen,wir_sie,heute_morgen",0,0,0,1,
595160949979147,0,"oben_unten,innen_aussen,wir_sie,heute_morgen",0,0,0,0,
924622009212136,0,"oben_unten,innen_aussen,wir_sie,heute_morgen",2,3,2,1,
2060264901062971,0,"oben_unten,innen_aussen,wir_sie,heute_morgen",0,0,1,2,
912698694775418,0,"oben_unten,innen_aussen,wir_sie,heute_morgen",0,0,0,0,
923270146061347,0,"oben_unten,innen_aussen,wir_sie,heute_morgen",0,0,0,1,
964962018917262,0,"oben_unten,innen_aussen,wir_sie,heute_morgen",0,0,0,1,
28245257731760270,0,"oben_unten,innen_aussen,wir_sie,heute_morgen",0,0,0,1,
2829056860610781,0,"oben_unten,innen_aussen,wir_sie,heute_morgen",0,0,0,1,
1673920267044293,0,"oben_unten,innen_aussen,wir_sie,heute_morgen",2,2,2,1,
1765908070772859,0,"oben_unten,innen_aussen,wir_sie,heute_morgen",0,0,0,1,
1406610376976180,0,"oben_unten,innen_aussen,wir_sie,heute_morgen",1,0,0,3,
596004846401576,0,"oben_unten,innen_aussen,wir_sie,heute_morgen",2,0,0,3,
1089122566090132,0,"oben_unten,innen_aussen,wir_sie,heute_morgen",2,0,0,1,
914090247022127,0,"oben_unten,innen_aussen,wir_sie,heute_morgen",1,4,1,2,
6913477695428614,0,"oben_unten,innen_aussen,wir_sie,heute_morgen",0,0,0,2,
821625837471466,0,"oben_unten,innen_aussen,wir_sie,heute_morgen",2,3,2,1,
631094586043377,0,"oben_unten,innen_aussen,wir_sie,heute_morgen",0,0,0,0,
1122193232551059,0,"oben_unten,innen_aussen,wir_sie,heute_morgen",3,0,1,2,
1727946817769699,0,"oben_unten,innen_aussen,wir_sie,heute_morgen",0,0,0,0,
1601105863941795,0,"oben_unten,innen_aussen,wir_sie,heute_morgen",0,0,1,1,
854036187502597,0,"oben_unten,innen_aussen,wir_sie,heute_morgen",0,0,0,0,
1138561157910979,0,"oben_unten,innen_aussen,wir_sie,heute_morgen",0,0,0,0,
3882113865377405,0,"oben_unten,innen_aussen,wir_sie,heute_morgen",3,0,1,2,
607115698410179,0,"oben_unten,innen_aussen,wir_sie,heute_morgen",0,1,0,1,
1049516717412905,0,"oben_unten,innen_aussen,wir_sie,heute_morgen",0,0,0,1,
1719148448816729,0,"oben_unten,innen_aussen,wir_sie,heute_morgen",1,3,2,1,
1256572708926306,0,"oben_unten,innen_aussen,wir_sie,heute_morgen",0,0,0,0,
1890912745158495,0,"oben_unten,innen_aussen,wir_sie,heute_morgen",0,0,0,0,
1142637670574950,0,"oben_unten,innen_aussen,wir_sie,heute_morgen",0,3,0,3,
1796978557732894,0,"oben_unten,innen_aussen,wir_sie,heute_morgen",0,0,0,1,
884684991188562,0,"oben_unten,innen_aussen,wir_sie,heute_morgen",1,0,0,2,
1161072312096840,0,"oben_unten,innen_aussen,wir_sie,heute_morgen",0,0,0,1,
2120781105023414,0,"oben_unten,innen_aussen,wir_sie,heute_morgen",0,1,1,0,
8830759900385267,0,"oben_unten,innen_aussen,wir_sie,heute_morgen",1,1,0,4,
1330171265375151,0,"oben_unten,innen_aussen,wir_sie,heute_morgen",0,0,0,0,
1392801991701125,0,"oben_unten,innen_aussen,wir_sie,heute_morgen",0,0,0,0,
3544551529036184,0,"oben_unten,innen_aussen,wir_sie,heute_morgen",0,0,1,2,
596862706826282,0,"oben_unten,innen_aussen,wir_sie,heute_morgen",0,0,1,1,
1780838913264763,0,"oben_unten,innen_aussen,wir_sie,heute_morgen",0,0,1,2,
2437239313464978,0,"oben_unten,innen_aussen,wir_sie,heute_morgen",0,0,0,1,
969517964550278,0,"oben_unten,innen_aussen,wir_sie,heute_morgen",0,0,0,0,
1035743249398116,0,"oben_unten,innen_aussen,wir_sie,heute_morgen",0,0,0,0,
1001964292638135,0,"oben_unten,innen_aussen,wir_sie,heute_morgen",0,1,1,2,
1058109763618164,0,"oben_unten,innen_aussen,wir_sie,heute_morgen",1,0,2,1,
1363721201659658,0,"oben_unten,innen_aussen,wir_sie,heute_morgen",0,0,2,0,
1668594454360042,0,"oben_unten,innen_aussen,wir_sie,heute_morgen",0,0,0,1,
426401490557168,0,"oben_unten,innen_aussen,wir_sie,heute_morgen",0,0,0,0,
1349791203909489,0,"oben_unten,innen_aussen,wir_sie,heute_morgen",0,0,0,1,
2120473025179735,0,"oben_unten,innen_aussen,wir_sie,heute_morgen",0,0,0,2,
1370898928503828,0,"oben_unten,innen_aussen,wir_sie,heute_morgen",0,1,0,3,
564178923016665,0,"oben_unten,innen_aussen,wir_sie,heute_morgen",1,3,0,2,
1105367901284398,0,"oben_unten,innen_aussen,wir_sie,heute_morgen",0,0,0,1,
3901658953485095,0,"oben_unten,innen_aussen,wir_sie,heute_morgen",0,0,0,0,
1284975672631037,0,"oben_unten,innen_aussen,wir_sie,heute_morgen",0,0,1,3,
1116197266528857,0,"oben_unten,innen_aussen,wir_sie,heute_morgen",0,0,1,1,
1955121165340515,0,"oben_unten,innen_aussen,wir_sie,heute_morgen",0,0,0,1,
1530429568827797,0,"oben_unten,innen_aussen,wir_sie,heute_morgen",0,0,0,0,
641540898539065,0,"oben_unten,innen_aussen,wir_sie,heute_morgen",0,0,0,2,
1310862183813995,0,"oben_unten,innen_aussen,wir_sie,heute_morgen",0,0,0,2,
3919419874871547,0,"oben_unten,innen_aussen,wir_sie,heute_morgen",0,0,0,1,
1090797258936849,0,"oben_unten,innen_aussen,wir_sie,heute_morgen",0,1,0,1,
3260582220755441,0,"oben_unten,innen_aussen,wir_sie,heute_morgen",0,0,0,1,
1810239353061733,0,"oben_unten,innen_aussen,wir_sie,heute_morgen",1,2,1,3,
1021545427241724,0,"oben_unten,innen_aussen,wir_sie,heute_morgen",0,0,0,0,
1467728542037250,0,"oben_unten,innen_aussen,wir_sie,heute_morgen",0,0,1,2,
956459270803921,0,"oben_unten,innen_aussen,wir_sie,heute_morgen",0,0,0,2,
1643247209539902,0,"oben_unten,innen_aussen,wir_sie,heute_morgen",1,0,2,4,
1530318172180937,0,"oben_unten,innen_aussen,wir_sie,heute_morgen",0,0,1,2,
1160511762269500,0,"oben_unten,innen_aussen,wir_sie,heute_morgen",0,0,0,0,
1298287954646256,0,"oben_unten,innen_aussen,wir_sie,heute_morgen",0,0,0,0,
634654905599020,0,"oben_unten,innen_aussen,wir_sie,heute_morgen",1,2,0,1,
1782294319171106,0,"oben_unten,innen_aussen,wir_sie,heute_morgen",0,0,0,1,
1564105778642580,0,"oben_unten,innen_aussen,wir_sie,heute_morgen",0,0,0,1,
1148339636597252,0,"oben_unten,innen_aussen,wir_sie,heute_morgen",0,1,0,0,
1030901635511497,0,"oben_unten,innen_aussen,wir_sie,heute_morgen",0,0,0,2,
1725100518524364,0,"oben_unten,innen_aussen,wir_sie,heute_morgen",0,1,4,0,
1899685047365676,0,"oben_unten,innen_aussen,wir_sie,heute_morgen",0,0,0,1,
1397831568152290,0,"oben_unten,innen_aussen,wir_sie,heute_morgen",0,0,0,0,
1640898177010044,0,"oben_unten,innen_aussen,wir_sie,heute_morgen",0,0,4,1,
967314795360957,0,"oben_unten,innen_aussen,wir_sie,heute_morgen",0,0,1,2,
29141681145420997,0,"oben_unten,innen_aussen,wir_sie,heute_morgen",0,0,0,1,
1129328685649668,0,"oben_unten,innen_aussen,wir_sie,heute_morgen",0,0,0,0,
1013452621084909,0,"oben_unten,innen_aussen,wir_sie,heute_morgen",2,0,0,1,
1304802034923574,0,"oben_unten,innen_aussen,wir_sie,heute_morgen",0,0,0,0,
481342414793635,0,"oben_unten,innen_aussen,wir_sie,heute_morgen",1,3,4,1,
1525153378171904,0,"oben_unten,innen_aussen,wir_sie,heute_morgen",0,0,0,1,
1216579123410252,0,"oben_unten,innen_aussen,wir_sie,heute_morgen",0,0,0,0,
1678583946394924,0,"oben_unten,innen_aussen,wir_sie,heute_morgen",0,0,1,0,
8838108239570089,0,"oben_unten,innen_aussen,wir_sie,heute_morgen",0,0,0,0,
939731030838136,0,"oben_unten,innen_aussen,wir_sie,heute_morgen",2,0,1,3,
1382468407081049,0,"oben_unten,innen_aussen,wir_sie,heute_morgen",0,0,0,0,
1599686375184215,0,"oben_unten,innen_aussen,wir_sie,heute_morgen",0,0,0,1,
1794139054391986,0,"oben_unten,innen_aussen,wir_sie,heute_morgen",0,0,0,2,
2345242376220145,0,"oben_unten,innen_aussen,wir_sie,heute_morgen",0,0,1,1,
1185893946901217,0,"oben_unten,innen_aussen,wir_sie,heute_morgen",0,0,0,1,
2631182707283813,0,"oben_unten,innen_aussen,wir_sie,heute_morgen",0,0,0,0,
1106412743874861,0,"oben_unten,innen_aussen,wir_sie,heute_morgen",0,0,0,1,
1129373065059506,0,"oben_unten,innen_aussen,wir_sie,heute_morgen",0,0,0,1,
1122407016106964,0,"oben_unten,innen_aussen,wir_sie,heute_morgen",1,0,1,2,
1120904542701146,0,"oben_unten,innen_aussen,wir_sie,heute_morgen",0,0,0,1,
634373459059649,0,"oben_unten,innen_aussen,wir_sie,heute_morgen",3,0,0,1,
2388195458201494,0,"oben_unten,innen_aussen,wir_sie,heute_morgen",0,1,0,0,
1045150626544318,0,"oben_unten,innen_aussen,wir_sie,heute_morgen",0,1,0,3,
1040033534557963,0,"oben_unten,innen_aussen,wir_sie,heute_morgen",0,0,0,0,
1724541894795400,0,"oben_unten,innen_aussen,wir_sie,heute_morgen",0,0,0,1,
1703610703531199,0,"oben_unten,innen_aussen,wir_sie,heute_morgen",0,0,0,0,
1144418647133609,0,"oben_unten,innen_aussen,wir_sie,heute_morgen",0,0,0,2,
1142015994269812,0,"oben_unten,innen_aussen,wir_sie,heute_morgen",0,0,0,1,
1264671691444781,0,"oben_unten,innen_aussen,wir_sie,heute_morgen",0,0,0,1,
1662186331401179,0,"oben_unten,innen_aussen,wir_sie,heute_morgen",0,0,0,1,
1505282427006520,0,"oben_unten,innen_aussen,wir_sie,heute_morgen",0,0,0,0,
2100367983892338,0,"oben_unten,innen_aussen,wir_sie,heute_morgen",0,0,0,1,
985321356773572,0,"oben_unten,innen_aussen,wir_sie,heute_morgen",0,0,0,1,
1289145596507361,0,"oben_unten,innen_aussen,wir_sie,heute_morgen",0,0,0,1,
646729697706677,0,"oben_unten,innen_aussen,wir_sie,heute_morgen",0,0,0,2,
1067543085765716,0,"oben_unten,innen_aussen,wir_sie,heute_morgen",0,0,0,0,
824585309688867,0,"oben_unten,innen_aussen,wir_sie,heute_morgen",0,0,0,3,
1657662631808438,0,"oben_unten,innen_aussen,wir_sie,heute_morgen",0,2,0,3,
763091239900833,0,"oben_unten,innen_aussen,wir_sie,heute_morgen",0,0,0,0,
1123520196176795,0,"oben_unten,innen_aussen,wir_sie,heute_morgen",0,0,0,2,
3904847639842897,0,"oben_unten,innen_aussen,wir_sie,heute_morgen",0,0,0,0,
595776006650840,0,"oben_unten,innen_aussen,wir_sie,heute_morgen",0,0,0,0,
493663620059108,0,"oben_unten,innen_aussen,wir_sie,heute_morgen",0,0,0,0,
2068457476931765,0,"oben_unten,innen_aussen,wir_sie,heute_morgen",0,0,1,0,
538313119227101,0,"oben_unten,innen_aussen,wir_sie,heute_morgen",1,3,0,2,
968358885299403,0,"oben_unten,innen_aussen,wir_sie,heute_morgen",0,1,0,2,
504048502299324,0,"oben_unten,innen_aussen,wir_sie,heute_morgen",0,0,0,1,
1412254210817986,0,"oben_unten,innen_aussen,wir_sie,heute_morgen",0,0,0,1,
614130751197729,0,"oben_unten,innen_aussen,wir_sie,heute_morgen",0,0,0,0,
772141421466426,0,"oben_unten,innen_aussen,wir_sie,heute_morgen",0,0,0,1,
1025298466899089,0,"oben_unten,innen_aussen,wir_sie,heute_morgen",0,0,0,0,
8179142632188382,0,"oben_unten,innen_aussen,wir_sie,heute_morgen",0,0,0,0,
1480046465938074,0,"oben_unten,innen_aussen,wir_sie,heute_morgen",0,0,0,0,
1323650455427629,0,"oben_unten,innen_aussen,wir_sie,heute_morgen",1,0,0,2,
1258061258620696,0,"oben_unten,innen_aussen,wir_sie,heute_morgen",0,0,0,1,
1131251341827094,0,"oben_unten,innen_aussen,wir_sie,heute_morgen",0,0,0,1,
506444019226545,0,"oben_unten,innen_aussen,wir_sie,heute_morgen",0,0,0,1,
1342949923725356,0,"oben_unten,innen_aussen,wir_sie,heute_morgen",1,2,0,2,
631199976147054,0,"oben_unten,innen_aussen,wir_sie,heute_morgen",0,0,0,1,
2630318294073909,0,"oben_unten,innen_aussen,wir_sie,heute_morgen",0,0,0,0,
1164544125235730,0,"oben_unten,innen_aussen,wir_sie,heute_morgen",0,0,2,1,
483252781221834,0,"oben_unten,innen_aussen,wir_sie,heute_morgen",0,0,0,1,
752508716839060,0,"oben_unten,innen_aussen,wir_sie,heute_morgen",0,1,0,1,
1125669819042012,0,"oben_unten,innen_aussen,wir_sie,heute_morgen",0,0,0,1,
577075378404855,0,"oben_unten,innen_aussen,wir_sie,heute_morgen",0,0,3,0,
973228711436163,0,"oben_unten,innen_aussen,wir_sie,heute_morgen",0,0,0,1,
1260572851835209,0,"oben_unten,innen_aussen,wir_sie,heute_morgen",0,0,0,2,
2246742602533208,0,"oben_unten,innen_aussen,wir_sie,heute_morgen",0,1,0,2,
1039156122237546,0,"oben_unten,innen_aussen,wir_sie,heute_morgen",0,0,0,3,
1243061240284182,0,"oben_unten,innen_aussen,wir_sie,heute_morgen",2,1,1,2,
1284154239438075,0,"oben_unten,innen_aussen,wir_sie,heute_morgen",0,1,1,1,
630250166053343,0,"oben_unten,innen_aussen,wir_sie,heute_morgen",0,3,0,2,
471828805793254,0,"oben_unten,innen_aussen,wir_sie,heute_morgen",0,0,0,1,
4510712742544010,0,"oben_unten,innen_aussen,wir_sie,heute_morgen",2,2,4,1,
1252754109110803,0,"oben_unten,innen_aussen,wir_sie,heute_morgen",0,0,0,1,
645964727992983,0,"oben_unten,innen_aussen,wir_sie,heute_morgen",0,0,0,1,
1761398541562780,0,"oben_unten,innen_aussen,wir_sie,heute_morgen",0,1,0,1,
1127985662163196,0,"oben_unten,innen_aussen,wir_sie,heute_morgen",0,0,0,2,
1772028003643690,0,"oben_unten,innen_aussen,wir_sie,heute_morgen",1,1,3,0,
601378989373872,0,"oben_unten,innen_aussen,wir_sie,heute_morgen",0,1,4,0,
1043577645236692,0,"oben_unten,innen_aussen,wir_sie,heute_morgen",0,0,0,0,
1150755239770976,0,"oben_unten,innen_aussen,wir_sie,heute_morgen",0,0,0,0,
1839775530111085,0,"oben_unten,innen_aussen,wir_sie,heute_morgen",0,0,0,0,
1388040626856800,0,"oben_unten,innen_aussen,wir_sie,heute_morgen",0,0,0,0,
2797679283743532,0,"oben_unten,innen_aussen,wir_sie,heute_morgen",0,0,0,0,
1781422772641625,0,"oben_unten,innen_aussen,wir_sie,heute_morgen",0,0,0,2,
593847419814181,0,"oben_unten,innen_aussen,wir_sie,heute_morgen",0,0,0,2,
1300939867818161,0,"oben_unten,innen_aussen,wir_sie,heute_morgen",1,0,0,2,
2047629525686873,0,"oben_unten,innen_aussen,wir_sie,heute_morgen",0,0,0,0,
1137613521908934,0,"oben_unten,innen_aussen,wir_sie,heute_morgen",0,0,1,2,
473198508639985,0,"oben_unten,innen_aussen,wir_sie,heute_morgen",0,0,0,1,
999733152043771,0,"oben_unten,innen_aussen,wir_sie,heute_morgen",0,0,0,0,
1637956403754338,0,"oben_unten,innen_aussen,wir_sie,heute_morgen",0,0,0,1,
548635481422893,0,"oben_unten,innen_aussen,wir_sie,heute_morgen",0,0,0,1,
317976397933498,0,"oben_unten,innen_aussen,wir_sie,heute_morgen",0,0,0,1,
1561090684612420,0,"oben_unten,innen_aussen,wir_sie,heute_morgen",0,0,0,0,
634000452413578,0,"oben_unten,innen_aussen,wir_sie,heute_morgen",3,1,1,2,
1742117206362491,0,"oben_unten,innen_aussen,wir_sie,heute_morgen",0,0,0,0,
1167126101789404,0,"oben_unten,innen_aussen,wir_sie,heute_morgen",0,0,0,1,
1104179334447655,0,"oben_unten,innen_aussen,wir_sie,heute_morgen",0,0,0,0,
640042258550057,0,"oben_unten,innen_aussen,wir_sie,heute_morgen",0,0,0,0,
444075305159037,0,"oben_unten,innen_aussen,wir_sie,heute_morgen",0,0,0,0,
3307650739425087,0,"oben_unten,innen_aussen,wir_sie,heute_morgen",0,1,0,1,
2208274882907995,0,"oben_unten,innen_aussen,wir_sie,heute_morgen",0,0,0,0,
1244909630059107,0,"oben_unten,innen_aussen,wir_sie,heute_morgen",0,0,0,1,
1943254589498567,0,"oben_unten,innen_aussen,wir_sie,heute_morgen",0,0,0,1,
1001705045323585,0,"oben_unten,innen_aussen,wir_sie,heute_morgen",0,0,0,1,
849157107151746,0,"oben_unten,innen_aussen,wir_sie,heute_morgen",0,0,0,1,
586738377375369,0,"oben_unten,innen_aussen,wir_sie,heute_morgen",0,0,1,3,
1525910548094982,0,"oben_unten,innen_aussen,wir_sie,heute_morgen",0,0,0,1,
1777578249766046,0,"oben_unten,innen_aussen,wir_sie,heute_morgen",0,0,0,2,
1592462538054457,0,"oben_unten,innen_aussen,wir_sie,heute_morgen",0,0,0,2,
1702920400278472,0,"oben_unten,innen_aussen,wir_sie,heute_morgen",0,0,0,0,
1153676506462062,0,"oben_unten,innen_aussen,wir_sie,heute_morgen",0,0,0,1,
1441053120634992,0,"oben_unten,innen_aussen,wir_sie,heute_morgen",0,0,1,2,
1376603564616886,0,"oben_unten,innen_aussen,wir_sie,heute_morgen",0,0,0,0,
3865517963722937,0,"oben_unten,innen_aussen,wir_sie,heute_morgen",0,0,1,0,
363273396628646,0,"oben_unten,innen_aussen,wir_sie,heute_morgen",2,0,1,2,
1220800376127612,0,"oben_unten,innen_aussen,wir_sie,heute_morgen",1,0,0,2,
1477172526285494,0,"oben_unten,innen_aussen,wir_sie,heute_morgen",0,0,0,0,
2416307102052301,0,"oben_unten,innen_aussen,wir_sie,heute_morgen",0,0,0,1,
1332862081373835,0,"oben_unten,innen_aussen,wir_sie,heute_morgen",0,0,0,0,
1047061054919364,0,"oben_unten,innen_aussen,wir_sie,heute_morgen",0,0,0,3,
948538023612354,0,"oben_unten,innen_aussen,wir_sie,heute_morgen",0,0,0,0,
584515674389726,0,"oben_unten,innen_aussen,wir_sie,heute_morgen",1,2,0,2,
613549131426028,0,"oben_unten,innen_aussen,wir_sie,heute_morgen",0,0,1,2,
1059544682852407,0,"oben_unten,innen_aussen,wir_sie,heute_morgen",0,0,0,1,
477323358559881,0,"oben_unten,innen_aussen,wir_sie,heute_morgen",0,0,0,0,
1416340117054546,0,"oben_unten,innen_aussen,wir_sie,heute_morgen",1,4,3,3,
1409910757159205,0,"oben_unten,innen_aussen,wir_sie,heute_morgen",0,0,1,3,
8917507201693780,0,"oben_unten,innen_aussen,wir_sie,heute_morgen",1,2,0,2,
1789486908516912,0,"oben_unten,innen_aussen,wir_sie,heute_morgen",0,1,0,2,
1135432314950335,0,"oben_unten,innen_aussen,wir_sie,heute_morgen",0,0,0,0,
8983101198454371,0,"oben_unten,innen_aussen,wir_sie,heute_morgen",0,0,0,0,
429348300173604,0,"oben_unten,innen_aussen,wir_sie,heute_morgen",0,0,0,0,
1112127563124094,0,"oben_unten,innen_aussen,wir_sie,heute_morgen",0,0,0,2,
1921369325490703,0,"oben_unten,innen_aussen,wir_sie,heute_morgen",1,0,1,0,
2201073717129087,0,"oben_unten,innen_aussen,wir_sie,heute_morgen",1,0,1,1,
1785107202221602,0,"oben_unten,innen_aussen,wir_sie,heute_morgen",0,0,0,1,
3353252931480074,0,"oben_unten,innen_aussen,wir_sie,heute_morgen",2,4,1,2,
1458016198653033,0,"oben_unten,innen_aussen,wir_sie,heute_morgen",0,1,0,3,
1328823575148759,0,"oben_unten,innen_aussen,wir_sie,heute_morgen",2,0,0,3,
1338244810647906,0,"oben_unten,innen_aussen,wir_sie,heute_morgen",0,0,0,0,
1560127512529407,0,"oben_unten,innen_aussen,wir_sie,heute_morgen",1,0,0,0,
1683232036097154,0,"oben_unten,innen_aussen,wir_sie,heute_morgen",0,0,0,2,
1148863826942572,0,"oben_unten,innen_aussen,wir_sie,heute_morgen",0,0,0,0,
3147832592013602,0,"oben_unten,innen_aussen,wir_sie,heute_morgen",0,0,1,1,
1345293661096247,0,"oben_unten,innen_aussen,wir_sie,heute_morgen",0,0,0,0,
625668050114342,0,"oben_unten,innen_aussen,wir_sie,heute_morgen",0,0,1,2,
2096409167392851,0,"oben_unten,innen_aussen,wir_sie,heute_morgen",0,0,0,4,
704824291530953,0,"oben_unten,innen_aussen,wir_sie,heute_morgen",0,0,1,4,
1456731248587584,0,"oben_unten,innen_aussen,wir_sie,heute_morgen",0,0,1,2,
495981116509383,0,"oben_unten,innen_aussen,wir_sie,heute_morgen",0,1,0,3,
1698193824065964,0,"oben_unten,innen_aussen,wir_sie,heute_morgen",0,0,0,1,
2096597247439552,0,"oben_unten,innen_aussen,wir_sie,heute_morgen",0,0,0,0,
1343257300136820,0,"oben_unten,innen_aussen,wir_sie,heute_morgen",0,0,0,0,
1167473458130701,0,"oben_unten,innen_aussen,wir_sie,heute_morgen",0,0,0,1,
3740013202928563,0,"oben_unten,innen_aussen,wir_sie,heute_morgen",0,0,0,1,
613602677983339,0,"oben_unten,innen_aussen,wir_sie,heute_morgen",0,0,1,3,
1178325543960476,0,"oben_unten,innen_aussen,wir_sie,heute_morgen",0,0,0,2,
1230450919119637,0,"oben_unten,innen_aussen,wir_sie,heute_morgen",1,0,0,1,
2323711858374556,0,"oben_unten,innen_aussen,wir_sie,heute_morgen",1,1,0,2,
1009056464381002,0,"oben_unten,innen_aussen,wir_sie,heute_morgen",0,0,0,2,
1110380718009696,0,"oben_unten,innen_aussen,wir_sie,heute_morgen",0,0,0,3,
1083764029601719,0,"oben_unten,innen_aussen,wir_sie,heute_morgen",0,0,1,2,
1201648680926459,0,"oben_unten,innen_aussen,wir_sie,heute_morgen",0,0,0,1,
1075582450977167,0,"oben_unten,innen_aussen,wir_sie,heute_morgen",1,0,0,2,
633739096262161,0,"oben_unten,innen_aussen,wir_sie,heute_morgen",0,0,0,1,
1375290781336448,0,"oben_unten,innen_aussen,wir_sie,heute_morgen",0,0,0,0,
1346068473053861,0,"oben_unten,innen_aussen,wir_sie,heute_morgen",1,0,0,2,
3401804933323750,0,"oben_unten,innen_aussen,wir_sie,heute_morgen",2,2,1,3,
1494132641233963,0,"oben_unten,innen_aussen,wir_sie,heute_morgen",3,0,1,3,
892472379690464,0,"oben_unten,innen_aussen,wir_sie,heute_morgen",2,0,1,2,
362297683349523,0,"oben_unten,innen_aussen,wir_sie,heute_morgen",3,0,1,2,
791581389836610,0,"oben_unten,innen_aussen,wir_sie,heute_morgen",0,0,0,1,
971824720950059,0,"oben_unten,innen_aussen,wir_sie,heute_morgen",0,0,0,1,
984457763014931,0,"oben_unten,innen_aussen,wir_sie,heute_morgen",2,0,0,2,
3868413763398348,0,"oben_unten,innen_aussen,wir_sie,heute_morgen",0,0,0,0,
1036774995146036,0,"oben_unten,innen_aussen,wir_sie,heute_morgen",0,0,0,1,
1530215120809842,0,"oben_unten,innen_aussen,wir_sie,heute_morgen",1,0,0,2,
1100515208481790,0,"oben_unten,innen_aussen,wir_sie,heute_morgen",2,0,0,2,
627445646323570,0,"oben_unten,innen_aussen,wir_sie,heute_morgen",0,0,1,2,
934050248660136,0,"oben_unten,innen_aussen,wir_sie,heute_morgen",0,0,0,1,
1674959520069674,0,"oben_unten,innen_aussen,wir_sie,heute_morgen",0,0,0,0,
2827193210792435,0,"oben_unten,innen_aussen,wir_sie,heute_morgen",0,0,0,0,
1561753241111651,0,"oben_unten,innen_aussen,wir_sie,heute_morgen",0,0,0,3,
27738599622421661,0,"oben_unten,innen_aussen,wir_sie,heute_morgen",0,0,0,2,
1096573235048513,0,"oben_unten,innen_aussen,wir_sie,heute_morgen",0,0,4,1,
1981527532342035,0,"oben_unten,innen_aussen,wir_sie,heute_morgen",0,0,4,1,
1295227732551096,0,"oben_unten,innen_aussen,wir_sie,heute_morgen",2,0,0,1,
1314081963337788,0,"oben_unten,innen_aussen,wir_sie,heute_morgen",0,0,0,1,
1014458554814026,0,"oben_unten,innen_aussen,wir_sie,heute_morgen",0,0,0,0,
1322024062923375,0,"oben_unten,innen_aussen,wir_sie,heute_morgen",0,0,0,0,
631802285841977,0,"oben_unten,innen_aussen,wir_sie,heute_morgen",0,0,0,0,
1936936186828983,0,"oben_unten,innen_aussen,wir_sie,heute_morgen",1,0,0,0,
847558751541121,0,"oben_unten,innen_aussen,wir_sie,heute_morgen",0,0,0,0,
3379467462186988,0,"oben_unten,innen_aussen,wir_sie,heute_morgen",0,3,0,2,
1374484696869758,0,"oben_unten,innen_aussen,wir_sie,heute_morgen",2,0,0,2,
1305773033779321,0,"oben_unten,innen_aussen,wir_sie,heute_morgen",0,0,0,0,
1611223949498419,0,"oben_unten,innen_aussen,wir_sie,heute_morgen",0,0,0,1,
3879800372293659,0,"oben_unten,innen_aussen,wir_sie,heute_morgen",0,0,0,0,
550127281133052,0,"oben_unten,innen_aussen,wir_sie,heute_morgen",0,0,0,1,
588564834147391,0,"oben_unten,innen_aussen,wir_sie,heute_morgen",0,0,2,2,
1280305913415383,0,"oben_unten,innen_aussen,wir_sie,heute_morgen",1,0,0,3,
1132979781461802,0,"oben_unten,innen_aussen,wir_sie,heute_morgen",0,0,0,0,
581463554714879,0,"oben_unten,innen_aussen,wir_sie,heute_morgen",0,0,0,1,
494439476674347,0,"oben_unten,innen_aussen,wir_sie,heute_morgen",0,0,1,0,
524727573874527,0,"oben_unten,innen_aussen,wir_sie,heute_morgen",2,0,1,1,
998915145590853,0,"oben_unten,innen_aussen,wir_sie,heute_morgen",0,0,0,0,
933005198968579,0,"oben_unten,innen_aussen,wir_sie,heute_morgen",0,0,0,0,
1315829386526921,0,"oben_unten,innen_aussen,wir_sie,heute_morgen",0,0,1,3,
436075086156249,0,"oben_unten,innen_aussen,wir_sie,heute_morgen",0,0,1,0,
1428821364753334,0,"oben_unten,innen_aussen,wir_sie,heute_morgen",1,0,1,2,
475695412062216,0,"oben_unten,innen_aussen,wir_sie,heute_morgen",0,0,0,1,
2088910071708106,0,"oben_unten,innen_aussen,wir_sie,heute_morgen",0,0,0,1,
1297219458277417,0,"oben_unten,innen_aussen,wir_sie,heute_morgen",0,0,0,1,
929816695979702,0,"oben_unten,innen_aussen,wir_sie,heute_morgen",0,0,0,2,
684695094024716,0,"oben_unten,innen_aussen,wir_sie,heute_morgen",0,0,1,1,
628358093497779,0,"oben_unten,innen_aussen,wir_sie,heute_morgen",0,0,0,1,
2843675602632705,0,"oben_unten,innen_aussen,wir_sie,heute_morgen",0,0,1,3,
1337238621947159,0,"oben_unten,innen_aussen,wir_sie,heute_morgen",0,0,0,3,
1342706304485324,0,"oben_unten,innen_aussen,wir_sie,heute_morgen",0,0,1,3,
1132713511827830,0,"oben_unten,innen_aussen,wir_sie,heute_morgen",0,0,1,2,
1101356455100730,0,"oben_unten,innen_aussen,wir_sie,heute_morgen",0,0,0,3,
3020069368191516,0,"oben_unten,innen_aussen,wir_sie,heute_morgen",0,0,0,1,
2012504869401292,0,"oben_unten,innen_aussen,wir_sie,heute_morgen",2,0,0,1,
1128987114975846,0,"oben_unten,innen_aussen,wir_sie,heute_morgen",0,0,0,2,
1840441860115430,0,"oben_unten,innen_aussen,wir_sie,heute_morgen",0,0,0,0,
1516029532399182,0,"oben_unten,innen_aussen,wir_sie,heute_morgen",3,2,1,3,
28338460799135258,0,"oben_unten,innen_aussen,wir_sie,heute_morgen",0,0,0,0,
1814434233326679,0,"oben_unten,innen_aussen,wir_sie,heute_morgen",2,0,0,1,
1313003497224433,0,"oben_unten,innen_aussen,wir_sie,heute_morgen",0,0,0,1,
1277455200032928,0,"oben_unten,innen_aussen,wir_sie,heute_morgen",0,0,0,1,
1776071470486289,0,"oben_unten,innen_aussen,wir_sie,heute_morgen",0,0,0,2,
1313499963223478,0,"oben_unten,innen_aussen,wir_sie,heute_morgen",0,2,0,2,
577694035076389,0,"oben_unten,innen_aussen,wir_sie,heute_morgen",0,0,0,1,
1144430307123709,0,"oben_unten,innen_aussen,wir_sie,heute_morgen",0,0,0,1,
1148255933366438,0,"oben_unten,innen_aussen,wir_sie,heute_morgen",0,0,0,1,
918158767027646,0,"oben_unten,innen_aussen,wir_sie,heute_morgen",2,0,1,2,
2155554424877180,0,"oben_unten,innen_aussen,wir_sie,heute_morgen",0,0,0,1,
4024637514446275,0,"oben_unten,innen_aussen,wir_sie,heute_morgen",0,0,0,0,
1039631264873053,0,"oben_unten,innen_aussen,wir_sie,heute_morgen",0,0,1,2,
1677737899808950,0,"oben_unten,innen_aussen,wir_sie,heute_morgen",0,0,0,1,
1532936497375294,0,"oben_unten,innen_aussen,wir_sie,heute_morgen",0,0,1,3,
1131307355156502,0,"oben_unten,innen_aussen,wir_sie,heute_morgen",0,0,0,0,
1489818595672547,0,"oben_unten,innen_aussen,wir_sie,heute_morgen",0,0,0,1,
635530475666295,0,"oben_unten,innen_aussen,wir_sie,heute_morgen",1,0,0,0,
789462103842479,0,"oben_unten,innen_aussen,wir_sie,heute_morgen",0,0,0,1,
1300681197855086,0,"oben_unten,innen_aussen,wir_sie,heute_morgen",0,0,2,0,
1117631893287384,0,"oben_unten,innen_aussen,wir_sie,heute_morgen",0,0,2,1,
915648850782816,0,"oben_unten,innen_aussen,wir_sie,heute_morgen",0,0,0,0,
628410513048452,0,"oben_unten,innen_aussen,wir_sie,heute_morgen",0,0,0,1,
1567894085061692,0,"oben_unten,innen_aussen,wir_sie,heute_morgen",0,0,0,0,
2200814787052323,0,"oben_unten,innen_aussen,wir_sie,heute_morgen",0,0,0,4,
1163408241797386,0,"oben_unten,innen_aussen,wir_sie,heute_morgen",0,0,0,0,
1034830685348819,0,"oben_unten,innen_aussen,wir_sie,heute_morgen",0,0,1,0,
949483610492267,0,"oben_unten,innen_aussen,wir_sie,heute_morgen",0,0,0,0,
496535876797581,0,"oben_unten,innen_aussen,wir_sie,heute_morgen",2,0,2,1,
1151597633357776,0,"oben_unten,innen_aussen,wir_sie,heute_morgen",1,2,0,2,
588002990876922,0,"oben_unten,innen_aussen,wir_sie,heute_morgen",0,0,0,0,
617057517395441,0,"oben_unten,innen_aussen,wir_sie,heute_morgen",0,0,0,1,
1112948240414215,0,"oben_unten,innen_aussen,wir_sie,heute_morgen",0,0,0,2,
1228039405146146,0,"oben_unten,innen_aussen,wir_sie,heute_morgen",0,0,0,2,
980824964756129,0,"oben_unten,innen_aussen,wir_sie,heute_morgen",0,0,0,0,
1253204259075734,0,"oben_unten,innen_aussen,wir_sie,heute_morgen",0,0,1,2,
1568075408206453,0,"oben_unten,innen_aussen,wir_sie,heute_morgen",0,0,0,1,
1187847512876067,0,"oben_unten,innen_aussen,wir_sie,heute_morgen",0,0,0,1,
406890198660328,0,"oben_unten,innen_aussen,wir_sie,heute_morgen",0,0,0,0,
1289009923053502,0,"oben_unten,innen_aussen,wir_sie,heute_morgen",0,0,1,1,
729446615937609,0,"oben_unten,innen_aussen,wir_sie,heute_morgen",0,0,0,2,
587395010945783,0,"oben_unten,innen_aussen,wir_sie,heute_morgen",0,0,0,0,
810869580869706,0,"oben_unten,innen_aussen,wir_sie,heute_morgen",0,0,0,1,
1406687140401670,0,"oben_unten,innen_aussen,wir_sie,heute_morgen",1,0,0,0,
966687362226328,0,"oben_unten,innen_aussen,wir_sie,heute_morgen",0,0,0,1,
2377048489296817,0,"oben_unten,innen_aussen,wir_sie,heute_morgen",2,0,1,3,
1722298418413010,0,"oben_unten,innen_aussen,wir_sie,heute_morgen",0,0,0,1,
1695275168081109,0,"oben_unten,innen_aussen,wir_sie,heute_morgen",0,0,0,1,
3032149403641258,0,"oben_unten,innen_aussen,wir_sie,heute_morgen",0,0,0,2,
1795994994565492,0,"oben_unten,innen_aussen,wir_sie,heute_morgen",0,0,1,2,
1105582221143666,0,"oben_unten,innen_aussen,wir_sie,heute_morgen",2,3,1,1,
1200499608162496,0,"oben_unten,innen_aussen,wir_sie,heute_morgen",0,0,1,2,
1209107180642672,0,"oben_unten,innen_aussen,wir_sie,heute_morgen",0,0,0,1,
1656071342773847,0,"oben_unten,innen_aussen,wir_sie,heute_morgen",2,0,0,3,
1240274750402472,0,"oben_unten,innen_aussen,wir_sie,heute_morgen",0,0,0,1,
9064805290304498,0,"oben_unten,innen_aussen,wir_sie,heute_morgen",0,0,0,1,
497919153414001,0,"oben_unten,innen_aussen,wir_sie,heute_morgen",2,0,0,2,
1325254518632241,0,"oben_unten,innen_aussen,wir_sie,heute_morgen",0,0,0,1,
1013492410600438,0,"oben_unten,innen_aussen,wir_sie,heute_morgen",0,0,0,0,
3996412790683183,0,"oben_unten,innen_aussen,wir_sie,heute_morgen",0,0,0,0,
9108643249229531,0,"oben_unten,innen_aussen,wir_sie,heute_morgen",0,0,0,0,
7135596603198773,0,"oben_unten,innen_aussen,wir_sie,heute_morgen",0,0,0,0,
1321415959282579,0,"oben_unten,innen_aussen,wir_sie,heute_morgen",0,0,0,0,
628717626413561,0,"oben_unten,innen_aussen,wir_sie,heute_morgen",0,2,0,2,
8091833894250950,0,"oben_unten,innen_aussen,wir_sie,heute_morgen",2,0,1,3,
1506730310523189,0,"oben_unten,innen_aussen,wir_sie,heute_morgen",0,1,0,2,
650560300877069,0,"oben_unten,innen_aussen,wir_sie,heute_morgen",0,0,0,3,
1420483015579462,0,"oben_unten,innen_aussen,wir_sie,heute_morgen",0,0,0,0,
583629517771223,0,"oben_unten,innen_aussen,wir_sie,heute_morgen",0,0,0,0,
541380258884531,0,"oben_unten,innen_aussen,wir_sie,heute_morgen",1,0,0,2,
496511290143531,0,"oben_unten,innen_aussen,wir_sie,heute_morgen",0,1,0,2,
1251397975918849,0,"oben_unten,innen_aussen,wir_sie,heute_morgen",0,0,0,1,
544916901695234,0,"oben_unten,innen_aussen,wir_sie,heute_morgen",0,0,0,1,
1094839768718770,0,"oben_unten,innen_aussen,wir_sie,heute_morgen",0,0,0,1,
1071449957794830,0,"oben_unten,innen_aussen,wir_sie,heute_morgen",0,0,0,1,
8665809770141250,0,"oben_unten,innen_aussen,wir_sie,heute_morgen",1,0,0,2,
934123619738363,0,"oben_unten,innen_aussen,wir_sie,heute_morgen",0,0,0,0,
9408484799237094,0,"oben_unten,innen_aussen,wir_sie,heute_morgen",0,0,0,3,
2045619215801396,0,"oben_unten,innen_aussen,wir_sie,heute_morgen",0,0,1,3,
1589212995300754,0,"oben_unten,innen_aussen,wir_sie,heute_morgen",1,0,1,1,
1149509690242302,0,"oben_unten,innen_aussen,wir_sie,heute_morgen",0,0,0,1,
919931229719307,0,"oben_unten,innen_aussen,wir_sie,heute_morgen",0,0,1,1,
1109390873989089,0,"oben_unten,innen_aussen,wir_sie,heute_morgen",0,0,0,0,
438941822526945,0,"oben_unten,innen_aussen,wir_sie,heute_morgen",0,2,1,0,
1349622813085250,0,"oben_unten,innen_aussen,wir_sie,heute_morgen",0,0,0,1,
1378028176519991,0,"oben_unten,innen_aussen,wir_sie,heute_morgen",0,0,0,3,
1307967166863998,0,"oben_unten,innen_aussen,wir_sie,heute_morgen",0,1,2,0,
598351369592791,0,"oben_unten,innen_aussen,wir_sie,heute_morgen",0,0,0,0,
2414953985537698,0,"oben_unten,innen_aussen,wir_sie,heute_morgen",0,0,0,1,
4028477787458871,0,"oben_unten,innen_aussen,wir_sie,heute_morgen",0,0,0,0,
621377353610661,0,"oben_unten,innen_aussen,wir_sie,heute_morgen",0,0,0,0,
27796463083355972,0,"oben_unten,innen_aussen,wir_sie,heute_morgen",0,3,2,1,
1098650788454863,0,"oben_unten,innen_aussen,wir_sie,heute_morgen",0,0,1,3,
950744650531593,0,"oben_unten,innen_aussen,wir_sie,heute_morgen",0,0,0,1,
1124190728718289,0,"oben_unten,innen_aussen,wir_sie,heute_morgen",0,0,1,3,
452201714650215,0,"oben_unten,innen_aussen,wir_sie,heute_morgen",0,0,0,1,
910111437963088,0,"oben_unten,innen_aussen,wir_sie,heute_morgen",0,0,0,1,
8968273953225567,0,"oben_unten,innen_aussen,wir_sie,heute_morgen",0,0,0,3,
1620374158556000,0,"oben_unten,innen_aussen,wir_sie,heute_morgen",0,0,0,1,
9598095576893314,0,"oben_unten,innen_aussen,wir_sie,heute_morgen",0,0,0,1,
2728351114013492,0,"oben_unten,innen_aussen,wir_sie,heute_morgen",2,3,3,1,
642855184831307,0,"oben_unten,innen_aussen,wir_sie,heute_morgen",1,0,1,2,
1751921222823815,0,"oben_unten,innen_aussen,wir_sie,heute_morgen",0,0,0,2,
624315339959247,0,"oben_unten,innen_aussen,wir_sie,heute_morgen",0,0,0,1,
561821096737009,0,"oben_unten,innen_aussen,wir_sie,heute_morgen",0,0,1,1,
1002106815304511,0,"oben_unten,innen_aussen,wir_sie,heute_morgen",0,0,1,1,
9088487047909057,0,"oben_unten,innen_aussen,wir_sie,heute_morgen",0,0,0,2,
1060115853342096,0,"oben_unten,innen_aussen,wir_sie,heute_morgen",2,1,0,2,
1414378293952688,0,"oben_unten,innen_aussen,wir_sie,heute_morgen",0,0,0,1,
2057485984676299,0,"oben_unten,innen_aussen,wir_sie,heute_morgen",0,0,0,1,
789095773523166,0,"oben_unten,innen_aussen,wir_sie,heute_morgen",0,0,1,0,
1194946395569024,0,"oben_unten,innen_aussen,wir_sie,heute_morgen",0,0,0,0,
981698944856397,0,"oben_unten,innen_aussen,wir_sie,heute_morgen",1,0,0,3,
1017658580313598,0,"oben_unten,innen_aussen,wir_sie,heute_morgen",0,0,0,1,
496175056848487,0,"oben_unten,innen_aussen,wir_sie,heute_morgen",0,0,0,1,
491193937015467,0,"oben_unten,innen_aussen,wir_sie,heute_morgen",0,0,0,1,
1689403531616467,0,"oben_unten,innen_aussen,wir_sie,heute_morgen",0,0,0,0,
1487526335983855,0,"oben_unten,innen_aussen,wir_sie,heute_morgen",1,0,0,1,
2654750264922099,0,"oben_unten,innen_aussen,wir_sie,heute_morgen",0,0,0,0,
600893275979209,0,"oben_unten,innen_aussen,wir_sie,heute_morgen",0,0,0,0,
1295983925645194,0,"oben_unten,innen_aussen,wir_sie,heute_morgen",2,3,1,1,
2933893893441889,0,"oben_unten,innen_aussen,wir_sie,heute_morgen",0,0,0,0,
1587037695238520,0,"oben_unten,innen_aussen,wir_sie,heute_morgen",0,0,0,0,
1235568902054276,0,"oben_unten,innen_aussen,wir_sie,heute_morgen",0,0,0,3,
935788515278384,0,"oben_unten,innen_aussen,wir_sie,heute_morgen",0,0,0,0,
1948710855808701,0,"oben_unten,innen_aussen,wir_sie,heute_morgen",0,1,0,3,
903988245191856,0,"oben_unten,innen_aussen,wir_sie,heute_morgen",0,0,0,0,
946861147289697,0,"oben_unten,innen_aussen,wir_sie,heute_morgen",0,0,0,0,
1147267310167112,0,"oben_unten,innen_aussen,wir_sie,heute_morgen",0,0,0,0,
1631990224379637,0,"oben_unten,innen_aussen,wir_sie,heute_morgen",0,0,0,0,
1560063804679613,0,"oben_unten,innen_aussen,wir_sie,heute_morgen",0,0,0,0,
1026761026158467,0,"oben_unten,innen_aussen,wir_sie,heute_morgen",0,0,0,0,
1088780252468208,0,"oben_unten,innen_aussen,wir_sie,heute_morgen",0,0,0,0,
1258722025438269,0,"oben_unten,innen_aussen,wir_sie,heute_morgen",0,0,0,0,
1046849940818421,0,"oben_unten,innen_aussen,wir_sie,heute_morgen",0,0,0,0,
1519669272006740,0,"oben_unten,innen_aussen,wir_sie,heute_morgen",0,0,0,0,
9103265666421903,0,"oben_unten,innen_aussen,wir_sie,heute_morgen",0,0,1,0,
1753527622329876,0,"oben_unten,innen_aussen,wir_sie,heute_morgen",0,0,0,3,
1140218893696642,0,"oben_unten,innen_aussen,wir_sie,heute_morgen",0,0,0,0,
1108831270708769,0,"oben_unten,innen_aussen,wir_sie,heute_morgen",0,0,1,1,
2059183854682350,0,"oben_unten,innen_aussen,wir_sie,heute_morgen",0,0,0,0,
3625250127765817,0,"oben_unten,innen_aussen,wir_sie,heute_morgen",0,0,0,1,
1619147075359567,0,"oben_unten,innen_aussen,wir_sie,heute_morgen",0,0,0,1,
2875910475936803,0,"oben_unten,innen_aussen,wir_sie,heute_morgen",0,0,0,1,
938586351518848,0,"oben_unten,innen_aussen,wir_sie,heute_morgen",0,0,0,0,
1698350020730659,0,"oben_unten,innen_aussen,wir_sie,heute_morgen",0,0,0,0,
3897683663848000,0,"oben_unten,innen_aussen,wir_sie,heute_morgen",0,0,0,0,
1177580007268856,0,"oben_unten,innen_aussen,wir_sie,heute_morgen",0,0,0,1,
1124262725575682,0,"oben_unten,innen_aussen,wir_sie,heute_morgen",0,0,0,0,
1119702199625097,0,"oben_unten,innen_aussen,wir_sie,heute_morgen",0,0,1,2,
2513894272458138,0,"oben_unten,innen_aussen,wir_sie,heute_morgen",1,0,1,2,
1162445539214549,0,"oben_unten,innen_aussen,wir_sie,heute_morgen",0,0,1,0,
1270436234079536,0,"oben_unten,innen_aussen,wir_sie,heute_morgen",0,0,0,0,
1249699146124138,0,"oben_unten,innen_aussen,wir_sie,heute_morgen",0,0,0,1,
3861139670841370,0,"oben_unten,innen_aussen,wir_sie,heute_morgen",0,0,1,1,
939898154876122,0,"oben_unten,innen_aussen,wir_sie,heute_morgen",0,0,1,1,
1195464356033877,0,"oben_unten,innen_aussen,wir_sie,heute_morgen",2,3,2,3,
1784663122345958,0,"oben_unten,innen_aussen,wir_sie,heute_morgen",0,0,1,3,
1117656599822007,0,"oben_unten,innen_aussen,wir_sie,heute_morgen",0,0,0,3,
2439206622949594,0,"oben_unten,innen_aussen,wir_sie,heute_morgen",0,0,0,1,
1522978445526284,0,"oben_unten,innen_aussen,wir_sie,heute_morgen",1,2,2,1,
544396728564906,0,"oben_unten,innen_aussen,wir_sie,heute_morgen",0,1,0,2,
1188184896195746,0,"oben_unten,innen_aussen,wir_sie,heute_morgen",0,0,0,0,
3921686481443321,0,"oben_unten,innen_aussen,wir_sie,heute_morgen",0,0,0,0,
455792044271033,0,"oben_unten,innen_aussen,wir_sie,heute_morgen",2,0,1,1,
1174173197745094,0,"oben_unten,innen_aussen,wir_sie,heute_morgen",1,0,1,1,
1730990077475521,0,"oben_unten,innen_aussen,wir_sie,heute_morgen",3,3,2,3,
987901330991588,0,"oben_unten,innen_aussen,wir_sie,heute_morgen",2,0,0,2,
1097877112329724,0,"oben_unten,innen_aussen,wir_sie,heute_morgen",1,0,1,2,
493839790481560,0,"oben_unten,innen_aussen,wir_sie,heute_morgen",0,4,1,0,
1782895022270465,0,"oben_unten,innen_aussen,wir_sie,heute_morgen",0,0,0,0,
987032643360803,0,"oben_unten,innen_aussen,wir_sie,heute_morgen",0,0,0,1,
1558013835227590,0,"oben_unten,innen_aussen,wir_sie,heute_morgen",0,0,1,2,
1806383083449703,0,"oben_unten,innen_aussen,wir_sie,heute_morgen",0,0,1,0,
1137795760903645,0,"oben_unten,innen_aussen,wir_sie,heute_morgen",1,0,1,2,
738030735098824,0,"oben_unten,innen_aussen,wir_sie,heute_morgen",0,0,0,2,
1669089797648003,0,"oben_unten,innen_aussen,wir_sie,heute_morgen",0,0,0,0,
1614465406704798,0,"oben_unten,innen_aussen,wir_sie,heute_morgen",0,1,0,2,
1102078804756730,0,"oben_unten,innen_aussen,wir_sie,heute_morgen",0,0,0,1,
4264819813753946,0,"oben_unten,innen_aussen,wir_sie,heute_morgen",0,0,0,2,
936318211160747,0,"oben_unten,innen_aussen,wir_sie,heute_morgen",0,0,0,0,
3527782457429040,0,"oben_unten,innen_aussen,wir_sie,heute_morgen",1,0,0,3,
517518651348097,0,"oben_unten,innen_aussen,wir_sie,heute_morgen",0,0,0,1,
1159213252055146,0,"oben_unten,innen_aussen,wir_sie,heute_morgen",0,0,1,0,
918908833163271,0,"oben_unten,innen_aussen,wir_sie,heute_morgen",0,0,2,1,
2662594757272500,0,"oben_unten,innen_aussen,wir_sie,heute_morgen",0,0,0,0,
1017901496839436,0,"oben_unten,innen_aussen,wir_sie,heute_morgen",0,0,0,2,
1178200860336751,0,"oben_unten,innen_aussen,wir_sie,heute_morgen",0,0,0,0,
1369654392003292,0,"oben_unten,innen_aussen,wir_sie,heute_morgen",1,3,0,1,
547425298325905,0,"oben_unten,innen_aussen,wir_sie,heute_morgen",0,1,0,2,
1811935819715129,0,"oben_unten,innen_aussen,wir_sie,heute_morgen",0,0,0,2,
2001741447298797,0,"oben_unten,innen_aussen,wir_sie,heute_morgen",2,1,0,3,
1147434757165645,0,"oben_unten,innen_aussen,wir_sie,heute_morgen",0,0,0,0,
548725071525384,0,"oben_unten,innen_aussen,wir_sie,heute_morgen",0,0,0,0,
1809747603110595,0,"oben_unten,innen_aussen,wir_sie,heute_morgen",0,0,0,1,
587863230320742,0,"oben_unten,innen_aussen,wir_sie,heute_morgen",0,0,0,2,
3800756746809025,0,"oben_unten,innen_aussen,wir_sie,heute_morgen",1,0,0,2,
647586457698012,0,"oben_unten,innen_aussen,wir_sie,heute_morgen",0,0,0,1,
938036951787011,0,"oben_unten,innen_aussen,wir_sie,heute_morgen",0,0,0,1,
1169364191442197,0,"oben_unten,innen_aussen,wir_sie,heute_morgen",0,0,0,0,
1317780379229746,0,"oben_unten,innen_aussen,wir_sie,heute_morgen",0,0,0,1,
1122535232447874,0,"oben_unten,innen_aussen,wir_sie,heute_morgen",0,0,0,1,
964847671778996,0,"oben_unten,innen_aussen,wir_sie,heute_morgen",1,0,1,3,
3065807810251196,0,"oben_unten,innen_aussen,wir_sie,heute_morgen",0,0,0,0,
500937376366777,0,"oben_unten,innen_aussen,wir_sie,heute_morgen",0,0,0,0,
624900823239833,0,"oben_unten,innen_aussen,wir_sie,heute_morgen",0,0,1,2,
2287009621769492,0,"oben_unten,innen_aussen,wir_sie,heute_morgen",0,0,1,3,
724978213113419,0,"oben_unten,innen_aussen,wir_sie,heute_morgen",0,0,0,2,
1296601144994115,0,"oben_unten,innen_aussen,wir_sie,heute_morgen",0,0,0,0,
651730440623427,0,"oben_unten,innen_aussen,wir_sie,heute_morgen",0,0,1,0,
1128368185117813,0,"oben_unten,innen_aussen,wir_sie,heute_morgen",0,0,0,1,
1355384659974036,0,"oben_unten,innen_aussen,wir_sie,heute_morgen",0,1,2,2,
519450430589049,0,"oben_unten,innen_aussen,wir_sie,heute_morgen",0,0,0,1,
1558141748887558,0,"oben_unten,innen_aussen,wir_sie,heute_morgen",2,0,0,3,
639434768432006,0,"oben_unten,innen_aussen,wir_sie,heute_morgen",0,0,0,0,
2309339866097449,0,"oben_unten,innen_aussen,wir_sie,heute_morgen",1,0,0,3,
1837120186926950,0,"oben_unten,innen_aussen,wir_sie,heute_morgen",2,3,1,2,
676833542125827,0,"oben_unten,innen_aussen,wir_sie,heute_morgen",2,0,0,2,
896504969228896,0,"oben_unten,innen_aussen,wir_sie,heute_morgen",0,0,1,2,
7625946067438176,0,"oben_unten,innen_aussen,wir_sie,heute_morgen",0,0,0,1,
666469065493970,0,"oben_unten,innen_aussen,wir_sie,heute_morgen",0,0,0,2,
628518519831863,0,"oben_unten,innen_aussen,wir_sie,heute_morgen",0,0,1,1,
577584798593901,0,"oben_unten,innen_aussen,wir_sie,heute_morgen",0,0,0,1,
1277351986831374,0,"oben_unten,innen_aussen,wir_sie,heute_morgen",0,0,0,1,
612317641585707,0,"oben_unten,innen_aussen,wir_sie,heute_morgen",0,0,0,1,
591834773618623,0,"oben_unten,innen_aussen,wir_sie,heute_morgen",0,0,1,1,
569993422644197,0,"oben_unten,innen_aussen,wir_sie,heute_morgen",0,0,1,1,
1549100925798556,0,"oben_unten,innen_aussen,wir_sie,heute_morgen",0,0,1,1,
1120697366343916,0,"oben_unten,innen_aussen,wir_sie,heute_morgen",0,0,0,0,
1936182906790586,0,"oben_unten,innen_aussen,wir_sie,heute_morgen",0,0,0,0,
2956100154574099,0,"oben_unten,innen_aussen,wir_sie,heute_morgen",0,1,1,3,
631540012625154,0,"oben_unten,innen_aussen,wir_sie,heute_morgen",0,2,0,3,
1517607965598211,0,"oben_unten,innen_aussen,wir_sie,heute_morgen",0,0,0,0,
1585189419027294,0,"oben_unten,innen_aussen,wir_sie,heute_morgen",0,1,0,2,
630213289463380,0,"oben_unten,innen_aussen,wir_sie,heute_morgen",0,0,0,0,
499281736129163,0,"oben_unten,innen_aussen,wir_sie,heute_morgen",0,0,0,1,
619687303780299,0,"oben_unten,innen_aussen,wir_sie,heute_morgen",0,0,0,1,
1562872282523056,0,"oben_unten,innen_aussen,wir_sie,heute_morgen",0,3,2,1,
1213517687532648,0,"oben_unten,innen_aussen,wir_sie,heute_morgen",0,0,0,0,
1126999908904696,0,"oben_unten,innen_aussen,wir_sie,heute_morgen",2,0,1,1,
1266706034601383,0,"oben_unten,innen_aussen,wir_sie,heute_morgen",0,0,1,1,
1165914528396754,0,"oben_unten,innen_aussen,wir_sie,heute_morgen",0,0,0,2,
546868544890075,0,"oben_unten,innen_aussen,wir_sie,heute_morgen",1,2,0,1,
1092590829335100,0,"oben_unten,innen_aussen,wir_sie,heute_morgen",0,2,1,1,
1582891469259717,0,"oben_unten,innen_aussen,wir_sie,heute_morgen",0,0,0,2,
1383276210030301,0,"oben_unten,innen_aussen,wir_sie,heute_morgen",0,0,0,1,
1313984083064390,0,"oben_unten,innen_aussen,wir_sie,heute_morgen",0,0,0,0,
1311061480204231,0,"oben_unten,innen_aussen,wir_sie,heute_morgen",0,0,0,1,
1305669937418436,0,"oben_unten,innen_aussen,wir_sie,heute_morgen",0,3,1,1,
2178716073052551,0,"oben_unten,innen_aussen,wir_sie,heute_morgen",0,2,1,0,
1141048224126563,0,"oben_unten,innen_aussen,wir_sie,heute_morgen",0,1,0,0,
1258288122170979,0,"oben_unten,innen_aussen,wir_sie,heute_morgen",0,3,1,1,
874735744634213,0,"oben_unten,innen_aussen,wir_sie,heute_morgen",0,0,0,1,
1120317942744647,0,"oben_unten,innen_aussen,wir_sie,heute_morgen",0,0,0,1,
1123379499503686,0,"oben_unten,innen_aussen,wir_sie,heute_morgen",0,0,0,0,
2857710211236500,0,"oben_unten,innen_aussen,wir_sie,heute_morgen",2,0,0,2,
1858521474981076,0,"oben_unten,innen_aussen,wir_sie,heute_morgen",1,4,1,2,
1183269003415333,0,"oben_unten,innen_aussen,wir_sie,heute_morgen",0,0,0,1,
577317858460700,0,"oben_unten,innen_aussen,wir_sie,heute_morgen",0,0,0,1,
1355758026482657,0,"oben_unten,innen_aussen,wir_sie,heute_morgen",0,0,0,0,
614842797854686,0,"oben_unten,innen_aussen,wir_sie,heute_morgen",1,3,1,2,
4105020446486130,0,"oben_unten,innen_aussen,wir_sie,heute_morgen",4,4,1,2,
1027041113196473,0,"oben_unten,innen_aussen,wir_sie,heute_morgen",0,0,0,0,
1235177867770422,0,"oben_unten,innen_aussen,wir_sie,heute_morgen",0,0,0,0,
1105281010998106,0,"oben_unten,innen_aussen,wir_sie,heute_morgen",0,0,0,1,
1136538301308081,0,"oben_unten,innen_aussen,wir_sie,heute_morgen",0,0,0,1,
1688656939057092,0,"oben_unten,innen_aussen,wir_sie,heute_morgen",2,0,0,1,
1790772605466926,0,"oben_unten,innen_aussen,wir_sie,heute_morgen",3,0,1,0,
2886501091686351,0,"oben_unten,innen_aussen,wir_sie,heute_morgen",0,4,1,0,
1609708847212886,0,"oben_unten,innen_aussen,wir_sie,heute_morgen",0,1,0,0,
584897268031340,0,"oben_unten,innen_aussen,wir_sie,heute_morgen",0,1,0,1,
958685859797658,0,"oben_unten,innen_aussen,wir_sie,heute_morgen",0,1,0,0,
805951445041467,0,"oben_unten,innen_aussen,wir_sie,heute_morgen",0,2,0,1,
1720456419409838,0,"oben_unten,innen_aussen,wir_sie,heute_morgen",0,1,0,0,
937056815251637,0,"oben_unten,innen_aussen,wir_sie,heute_morgen",0,2,0,0,
1290984838850680,0,"oben_unten,innen_aussen,wir_sie,heute_morgen",0,2,1,0,
1830333564462190,0,"oben_unten,innen_aussen,wir_sie,heute_morgen",0,0,0,1,
2082049612706684,0,"oben_unten,innen_aussen,wir_sie,heute_morgen",0,0,0,0,
975972054417109,0,"oben_unten,innen_aussen,wir_sie,heute_morgen",0,0,0,1,
1756604011794560,0,"oben_unten,innen_aussen,wir_sie,heute_morgen",0,0,0,0,
1146653683661161,0,"oben_unten,innen_aussen,wir_sie,heute_morgen",0,0,0,0,
588901873822957,0,"oben_unten,innen_aussen,wir_sie,heute_morgen",0,0,0,0,
987678199900892,0,"oben_unten,innen_aussen,wir_sie,heute_morgen",4,2,0,1,
638355381866380,0,"oben_unten,innen_aussen,wir_sie,heute_morgen",0,0,4,1,
1725532181792914,0,"oben_unten,innen_aussen,wir_sie,heute_morgen",0,0,0,0,
961167385370620,0,"oben_unten,innen_aussen,wir_sie,heute_morgen",1,2,0,2,
1331711658568816,0,"oben_unten,innen_aussen,wir_sie,heute_morgen",0,0,1,2,
3132531896894159,0,"oben_unten,innen_aussen,wir_sie,heute_morgen",3,3,0,1,
999533695541281,0,"oben_unten,innen_aussen,wir_sie,heute_morgen",1,2,0,2,
993552297014233,0,"oben_unten,innen_aussen,wir_sie,heute_morgen",0,0,0,0,
914314723366904,0,"oben_unten,innen_aussen,wir_sie,heute_morgen",2,0,0,2,
609325648201418,0,"oben_unten,innen_aussen,wir_sie,heute_morgen",1,3,0,1,
1255791389010513,0,"oben_unten,innen_aussen,wir_sie,heute_morgen",0,0,0,0,
958124715892608,0,"oben_unten,innen_aussen,wir_sie,heute_morgen",3,0,0,2,
414515324411471,0,"oben_unten,innen_aussen,wir_sie,heute_morgen",0,1,0,0,
544308885282386,0,"oben_unten,innen_aussen,wir_sie,heute_morgen",0,0,0,1,
2874529229389754,0,"oben_unten,innen_aussen,wir_sie,heute_morgen",0,0,0,2,
1672589620273440,0,"oben_unten,innen_aussen,wir_sie,heute_morgen",3,3,3,1,
1006763272214551,0,"oben_unten,innen_aussen,wir_sie,heute_morgen",0,0,0,0,
933822265549352,0,"oben_unten,innen_aussen,wir_sie,heute_morgen",0,3,3,0,
996139112538514,0,"oben_unten,innen_aussen,wir_sie,heute_morgen",0,0,0,0,
1548387863394886,0,"oben_unten,innen_aussen,wir_sie,heute_morgen",0,0,0,0,
1059670796176539,0,"oben_unten,innen_aussen,wir_sie,heute_morgen",1,3,2,1,
1866153363825595,0,"oben_unten,innen_aussen,wir_sie,heute_morgen",1,0,2,2,
1586448975340878,0,"oben_unten,innen_aussen,wir_sie,heute_morgen",0,0,0,0,
1127204155369035,0,"oben_unten,innen_aussen,wir_sie,heute_morgen",3,1,0,2,
1974592213191930,0,"oben_unten,innen_aussen,wir_sie,heute_morgen",0,0,0,0,
520926931003086,0,"oben_unten,innen_aussen,wir_sie,heute_morgen",0,0,0,1,
2013888612357590,0,"oben_unten,innen_aussen,wir_sie,heute_morgen",0,0,0,1,
605693198991183,0,"oben_unten,innen_aussen,wir_sie,heute_morgen",0,0,0,1,
3393637324105532,0,"oben_unten,innen_aussen,wir_sie,heute_morgen",0,0,0,0,
1192472669691430,0,"oben_unten,innen_aussen,wir_sie,heute_morgen",0,0,0,1,
1528800777798075,0,"oben_unten,innen_aussen,wir_sie,heute_morgen",0,0,0,0,
526650520153024,0,"oben_unten,innen_aussen,wir_sie,heute_morgen",0,0,0,0,
598459456489878,0,"oben_unten,innen_aussen,wir_sie,heute_morgen",0,2,0,1,
922066396544821,0,"oben_unten,innen_aussen,wir_sie,heute_morgen",0,0,0,0,
622911326813604,0,"oben_unten,innen_aussen,wir_sie,heute_morgen",0,0,0,1,
1335944114997800,0,"oben_unten,innen_aussen,wir_sie,heute_morgen",1,3,0,2,
485829817611311,0,"oben_unten,innen_aussen,wir_sie,heute_morgen",0,0,0,1,
1043652704148632,0,"oben_unten,innen_aussen,wir_sie,heute_morgen",0,0,0,1,
1367754634586966,0,"oben_unten,innen_aussen,wir_sie,heute_morgen",0,0,0,0,
516905021344743,0,"oben_unten,innen_aussen,wir_sie,heute_morgen",0,0,0,0,
920891379835736,0,"oben_unten,innen_aussen,wir_sie,heute_morgen",0,0,0,0,
946283730400848,0,"oben_unten,innen_aussen,wir_sie,heute_morgen",0,0,0,1,
579555931292939,0,"oben_unten,innen_aussen,wir_sie,heute_morgen",0,0,0,1,
1346543896705986,0,"oben_unten,innen_aussen,wir_sie,heute_morgen",0,0,0,0,
1672631109984821,0,"oben_unten,innen_aussen,wir_sie,heute_morgen",0,0,0,0,
1136013611507927,0,"oben_unten,innen_aussen,wir_sie,heute_morgen",0,0,2,1,
2425312574537750,0,"oben_unten,innen_aussen,wir_sie,heute_morgen",1,0,2,0,
902315102049684,0,"oben_unten,innen_aussen,wir_sie,heute_morgen",0,0,0,1,
1647296272859264,0,"oben_unten,innen_aussen,wir_sie,heute_morgen",0,0,0,0,
947538870601602,0,"oben_unten,innen_aussen,wir_sie,heute_morgen",0,0,0,1,
8874129319296928,0,"oben_unten,innen_aussen,wir_sie,heute_morgen",0,1,0,1,
1884151758783383,0,"oben_unten,innen_aussen,wir_sie,heute_morgen",0,0,0,0,
559489620166115,0,"oben_unten,innen_aussen,wir_sie,heute_morgen",0,0,0,1,
9405654456152333,0,"oben_unten,innen_aussen,wir_sie,heute_morgen",0,1,0,0,
1288043192546444,0,"oben_unten,innen_aussen,wir_sie,heute_morgen",0,0,0,1,
1661400697783308,0,"oben_unten,innen_aussen,wir_sie,heute_morgen",1,1,0,2,
1587760448551064,0,"oben_unten,innen_aussen,wir_sie,heute_morgen",1,2,0,1,
2127219361008415,0,"oben_unten,innen_aussen,wir_sie,heute_morgen",0,0,1,2,
1343176103358713,0,"oben_unten,innen_aussen,wir_sie,heute_morgen",0,0,0,0,
1347207780158364,0,"oben_unten,innen_aussen,wir_sie,heute_morgen",0,0,0,3,
1041171231685644,0,"oben_unten,innen_aussen,wir_sie,heute_morgen",0,0,0,0,
1564372007557607,0,"oben_unten,innen_aussen,wir_sie,heute_morgen",0,1,0,1,
1785683608894947,0,"oben_unten,innen_aussen,wir_sie,heute_morgen",1,2,3,1,
1068860116076585,0,"oben_unten,innen_aussen,wir_sie,heute_morgen",0,0,0,0,
633597492377179,0,"oben_unten,innen_aussen,wir_sie,heute_morgen",0,0,0,0,
1162250172264952,0,"oben_unten,innen_aussen,wir_sie,heute_morgen",0,2,0,2,
1057425409734305,0,"oben_unten,innen_aussen,wir_sie,heute_morgen",0,2,1,2,
1556980335287598,0,"oben_unten,innen_aussen,wir_sie,heute_morgen",0,0,1,1,
1659836121893490,0,"oben_unten,innen_aussen,wir_sie,heute_morgen",0,0,3,0,
2864674767077028,0,"oben_unten,innen_aussen,wir_sie,heute_morgen",0,2,0,0,
1557503174941787,0,"oben_unten,innen_aussen,wir_sie,heute_morgen",0,0,0,2,
2093148874455285,0,"oben_unten,innen_aussen,wir_sie,heute_morgen",0,0,0,1,
1976951792803502,0,"oben_unten,innen_aussen,wir_sie,heute_morgen",0,0,0,1,
979593360243207,0,"oben_unten,innen_aussen,wir_sie,heute_morgen",0,0,1,0,
953981283012547,0,"oben_unten,innen_aussen,wir_sie,heute_morgen",0,0,0,2,
1391118289883314,0,"oben_unten,innen_aussen,wir_sie,heute_morgen",0,0,0,1,
2752288754958328,0,"oben_unten,innen_aussen,wir_sie,heute_morgen",0,2,0,3,
642715688243057,0,"oben_unten,innen_aussen,wir_sie,heute_morgen",0,0,0,1,
1651498185466984,0,"oben_unten,innen_aussen,wir_sie,heute_morgen",0,2,0,0,
576178875416265,0,"oben_unten,innen_aussen,wir_sie,heute_morgen",0,2,0,0,
2827621167397521,0,"oben_unten,innen_aussen,wir_sie,heute_morgen",0,1,0,1,
481257351688977,0,"oben_unten,innen_aussen,wir_sie,heute_morgen",0,0,2,1,
1100678288466452,0,"oben_unten,innen_aussen,wir_sie,heute_morgen",2,3,1,2,
614234997731741,0,"oben_unten,innen_aussen,wir_sie,heute_morgen",1,2,2,3,
281877674750319,0,"oben_unten,innen_aussen,wir_sie,heute_morgen",1,3,0,1,
1155446409699783,0,"oben_unten,innen_aussen,wir_sie,heute_morgen",0,0,0,1,
1147708350591599,0,"oben_unten,innen_aussen,wir_sie,heute_morgen",0,0,4,1,
1698029974389893,0,"oben_unten,innen_aussen,wir_sie,heute_morgen",0,0,0,2,
1136777844651021,0,"oben_unten,innen_aussen,wir_sie,heute_morgen",1,0,0,3,
633580029610882,0,"oben_unten,innen_aussen,wir_sie,heute_morgen",0,0,2,1,
2155741614845758,0,"oben_unten,innen_aussen,wir_sie,heute_morgen",1,2,1,2,
540158252379839,0,"oben_unten,innen_aussen,wir_sie,heute_morgen",3,3,1,2,
1065590719196919,0,"oben_unten,innen_aussen,wir_sie,heute_morgen",1,2,1,3,
1649382122327714,0,"oben_unten,innen_aussen,wir_sie,heute_morgen",0,3,0,2,
822084626722536,0,"oben_unten,innen_aussen,wir_sie,heute_morgen",0,0,0,1,
1137550961252839,0,"oben_unten,innen_aussen,wir_sie,heute_morgen",0,0,0,2,
1087444226406189,0,"oben_unten,innen_aussen,wir_sie,heute_morgen",3,0,0,1,
976114047766010,0,"oben_unten,innen_aussen,wir_sie,heute_morgen",0,0,0,2,
1313646079299843,0,"oben_unten,innen_aussen,wir_sie,heute_morgen",2,3,1,2,
1515241282489669,0,"oben_unten,innen_aussen,wir_sie,heute_morgen",0,0,0,1,
2280201212364794,0,"oben_unten,innen_aussen,wir_sie,heute_morgen",2,3,0,1,
1062310763386736,0,"oben_unten,innen_aussen,wir_sie,heute_morgen",0,0,1,1,
1613125325978380,0,"oben_unten,innen_aussen,wir_sie,heute_morgen",0,0,0,1,
28055589927437528,0,"oben_unten,innen_aussen,wir_sie,heute_morgen",0,0,0,0,
439799842290683,0,"oben_unten,innen_aussen,wir_sie,heute_morgen",0,0,0,1,
1088887697038444,0,"oben_unten,innen_aussen,wir_sie,heute_morgen",0,0,0,0,
848577560541275,0,"oben_unten,innen_aussen,wir_sie,heute_morgen",0,0,0,1,
1698532310726400,0,"oben_unten,innen_aussen,wir_sie,heute_morgen",0,4,1,0,
1147792293665391,0,"oben_unten,innen_aussen,wir_sie,heute_morgen",0,0,0,0,
28495982493380686,0,"oben_unten,innen_aussen,wir_sie,heute_morgen",2,4,1,3,
635330319149259,0,"oben_unten,innen_aussen,wir_sie,heute_morgen",0,0,0,1,
572467652446837,0,"oben_unten,innen_aussen,wir_sie,heute_morgen",0,1,4,2,
1015003297121861,0,"oben_unten,innen_aussen,wir_sie,heute_morgen",0,1,0,1,
630337479694018,0,"oben_unten,innen_aussen,wir_sie,heute_morgen",0,0,0,1,
559449576948508,0,"oben_unten,innen_aussen,wir_sie,heute_morgen",1,1,0,2,
1286112252479199,0,"oben_unten,innen_aussen,wir_sie,heute_morgen",1,1,1,3,
500631742659992,0,"oben_unten,innen_aussen,wir_sie,heute_morgen",1,3,0,1,
1034558675100354,0,"oben_unten,innen_aussen,wir_sie,heute_morgen",0,0,1,1,
523749446799261,0,"oben_unten,innen_aussen,wir_sie,heute_morgen",0,0,0,1,
493847083756255,0,"oben_unten,innen_aussen,wir_sie,heute_morgen",0,0,2,0,
926265918957212,0,"oben_unten,innen_aussen,wir_sie,heute_morgen",1,0,1,2,
580514524793472,0,"oben_unten,innen_aussen,wir_sie,heute_morgen",1,3,0,1,
556001417036887,0,"oben_unten,innen_aussen,wir_sie,heute_morgen",0,0,0,0,
600519346017928,0,"oben_unten,innen_aussen,wir_sie,heute_morgen",0,3,0,3,
3604878969646070,0,"oben_unten,innen_aussen,wir_sie,heute_morgen",0,0,0,0,
470105112825131,0,"oben_unten,innen_aussen,wir_sie,heute_morgen",0,0,0,0,
636455442657867,0,"oben_unten,innen_aussen,wir_sie,heute_morgen",0,0,0,0,
2765323030527576,0,"oben_unten,innen_aussen,wir_sie,heute_morgen",0,0,0,0,
2074711206282100,0,"oben_unten,innen_aussen,wir_sie,heute_morgen",0,0,0,0,
907456971097058,0,"oben_unten,innen_aussen,wir_sie,heute_morgen",2,3,0,1,
1344250603597746,0,"oben_unten,innen_aussen,wir_sie,heute_morgen",0,0,0,3,
1554937718524511,0,"oben_unten,innen_aussen,wir_sie,heute_morgen",0,0,0,3,
1567832821758447,0,"oben_unten,innen_aussen,wir_sie,heute_morgen",2,3,0,1,
966496398248987,0,"oben_unten,innen_aussen,wir_sie,heute_morgen",0,0,0,2,
585790967696364,0,"oben_unten,innen_aussen,wir_sie,heute_morgen",2,1,0,1,
1122942332951015,0,"oben_unten,innen_aussen,wir_sie,heute_morgen",0,0,0,1,
1366697259849231,0,"oben_unten,innen_aussen,wir_sie,heute_morgen",2,3,0,1,
1301260954269796,0,"oben_unten,innen_aussen,wir_sie,heute_morgen",0,0,0,1,
977103624526802,0,"oben_unten,innen_aussen,wir_sie,heute_morgen",0,1,0,1,
1306747133969324,0,"oben_unten,innen_aussen,wir_sie,heute_morgen",0,0,0,4,
9114470175295400,0,"oben_unten,innen_aussen,wir_sie,heute_morgen",0,0,1,1,
927742912885174,0,"oben_unten,innen_aussen,wir_sie,heute_morgen",3,0,1,3,
2160834874358666,0,"oben_unten,innen_aussen,wir_sie,heute_morgen",0,0,0,0,
593346286786907,0,"oben_unten,innen_aussen,wir_sie,heute_morgen",0,0,0,0,
3993515784210995,0,"oben_unten,innen_aussen,wir_sie,heute_morgen",2,4,1,2,
943907857871848,0,"oben_unten,innen_aussen,wir_sie,heute_morgen",0,0,0,0,
3136565896481430,0,"oben_unten,innen_aussen,wir_sie,heute_morgen",1,0,0,3,
1531086800813857,0,"oben_unten,innen_aussen,wir_sie,heute_morgen",1,0,1,1,
1331623294645119,0,"oben_unten,innen_aussen,wir_sie,heute_morgen",1,3,1,4,
913124190491063,0,"oben_unten,innen_aussen,wir_sie,heute_morgen",1,4,3,1,
3004594616371601,0,"oben_unten,innen_aussen,wir_sie,heute_morgen",1,0,0,0,
795521402768059,0,"oben_unten,innen_aussen,wir_sie,heute_morgen",0,0,0,0,
921312859668441,0,"oben_unten,innen_aussen,wir_sie,heute_morgen",2,0,0,1,
1071064948556517,0,"oben_unten,innen_aussen,wir_sie,heute_morgen",3,0,1,2,
1508444343184352,0,"oben_unten,innen_aussen,wir_sie,heute_morgen",0,0,0,0,
502734436184526,0,"oben_unten,innen_aussen,wir_sie,heute_morgen",0,0,0,0,
1471158217428326,0,"oben_unten,innen_aussen,wir_sie,heute_morgen",1,0,0,2,
1089913502935428,0,"oben_unten,innen_aussen,wir_sie,heute_morgen",0,1,0,1,
1202695668151339,0,"oben_unten,innen_aussen,wir_sie,heute_morgen",2,0,0,1,
2682079961999500,0,"oben_unten,innen_aussen,wir_sie,heute_morgen",0,0,0,1,
1079031603705552,0,"oben_unten,innen_aussen,wir_sie,heute_morgen",0,1,0,1,
1146913779706662,0,"oben_unten,innen_aussen,wir_sie,heute_morgen",0,3,2,1,
1624249384970057,0,"oben_unten,innen_aussen,wir_sie,heute_morgen",1,0,1,1,
1337225151052128,0,"oben_unten,innen_aussen,wir_sie,heute_morgen",0,0,0,2,
1336389973934941,0,"oben_unten,innen_aussen,wir_sie,heute_morgen",0,3,2,0,
1320612532439048,0,"oben_unten,innen_aussen,wir_sie,heute_morgen",0,3,2,0,
933169514882637,0,"oben_unten,innen_aussen,wir_sie,heute_morgen",0,0,0,1,
1811190153024111,0,"oben_unten,innen_aussen,wir_sie,heute_morgen",0,1,0,1,
2923963877759784,0,"oben_unten,innen_aussen,wir_sie,heute_morgen",0,0,0,0,
1177230873821480,0,"oben_unten,innen_aussen,wir_sie,heute_morgen",0,0,0,0,
1120539132928889,0,"oben_unten,innen_aussen,wir_sie,heute_morgen",0,0,0,0,
1662079031048157,0,"oben_unten,innen_aussen,wir_sie,heute_morgen",0,0,0,1,
650063720691925,0,"oben_unten,innen_aussen,wir_sie,heute_morgen",1,0,0,3,
3825926444388376,0,"oben_unten,innen_aussen,wir_sie,heute_morgen",0,0,0,2,
588430350736596,0,"oben_unten,innen_aussen,wir_sie,heute_morgen",0,0,0,0,
461562833682654,0,"oben_unten,innen_aussen,wir_sie,heute_morgen",0,0,0,2,
1030562742238712,0,"oben_unten,innen_aussen,wir_sie,heute_morgen",0,0,0,1,
2000835520743359,0,"oben_unten,innen_aussen,wir_sie,heute_morgen",3,0,2,1,
1793547724831765,0,"oben_unten,innen_aussen,wir_sie,heute_morgen",2,0,1,3,
895486739356537,0,"oben_unten,innen_aussen,wir_sie,heute_morgen",2,0,0,1,
910355361284327,0,"oben_unten,innen_aussen,wir_sie,heute_morgen",0,0,0,0,
1397816257854996,0,"oben_unten,innen_aussen,wir_sie,heute_morgen",0,0,0,2,
1316923419632679,0,"oben_unten,innen_aussen,wir_sie,heute_morgen",0,0,1,3,
3039453786253247,0,"oben_unten,innen_aussen,wir_sie,heute_morgen",2,0,0,1,
2056393591454164,0,"oben_unten,innen_aussen,wir_sie,heute_morgen",3,0,0,2,
960755249346351,0,"oben_unten,innen_aussen,wir_sie,heute_morgen",0,1,0,2,
980969084172996,0,"oben_unten,innen_aussen,wir_sie,heute_morgen",4,2,1,3,
531775192560277,0,"oben_unten,innen_aussen,wir_sie,heute_morgen",0,0,0,0,
2321456831621108,0,"oben_unten,innen_aussen,wir_sie,heute_morgen",2,0,0,0,
1625184371438425,0,"oben_unten,innen_aussen,wir_sie,heute_morgen",0,0,0,2,
522659246897684,0,"oben_unten,innen_aussen,wir_sie,heute_morgen",0,0,1,3,
1563595508234528,0,"oben_unten,innen_aussen,wir_sie,heute_morgen",1,3,0,2,
647908917665258,0,"oben_unten,innen_aussen,wir_sie,heute_morgen",1,2,0,1,
1377623359869143,0,"oben_unten,innen_aussen,wir_sie,heute_morgen",1,0,0,2,
593841340275645,0,"oben_unten,innen_aussen,wir_sie,heute_morgen",1,2,0,2,
1021415510004833,0,"oben_unten,innen_aussen,wir_sie,heute_morgen",2,0,0,2,
1003427188273125,0,"oben_unten,innen_aussen,wir_sie,heute_morgen",3,0,1,2,
583894344436220,0,"oben_unten,innen_aussen,wir_sie,heute_morgen",2,0,1,1,
4073638899535820,0,"oben_unten,innen_aussen,wir_sie,heute_morgen",0,0,0,1,
678986168406470,0,"oben_unten,innen_aussen,wir_sie,heute_morgen",1,0,0,0,
1193700742469465,0,"oben_unten,innen_aussen,wir_sie,heute_morgen",0,0,0,0,
2249656808738437,0,"oben_unten,innen_aussen,wir_sie,heute_morgen",0,0,0,0,
1253869812365780,0,"oben_unten,innen_aussen,wir_sie,heute_morgen",0,0,0,0,
1121038515967836,0,"oben_unten,innen_aussen,wir_sie,heute_morgen",0,0,1,1,
1661654051371115,0,"oben_unten,innen_aussen,wir_sie,heute_morgen",3,0,0,2,
2710861349122612,0,"oben_unten,innen_aussen,wir_sie,heute_morgen",0,0,0,2,
2056688891411056,0,"oben_unten,innen_aussen,wir_sie,heute_morgen",0,0,1,1,
596284639685594,0,"oben_unten,innen_aussen,wir_sie,heute_morgen",1,0,0,2,
3882901041971953,0,"oben_unten,innen_aussen,wir_sie,heute_morgen",0,0,0,0,
1583123719003717,0,"oben_unten,innen_aussen,wir_sie,heute_morgen",2,0,0,2,
3811808719081295,0,"oben_unten,innen_aussen,wir_sie,heute_morgen",0,0,0,0,
1159598182243369,0,"oben_unten,innen_aussen,wir_sie,heute_morgen",0,0,0,0,
1637445170190137,0,"oben_unten,innen_aussen,wir_sie,heute_morgen",0,0,1,2,
1288784515688522,0,"oben_unten,innen_aussen,wir_sie,heute_morgen",0,0,0,2,
1180543637059351,0,"oben_unten,innen_aussen,wir_sie,heute_morgen",0,0,0,0,
2085979901997400,0,"oben_unten,innen_aussen,wir_sie,heute_morgen",0,0,0,0,
598641792956878,0,"oben_unten,innen_aussen,wir_sie,heute_morgen",0,0,0,0,
8998014366930279,0,"oben_unten,innen_aussen,wir_sie,heute_morgen",0,0,0,0,
921735546673834,0,"oben_unten,innen_aussen,wir_sie,heute_morgen",0,0,0,0,
1011221234150056,0,"oben_unten,innen_aussen,wir_sie,heute_morgen",0,0,0,0,
634201975726685,0,"oben_unten,innen_aussen,wir_sie,heute_morgen",0,0,0,1,
639272125223379,0,"oben_unten,innen_aussen,wir_sie,heute_morgen",0,0,0,0,
950076430433239,0,"oben_unten,innen_aussen,wir_sie,heute_morgen",3,2,1,2,
3819350554998398,0,"oben_unten,innen_aussen,wir_sie,heute_morgen",2,1,0,1,
373623262125302,0,"oben_unten,innen_aussen,wir_sie,heute_morgen",0,2,0,3,
1131394548778072,0,"oben_unten,innen_aussen,wir_sie,heute_morgen",0,0,0,1,
1972983089845662,0,"oben_unten,innen_aussen,wir_sie,heute_morgen",0,0,1,2,
1027159272554787,0,"oben_unten,innen_aussen,wir_sie,heute_morgen",0,0,0,0,
608199245243348,0,"oben_unten,innen_aussen,wir_sie,heute_morgen",0,0,1,0,
638106065456918,0,"oben_unten,innen_aussen,wir_sie,heute_morgen",0,0,0,0,
3212967505759929,0,"oben_unten,innen_aussen,wir_sie,heute_morgen",0,0,0,0,
792076536457329,0,"oben_unten,innen_aussen,wir_sie,heute_morgen",0,0,1,3,
1156309745855877,0,"oben_unten,innen_aussen,wir_sie,heute_morgen",0,0,0,1,
1572138990115190,0,"oben_unten,innen_aussen,wir_sie,heute_morgen",0,0,0,1,
1276159887019929,0,"oben_unten,innen_aussen,wir_sie,heute_morgen",0,0,0,0,
420783060510948,0,"oben_unten,innen_aussen,wir_sie,heute_morgen",0,0,0,1,
1155427983254169,0,"oben_unten,innen_aussen,wir_sie,heute_morgen",0,0,0,1,
981815310489449,0,"oben_unten,innen_aussen,wir_sie,heute_morgen",2,0,1,4,
1325815468775191,0,"oben_unten,innen_aussen,wir_sie,heute_morgen",1,0,0,0,
308797011822434,0,"oben_unten,innen_aussen,wir_sie,heute_morgen",0,0,0,1,
1269919827566728,0,"oben_unten,innen_aussen,wir_sie,heute_morgen",0,0,0,1,
1080701111384998,0,"oben_unten,innen_aussen,wir_sie,heute_morgen",4,0,1,3,
1458114861572065,0,"oben_unten,innen_aussen,wir_sie,heute_morgen",0,0,0,0,
911115437538670,0,"oben_unten,innen_aussen,wir_sie,heute_morgen",0,0,0,0,
1369609461074215,0,"oben_unten,innen_aussen,wir_sie,heute_morgen",0,0,0,0,
1788609165323975,0,"oben_unten,innen_aussen,wir_sie,heute_morgen",0,0,0,0,
636988435570479,0,"oben_unten,innen_aussen,wir_sie,heute_morgen",0,0,0,3,
966908741558783,0,"oben_unten,innen_aussen,wir_sie,heute_morgen",0,0,0,0,
604564485611975,0,"oben_unten,innen_aussen,wir_sie,heute_morgen",0,0,0,1,
1686835658879717,0,"oben_unten,innen_aussen,wir_sie,heute_morgen",0,0,0,0,
1152751159719143,0,"oben_unten,innen_aussen,wir_sie,heute_morgen",0,0,0,0,
1302104844314553,0,"oben_unten,innen_aussen,wir_sie,heute_morgen",0,0,0,1,
610035641759187,0,"oben_unten,innen_aussen,wir_sie,heute_morgen",0,0,0,1,
1176132740916055,0,"oben_unten,innen_aussen,wir_sie,heute_morgen",0,0,1,2,
1338233697601165,0,"oben_unten,innen_aussen,wir_sie,heute_morgen",0,0,0,2,
649773674287490,0,"oben_unten,innen_aussen,wir_sie,heute_morgen",0,0,0,0,
580586541517393,0,"oben_unten,innen_aussen,wir_sie,heute_morgen",0,0,2,0,
989576407220517,0,"oben_unten,innen_aussen,wir_sie,heute_morgen",3,0,1,1,
2809177186136059,0,"oben_unten,innen_aussen,wir_sie,heute_morgen",3,3,2,3,
973067947492438,0,"oben_unten,innen_aussen,wir_sie,heute_morgen",1,2,2,1,
508854305103985,0,"oben_unten,innen_aussen,wir_sie,heute_morgen",0,0,0,1,
515428014372248,0,"oben_unten,innen_aussen,wir_sie,heute_morgen",0,0,0,1,
1459598781663139,0,"oben_unten,innen_aussen,wir_sie,heute_morgen",0,0,0,0,
3840336412779103,0,"oben_unten,innen_aussen,wir_sie,heute_morgen",0,0,0,0,
627826272994347,0,"oben_unten,innen_aussen,wir_sie,heute_morgen",0,0,0,0,
1170362181147089,0,"oben_unten,innen_aussen,wir_sie,heute_morgen",0,0,0,1,
1349633810442301,0,"oben_unten,innen_aussen,wir_sie,heute_morgen",3,3,0,1,
979734454091306,0,"oben_unten,innen_aussen,wir_sie,heute_morgen",3,3,1,3,
3983214538564684,0,"oben_unten,innen_aussen,wir_sie,heute_morgen",0,0,0,0,
1830386607763377,0,"oben_unten,innen_aussen,wir_sie,heute_morgen",0,0,2,0,
713701735055400,0,"oben_unten,innen_aussen,wir_sie,heute_morgen",4,3,2,2,
234846022951111,0,"oben_unten,innen_aussen,wir_sie,heute_morgen",1,0,0,3,
648573787504214,0,"oben_unten,innen_aussen,wir_sie,heute_morgen",0,0,0,1,
2482323105309504,0,"oben_unten,innen_aussen,wir_sie,heute_morgen",0,0,0,0,
1618176625402587,0,"oben_unten,innen_aussen,wir_sie,heute_morgen",0,0,0,1,
2599019460296232,0,"oben_unten,innen_aussen,wir_sie,heute_morgen",0,0,0,0,
1657572705137624,0,"oben_unten,innen_aussen,wir_sie,heute_morgen",0,0,0,0,
2659695784221579,0,"oben_unten,innen_aussen,wir_sie,heute_morgen",0,0,0,3,
963178625345985,0,"oben_unten,innen_aussen,wir_sie,heute_morgen",0,0,0,0,
1804517287012054,0,"oben_unten,innen_aussen,wir_sie,heute_morgen",0,0,0,0,
8614024685333945,0,"oben_unten,innen_aussen,wir_sie,heute_morgen",0,0,0,1,
649071314143442,0,"oben_unten,innen_aussen,wir_sie,heute_morgen",0,0,0,0,
515012864435475,0,"oben_unten,innen_aussen,wir_sie,heute_morgen",0,0,0,0,
601794732713265,0,"oben_unten,innen_aussen,wir_sie,heute_morgen",0,0,0,2,
1537633216947607,0,"oben_unten,innen_aussen,wir_sie,heute_morgen",0,4,0,1,
1099564728324798,0,"oben_unten,innen_aussen,wir_sie,heute_morgen",0,0,0,1,
1690786604837553,0,"oben_unten,innen_aussen,wir_sie,heute_morgen",0,0,0,0,
827011356444623,0,"oben_unten,innen_aussen,wir_sie,heute_morgen",0,1,0,1,
3786842038295365,0,"oben_unten,innen_aussen,wir_sie,heute_morgen",0,0,0,2,
1589765102578948,0,"oben_unten,innen_aussen,wir_sie,heute_morgen",0,0,0,0,
848044647406173,0,"oben_unten,innen_aussen,wir_sie,heute_morgen",0,0,0,0,
887849623459266,0,"oben_unten,innen_aussen,wir_sie,heute_morgen",0,0,0,0,
9372357202803762,0,"oben_unten,innen_aussen,wir_sie,heute_morgen",0,0,0,1,
930274725753867,0,"oben_unten,innen_aussen,wir_sie,heute_morgen",0,0,0,0,
1255421505556078,0,"oben_unten,innen_aussen,wir_sie,heute_morgen",0,0,0,1,
441760408971725,0,"oben_unten,innen_aussen,wir_sie,heute_morgen",1,0,0,2,
568436806349176,0,"oben_unten,innen_aussen,wir_sie,heute_morgen",0,0,0,0,
4328256674115299,0,"oben_unten,innen_aussen,wir_sie,heute_morgen",0,2,1,1,
1312601259770344,0,"oben_unten,innen_aussen,wir_sie,heute_morgen",0,0,2,0,
1489004362418527,0,"oben_unten,innen_aussen,wir_sie,heute_morgen",0,0,0,1,
1282925939636044,0,"oben_unten,innen_aussen,wir_sie,heute_morgen",0,0,0,3,
319671464422036,0,"oben_unten,innen_aussen,wir_sie,heute_morgen",0,2,0,1,
872712688278220,0,"oben_unten,innen_aussen,wir_sie,heute_morgen",0,0,0,0,
1811876849564837,0,"oben_unten,innen_aussen,wir_sie,heute_morgen",0,0,0,0,
587894070754705,0,"oben_unten,innen_aussen,wir_sie,heute_morgen",0,0,0,0,
1008577097779450,0,"oben_unten,innen_aussen,wir_sie,heute_morgen",0,0,1,0,
3794586830792819,0,"oben_unten,innen_aussen,wir_sie,heute_morgen",0,0,0,0,
1333389804337138,0,"oben_unten,innen_aussen,wir_sie,heute_morgen",0,0,0,0,
9034576859961743,0,"oben_unten,innen_aussen,wir_sie,heute_morgen",0,0,0,1,
873749384924899,0,"oben_unten,innen_aussen,wir_sie,heute_morgen",0,0,0,1,
472872475689313,0,"oben_unten,innen_aussen,wir_sie,heute_morgen",0,0,0,0,
2404747120020510,0,"oben_unten,innen_aussen,wir_sie,heute_morgen",0,0,0,1,
583279610747547,0,"oben_unten,innen_aussen,wir_sie,heute_morgen",0,0,0,1,
1048191190966093,0,"oben_unten,innen_aussen,wir_sie,heute_morgen",1,0,0,0,
2346156305724631,0,"oben_unten,innen_aussen,wir_sie,heute_morgen",2,0,0,1,
960620502234230,0,"oben_unten,innen_aussen,wir_sie,heute_morgen",0,0,0,0,
619250287471351,0,"oben_unten,innen_aussen,wir_sie,heute_morgen",0,0,0,1,
587016040924199,0,"oben_unten,innen_aussen,wir_sie,heute_morgen",0,0,1,0,
650709654185903,0,"oben_unten,innen_aussen,wir_sie,heute_morgen",0,0,1,0,
588307070655235,0,"oben_unten,innen_aussen,wir_sie,heute_morgen",0,0,1,2,
491053080368254,0,"oben_unten,innen_aussen,wir_sie,heute_morgen",0,0,0,0,
1178839413835228,0,"oben_unten,innen_aussen,wir_sie,heute_morgen",0,0,0,0,
634284012311135,0,"oben_unten,innen_aussen,wir_sie,heute_morgen",0,0,0,0,
543192402024682,0,"oben_unten,innen_aussen,wir_sie,heute_morgen",0,1,0,2,
1095124068395408,0,"oben_unten,innen_aussen,wir_sie,heute_morgen",0,0,0,0,
1157715429103889,0,"oben_unten,innen_aussen,wir_sie,heute_morgen",0,0,0,1,
1314877529935664,0,"oben_unten,innen_aussen,wir_sie,heute_morgen",0,0,0,1,
612294494873041,0,"oben_unten,innen_aussen,wir_sie,heute_morgen",0,0,0,0,
1379558054135765,0,"oben_unten,innen_aussen,wir_sie,heute_morgen",0,0,0,1,
2593414120868307,0,"oben_unten,innen_aussen,wir_sie,heute_morgen",0,0,0,1,
1250034079423973,0,"oben_unten,innen_aussen,wir_sie,heute_morgen",0,0,0,1,
626448026518453,0,"oben_unten,innen_aussen,wir_sie,heute_morgen",0,0,1,1,
1278092636561882,0,"oben_unten,innen_aussen,wir_sie,heute_morgen",0,0,0,2,
1768225923974380,0,"oben_unten,innen_aussen,wir_sie,heute_morgen",0,0,0,0,
1351456367078030,0,"oben_unten,innen_aussen,wir_sie,heute_morgen",2,0,0,2,
1475772606730267,0,"oben_unten,innen_aussen,wir_sie,heute_morgen",0,0,1,1,
1142801667468407,0,"oben_unten,innen_aussen,wir_sie,heute_morgen",0,0,1,1,
1173981434312320,0,"oben_unten,innen_aussen,wir_sie,heute_morgen",0,0,0,1,
486922841174341,0,"oben_unten,innen_aussen,wir_sie,heute_morgen",0,0,0,1,
1167195348300551,0,"oben_unten,innen_aussen,wir_sie,heute_morgen",0,0,0,0,
633591589133702,0,"oben_unten,innen_aussen,wir_sie,heute_morgen",0,0,0,0,
1134658984835680,0,"oben_unten,innen_aussen,wir_sie,heute_morgen",0,0,0,0,
597600013148168,0,"oben_unten,innen_aussen,wir_sie,heute_morgen",0,0,0,0,
1234606641108792,0,"oben_unten,innen_aussen,wir_sie,heute_morgen",0,4,0,1,
1278158756731694,0,"oben_unten,innen_aussen,wir_sie,heute_morgen",0,0,0,0,
627259380001656,0,"oben_unten,innen_aussen,wir_sie,heute_morgen",0,0,0,1,
1358568702205411,0,"oben_unten,innen_aussen,wir_sie,heute_morgen",0,3,0,2,
1171394640900277,0,"oben_unten,innen_aussen,wir_sie,heute_morgen",0,0,0,1,
1764237197749497,0,"oben_unten,innen_aussen,wir_sie,heute_morgen",0,0,0,1,
607118135383684,0,"oben_unten,innen_aussen,wir_sie,heute_morgen",3,0,1,1,
1388314180110124,0,"oben_unten,innen_aussen,wir_sie,heute_morgen",0,1,4,1,
1619400069893031,0,"oben_unten,innen_aussen,wir_sie,heute_morgen",0,1,4,1,
779394308199571,0,"oben_unten,innen_aussen,wir_sie,heute_morgen",0,0,0,0,
1862540818014985,0,"oben_unten,innen_aussen,wir_sie,heute_morgen",0,0,4,0,
2030191094059735,0,"oben_unten,innen_aussen,wir_sie,heute_morgen",0,0,0,0,
1364979504153355,0,"oben_unten,innen_aussen,wir_sie,heute_morgen",2,3,1,2,
2832208260290624,0,"oben_unten,innen_aussen,wir_sie,heute_morgen",0,0,0,1,
2034149970435726,0,"oben_unten,innen_aussen,wir_sie,heute_morgen",2,1,0,2,
638767411940431,0,"oben_unten,innen_aussen,wir_sie,heute_morgen",2,0,0,1,
1827345484705494,0,"oben_unten,innen_aussen,wir_sie,heute_morgen",0,0,0,0,
482476961625312,0,"oben_unten,innen_aussen,wir_sie,heute_morgen",0,0,0,0,
1333611418353280,0,"oben_unten,innen_aussen,wir_sie,heute_morgen",0,3,0,1,
509620071693044,0,"oben_unten,innen_aussen,wir_sie,heute_morgen",0,0,0,1,
902296555405277,0,"oben_unten,innen_aussen,wir_sie,heute_morgen",0,0,1,1,
2134388706978446,0,"oben_unten,innen_aussen,wir_sie,heute_morgen",0,0,0,1,
538809485868846,0,"oben_unten,innen_aussen,wir_sie,heute_morgen",0,0,0,0,
631031306047748,0,"oben_unten,innen_aussen,wir_sie,heute_morgen",1,3,3,0,
1088767682969099,0,"oben_unten,innen_aussen,wir_sie,heute_morgen",0,0,0,1,
1174008237581136,0,"oben_unten,innen_aussen,wir_sie,heute_morgen",0,0,0,2,
937873575142253,0,"oben_unten,innen_aussen,wir_sie,heute_morgen",0,0,0,0,
1534868720510659,0,"oben_unten,innen_aussen,wir_sie,heute_morgen",3,4,2,1,
1768774513901957,0,"oben_unten,innen_aussen,wir_sie,heute_morgen",2,2,1,2,
641771385180692,0,"oben_unten,innen_aussen,wir_sie,heute_morgen",1,0,0,3,
1205046794207462,0,"oben_unten,innen_aussen,wir_sie,heute_morgen",0,0,0,1,
528769256227780,0,"oben_unten,innen_aussen,wir_sie,heute_morgen",3,0,1,3,
595262939806991,0,"oben_unten,innen_aussen,wir_sie,heute_morgen",2,0,0,2,
1154291039604762,0,"oben_unten,innen_aussen,wir_sie,heute_morgen",2,0,1,3,
953075444450954,0,"oben_unten,innen_aussen,wir_sie,heute_morgen",0,0,0,0,
1139317830698531,0,"oben_unten,innen_aussen,wir_sie,heute_morgen",0,0,1,1,
967151299724765,0,"oben_unten,innen_aussen,wir_sie,heute_morgen",1,0,0,0,
1163539028797960,0,"oben_unten,innen_aussen,wir_sie,heute_morgen",0,0,0,0,
1318590362516948,0,"oben_unten,innen_aussen,wir_sie,heute_morgen",3,0,1,1,
1488626249207524,0,"oben_unten,innen_aussen,wir_sie,heute_morgen",3,0,1,2,
966678818265906,0,"oben_unten,innen_aussen,wir_sie,heute_morgen",0,0,0,2,
377372451736057,0,"oben_unten,innen_aussen,wir_sie,heute_morgen",0,0,1,2,
969238675161752,0,"oben_unten,innen_aussen,wir_sie,heute_morgen",3,1,1,3,
1786135846170536,0,"oben_unten,innen_aussen,wir_sie,heute_morgen",0,0,0,0,
547322564995907,0,"oben_unten,innen_aussen,wir_sie,heute_morgen",0,0,0,0,
1561307458046039,0,"oben_unten,innen_aussen,wir_sie,heute_morgen",0,1,4,0,
1006673771315119,0,"oben_unten,innen_aussen,wir_sie,heute_morgen",0,0,1,1,
977113280978029,0,"oben_unten,innen_aussen,wir_sie,heute_morgen",0,0,0,0,
1127544192364716,0,"oben_unten,innen_aussen,wir_sie,heute_morgen",2,0,0,2,
1041442765461611,0,"oben_unten,innen_aussen,wir_sie,heute_morgen",0,0,0,0,
1672512949971288,0,"oben_unten,innen_aussen,wir_sie,heute_morgen",0,0,1,0,
1701003677148504,0,"oben_unten,innen_aussen,wir_sie,heute_morgen",0,0,0,1,
2132085920561958,0,"oben_unten,innen_aussen,wir_sie,heute_morgen",0,0,0,1,
360638860220672,0,"oben_unten,innen_aussen,wir_sie,heute_morgen",1,0,1,2,
638393535518251,0,"oben_unten,innen_aussen,wir_sie,heute_morgen",0,0,0,0,
1784357605676220,0,"oben_unten,innen_aussen,wir_sie,heute_morgen",3,1,0,2,
1328340989113073,0,"oben_unten,innen_aussen,wir_sie,heute_morgen",0,2,4,0,
834189592267599,0,"oben_unten,innen_aussen,wir_sie,heute_morgen",0,1,4,0,
1046270141615665,0,"oben_unten,innen_aussen,wir_sie,heute_morgen",0,2,3,0,
1846546673382304,0,"oben_unten,innen_aussen,wir_sie,heute_morgen",0,0,0,0,
1122711315756371,0,"oben_unten,innen_aussen,wir_sie,heute_morgen",0,0,0,0,
964830635615021,0,"oben_unten,innen_aussen,wir_sie,heute_morgen",0,0,0,2,
1683730972178979,0,"oben_unten,innen_aussen,wir_sie,heute_morgen",1,0,0,2,
899842852024543,0,"oben_unten,innen_aussen,wir_sie,heute_morgen",0,0,0,1,
1376247050643634,0,"oben_unten,innen_aussen,wir_sie,heute_morgen",2,3,1,2,
1102472721559726,0,"oben_unten,innen_aussen,wir_sie,heute_morgen",3,0,0,2,
1180654983670108,0,"oben_unten,innen_aussen,wir_sie,heute_morgen",0,0,0,3,
1089607840420451,0,"oben_unten,innen_aussen,wir_sie,heute_morgen",2,4,4,2,
1063731958020167,0,"oben_unten,innen_aussen,wir_sie,heute_morgen",0,0,0,1,
609372981674379,0,"oben_unten,innen_aussen,wir_sie,heute_morgen",2,0,1,2,
931441249173860,0,"oben_unten,innen_aussen,wir_sie,heute_morgen",2,0,1,2,
946853370418614,0,"oben_unten,innen_aussen,wir_sie,heute_morgen",4,0,0,1,
1298223494659498,0,"oben_unten,innen_aussen,wir_sie,heute_morgen",1,0,0,2,
1440889143167119,0,"oben_unten,innen_aussen,wir_sie,heute_morgen",0,0,0,1,
1338104730439348,0,"oben_unten,innen_aussen,wir_sie,heute_morgen",0,0,0,0,
1139906064511067,0,"oben_unten,innen_aussen,wir_sie,heute_morgen",0,0,0,0,
642658688419706,0,"oben_unten,innen_aussen,wir_sie,heute_morgen",0,3,0,1,
8980212418694167,0,"oben_unten,innen_aussen,wir_sie,heute_morgen",0,2,1,2,
636471479048324,0,"oben_unten,innen_aussen,wir_sie,heute_morgen",1,0,0,0,
1327727771567436,0,"oben_unten,innen_aussen,wir_sie,heute_morgen",0,0,0,0,
8999727590122819,0,"oben_unten,innen_aussen,wir_sie,heute_morgen",1,0,0,0,
514561028313539,0,"oben_unten,innen_aussen,wir_sie,heute_morgen",0,0,0,1,
1364196918087501,0,"oben_unten,innen_aussen,wir_sie,heute_morgen",0,0,0,0,
1117612006757774,0,"oben_unten,innen_aussen,wir_sie,heute_morgen",1,3,0,1,
519970497777687,0,"oben_unten,innen_aussen,wir_sie,heute_morgen",0,0,0,1,
617898510784396,0,"oben_unten,innen_aussen,wir_sie,heute_morgen",0,0,0,2,
1107201494484147,0,"oben_unten,innen_aussen,wir_sie,heute_morgen",2,3,1,2,
972853951447234,0,"oben_unten,innen_aussen,wir_sie,heute_morgen",4,0,0,1,
1778257966326597,0,"oben_unten,innen_aussen,wir_sie,heute_morgen",0,0,0,0,
1194400998915350,0,"oben_unten,innen_aussen,wir_sie,heute_morgen",1,2,2,2,
1047908584804946,0,"oben_unten,innen_aussen,wir_sie,heute_morgen",2,0,0,1,
1337553547244080,0,"oben_unten,innen_aussen,wir_sie,heute_morgen",1,3,0,1,
1156373232538467,0,"oben_unten,innen_aussen,wir_sie,heute_morgen",0,1,0,2,
972125354352940,0,"oben_unten,innen_aussen,wir_sie,heute_morgen",0,4,0,1,
1660936424553089,0,"oben_unten,innen_aussen,wir_sie,heute_morgen",0,0,1,0,
588501617140585,0,"oben_unten,innen_aussen,wir_sie,heute_morgen",0,0,0,0,
324405636756110,0,"oben_unten,innen_aussen,wir_sie,heute_morgen",0,0,0,2,
1614416165843361,0,"oben_unten,innen_aussen,wir_sie,heute_morgen",0,0,0,0,
1147462610100705,0,"oben_unten,innen_aussen,wir_sie,heute_morgen",0,4,0,1,
1550227353554798,0,"oben_unten,innen_aussen,wir_sie,heute_morgen",0,0,0,0,
1348815346136747,0,"oben_unten,innen_aussen,wir_sie,heute_morgen",3,1,1,2,
429298543507772,0,"oben_unten,innen_aussen,wir_sie,heute_morgen",0,1,0,0,
3560512714251617,0,"oben_unten,innen_aussen,wir_sie,heute_morgen",0,1,0,0,
1792608598182053,0,"oben_unten,innen_aussen,wir_sie,heute_morgen",2,0,1,1,
1429207559229153,0,"oben_unten,innen_aussen,wir_sie,heute_morgen",0,0,0,0,
1826700731463016,0,"oben_unten,innen_aussen,wir_sie,heute_morgen",1,4,0,1,
9055276384566724,0,"oben_unten,innen_aussen,wir_sie,heute_morgen",0,0,0,1,
943324881109202,0,"oben_unten,innen_aussen,wir_sie,heute_morgen",0,0,0,2,
2128137537782145,0,"oben_unten,innen_aussen,wir_sie,heute_morgen",0,0,0,0,
578722018322544,0,"oben_unten,innen_aussen,wir_sie,heute_morgen",0,1,0,2,
2304954416537904,0,"oben_unten,innen_aussen,wir_sie,heute_morgen",0,0,0,0,
583280654580589,0,"oben_unten,innen_aussen,wir_sie,heute_morgen",1,3,1,2,
1773766440112833,0,"oben_unten,innen_aussen,wir_sie,heute_morgen",0,0,0,0,
1177285400488393,0,"oben_unten,innen_aussen,wir_sie,heute_morgen",0,2,0,2,
1049599059461670,0,"oben_unten,innen_aussen,wir_sie,heute_morgen",0,1,0,1,
1346706953001226,0,"oben_unten,innen_aussen,wir_sie,heute_morgen",0,0,0,1,
1569633527086492,0,"oben_unten,innen_aussen,wir_sie,heute_morgen",0,1,0,3,
1835202930217095,0,"oben_unten,innen_aussen,wir_sie,heute_morgen",0,0,0,2,
1695119571431099,0,"oben_unten,innen_aussen,wir_sie,heute_morgen",0,0,1,1,
1633530743940987,0,"oben_unten,innen_aussen,wir_sie,heute_morgen",0,0,0,0,
1714997212765680,0,"oben_unten,innen_aussen,wir_sie,heute_morgen",0,0,0,1,
1071360968077004,0,"oben_unten,innen_aussen,wir_sie,heute_morgen",1,0,0,2,
835672528671875,0,"oben_unten,innen_aussen,wir_sie,heute_morgen",0,0,1,2,
1452339849082969,0,"oben_unten,innen_aussen,wir_sie,heute_morgen",1,1,1,3,
1277293756813316,0,"oben_unten,innen_aussen,wir_sie,heute_morgen",0,0,0,1,
4604518506463144,0,"oben_unten,innen_aussen,wir_sie,heute_morgen",0,0,0,1,
9047592588695695,0,"oben_unten,innen_aussen,wir_sie,heute_morgen",0,1,0,2,
3028726763934623,0,"oben_unten,innen_aussen,wir_sie,heute_morgen",0,1,0,2,
1542251537654170,0,"oben_unten,innen_aussen,wir_sie,heute_morgen",0,0,0,1,
581574761078245,0,"oben_unten,innen_aussen,wir_sie,heute_morgen",0,3,2,0,
1684709418759066,0,"oben_unten,innen_aussen,wir_sie,heute_morgen",0,0,1,1,
440445438408485,0,"oben_unten,innen_aussen,wir_sie,heute_morgen",1,1,0,2,
1950578465724423,0,"oben_unten,innen_aussen,wir_sie,heute_morgen",0,0,0,0,
3904385256471573,0,"oben_unten,innen_aussen,wir_sie,heute_morgen",0,0,0,3,
960730376245805,0,"oben_unten,innen_aussen,wir_sie,heute_morgen",0,0,0,2,
1689292658287545,0,"oben_unten,innen_aussen,wir_sie,heute_morgen",0,1,1,2,
639203795235518,0,"oben_unten,innen_aussen,wir_sie,heute_morgen",1,0,1,2,
1774082976551603,0,"oben_unten,innen_aussen,wir_sie,heute_morgen",0,0,0,0,
1285847159361405,0,"oben_unten,innen_aussen,wir_sie,heute_morgen",0,0,0,1,
657843513575167,0,"oben_unten,innen_aussen,wir_sie,heute_morgen",0,0,0,2,
2304285563278812,0,"oben_unten,innen_aussen,wir_sie,heute_morgen",0,0,0,1,
1553562122672888,0,"oben_unten,innen_aussen,wir_sie,heute_morgen",0,0,0,0,
1015009384469536,0,"oben_unten,innen_aussen,wir_sie,heute_morgen",0,0,0,1,
1158843005768713,0,"oben_unten,innen_aussen,wir_sie,heute_morgen",0,0,0,1,
1531948338573874,0,"oben_unten,innen_aussen,wir_sie,heute_morgen",0,0,0,2,
589273970237907,0,"oben_unten,innen_aussen,wir_sie,heute_morgen",0,0,0,1,
623467490275834,0,"oben_unten,innen_aussen,wir_sie,heute_morgen",0,0,1,2,
1654458612114372,0,"oben_unten,innen_aussen,wir_sie,heute_morgen",0,0,0,0,
2635098460212371,0,"oben_unten,innen_aussen,wir_sie,heute_morgen",0,0,0,0,
3614159745415395,0,"oben_unten,innen_aussen,wir_sie,heute_morgen",0,0,2,0,
9431769756881897,0,"oben_unten,innen_aussen,wir_sie,heute_morgen",2,0,0,2,
638887898617914,0,"oben_unten,innen_aussen,wir_sie,heute_morgen",2,0,1,3,
9225995097462903,0,"oben_unten,innen_aussen,wir_sie,heute_morgen",0,0,1,2,
541965772229257,0,"oben_unten,innen_aussen,wir_sie,heute_morgen",0,1,0,2,
599657749076443,0,"oben_unten,innen_aussen,wir_sie,heute_morgen",2,0,0,2,
9440161989327864,0,"oben_unten,innen_aussen,wir_sie,heute_morgen",0,0,0,2,
2954051171437313,0,"oben_unten,innen_aussen,wir_sie,heute_morgen",0,0,0,2,
1185086863187471,0,"oben_unten,innen_aussen,wir_sie,heute_morgen",0,0,0,1,
1085303306423209,0,"oben_unten,innen_aussen,wir_sie,heute_morgen",0,0,0,0,
1344317236535460,0,"oben_unten,innen_aussen,wir_sie,heute_morgen",0,0,0,0,
1348078893322258,0,"oben_unten,innen_aussen,wir_sie,heute_morgen",0,0,0,2,
589969870175019,0,"oben_unten,innen_aussen,wir_sie,heute_morgen",0,0,0,0,
744844781850388,0,"oben_unten,innen_aussen,wir_sie,heute_morgen",0,0,0,0,
961777525490170,0,"oben_unten,innen_aussen,wir_sie,heute_morgen",0,0,0,1,
412533791810064,0,"oben_unten,innen_aussen,wir_sie,heute_morgen",0,0,0,1,
1734664617109929,0,"oben_unten,innen_aussen,wir_sie,heute_morgen",1,0,0,0,
598297086160296,0,"oben_unten,innen_aussen,wir_sie,heute_morgen",0,0,0,3,
633576299127693,0,"oben_unten,innen_aussen,wir_sie,heute_morgen",0,0,0,1,
1605870410022640,0,"oben_unten,innen_aussen,wir_sie,heute_morgen",0,0,0,2,
958594556230217,0,"oben_unten,innen_aussen,wir_sie,heute_morgen",1,0,1,2,
487435384098559,0,"oben_unten,innen_aussen,wir_sie,heute_morgen",0,0,0,2,
487923347692185,0,"oben_unten,innen_aussen,wir_sie,heute_morgen",0,0,1,2,
2050935692016529,0,"oben_unten,innen_aussen,wir_sie,heute_morgen",0,0,0,0,
1695660104667139,0,"oben_unten,innen_aussen,wir_sie,heute_morgen",0,0,0,1,
4490385941201516,0,"oben_unten,innen_aussen,wir_sie,heute_morgen",1,0,0,2,
492621239825612,0,"oben_unten,innen_aussen,wir_sie,heute_morgen",0,0,0,0,
1125977088830540,0,"oben_unten,innen_aussen,wir_sie,heute_morgen",0,0,0,2,
470982672740693,0,"oben_unten,innen_aussen,wir_sie,heute_morgen",0,0,0,1,
443298942080599,0,"oben_unten,innen_aussen,wir_sie,heute_morgen",0,0,0,0,
611327534825635,0,"oben_unten,innen_aussen,wir_sie,heute_morgen",0,0,0,1,
332487823293384,0,"oben_unten,innen_aussen,wir_sie,heute_morgen",0,0,0,0,
1360628579342256,0,"oben_unten,innen_aussen,wir_sie,heute_morgen",0,0,0,0,
9415499608489876,0,"oben_unten,innen_aussen,wir_sie,heute_morgen",0,0,0,2,
3820333001517545,0,"oben_unten,innen_aussen,wir_sie,heute_morgen",0,0,0,2,
507655709015162,0,"oben_unten,innen_aussen,wir_sie,heute_morgen",3,0,1,2,
1697579491099236,0,"oben_unten,innen_aussen,wir_sie,heute_morgen",0,0,0,0,
1604594971177288,0,"oben_unten,innen_aussen,wir_sie,heute_morgen",0,0,0,1,
544243831979485,0,"oben_unten,innen_aussen,wir_sie,heute_morgen",0,0,0,3,
631282885962930,0,"oben_unten,innen_aussen,wir_sie,heute_morgen",0,0,0,1,
1285692739491971,0,"oben_unten,innen_aussen,wir_sie,heute_morgen",0,0,2,1,
2064271974037979,0,"oben_unten,innen_aussen,wir_sie,heute_morgen",3,0,2,3,
1744153463406976,0,"oben_unten,innen_aussen,wir_sie,heute_morgen",0,0,0,1,
1995349734508904,0,"oben_unten,innen_aussen,wir_sie,heute_morgen",0,0,1,2,
3958487837756238,0,"oben_unten,innen_aussen,wir_sie,heute_morgen",0,0,0,1,
559900530333997,0,"oben_unten,innen_aussen,wir_sie,heute_morgen",0,0,0,1,
626026429844992,0,"oben_unten,innen_aussen,wir_sie,heute_morgen",0,0,0,1,
642785391491531,0,"oben_unten,innen_aussen,wir_sie,heute_morgen",0,0,0,1,
2591816914608287,0,"oben_unten,innen_aussen,wir_sie,heute_morgen",0,0,0,1,
1147102063465248,0,"oben_unten,innen_aussen,wir_sie,heute_morgen",4,1,1,2,
1699466780637799,0,"oben_unten,innen_aussen,wir_sie,heute_morgen",0,0,0,1,
1492114288319843,0,"oben_unten,innen_aussen,wir_sie,heute_morgen",2,0,1,3,
1060304152532214,0,"oben_unten,innen_aussen,wir_sie,heute_morgen",1,1,0,2,
621128233932418,0,"oben_unten,innen_aussen,wir_sie,heute_morgen",0,0,0,3,
9387199191334141,0,"oben_unten,innen_aussen,wir_sie,heute_morgen",1,4,0,2,
795067709946741,0,"oben_unten,innen_aussen,wir_sie,heute_morgen",0,0,0,1,
869062385202726,0,"oben_unten,innen_aussen,wir_sie,heute_morgen",0,0,0,1,
1794467628072580,0,"oben_unten,innen_aussen,wir_sie,heute_morgen",0,0,0,0,
1649322932607944,0,"oben_unten,innen_aussen,wir_sie,heute_morgen",1,0,0,2,
963081928677045,0,"oben_unten,innen_aussen,wir_sie,heute_morgen",0,0,0,2,
24679996915001602,0,"oben_unten,innen_aussen,wir_sie,heute_morgen",3,2,1,3,
1358382415536664,0,"oben_unten,innen_aussen,wir_sie,heute_morgen",0,0,0,0,
1088863178921274,0,"oben_unten,innen_aussen,wir_sie,heute_morgen",0,0,0,1,
9060383254008888,0,"oben_unten,innen_aussen,wir_sie,heute_morgen",0,0,0,3,
2922718441220229,0,"oben_unten,innen_aussen,wir_sie,heute_morgen",0,0,0,2,
1510909723690629,0,"oben_unten,innen_aussen,wir_sie,heute_morgen",2,0,1,2,
27444131088539193,0,"oben_unten,innen_aussen,wir_sie,heute_morgen",0,0,0,1,
1095186859287302,0,"oben_unten,innen_aussen,wir_sie,heute_morgen",1,0,0,1,
1514306183216402,0,"oben_unten,innen_aussen,wir_sie,heute_morgen",0,0,0,0,
619046604231016,0,"oben_unten,innen_aussen,wir_sie,heute_morgen",0,0,0,0,
378473108223970,0,"oben_unten,innen_aussen,wir_sie,heute_morgen",0,0,0,1,
2292817127915719,0,"oben_unten,innen_aussen,wir_sie,heute_morgen",2,0,1,0,
1191596866322133,0,"oben_unten,innen_aussen,wir_sie,heute_morgen",0,0,0,1,
1034848342244274,0,"oben_unten,innen_aussen,wir_sie,heute_morgen",0,0,0,0,
547775451754739,0,"oben_unten,innen_aussen,wir_sie,heute_morgen",0,0,1,0,
590334327230197,0,"oben_unten,innen_aussen,wir_sie,heute_morgen",0,0,0,0,
2355801208122838,0,"oben_unten,innen_aussen,wir_sie,heute_morgen",2,0,2,1,
1273792983903431,0,"oben_unten,innen_aussen,wir_sie,heute_morgen",0,0,0,1,
1132363898565259,0,"oben_unten,innen_aussen,wir_sie,heute_morgen",2,0,1,1,
876288457784696,0,"oben_unten,innen_aussen,wir_sie,heute_morgen",0,0,0,0,
581804394672282,0,"oben_unten,innen_aussen,wir_sie,heute_morgen",0,0,0,1,
963920699000115,0,"oben_unten,innen_aussen,wir_sie,heute_morgen",0,0,0,0,
1779694382880837,0,"oben_unten,innen_aussen,wir_sie,heute_morgen",0,0,0,1,
1731385300740703,0,"oben_unten,innen_aussen,wir_sie,heute_morgen",0,0,0,2,
2110124216092451,0,"oben_unten,innen_aussen,wir_sie,heute_morgen",0,0,0,0,
1317829186081154,0,"oben_unten,innen_aussen,wir_sie,heute_morgen",0,0,1,4,
9005491126225945,0,"oben_unten,innen_aussen,wir_sie,heute_morgen",0,0,0,0,
1671350280212394,0,"oben_unten,innen_aussen,wir_sie,heute_morgen",0,0,0,0,
3015703085251906,0,"oben_unten,innen_aussen,wir_sie,heute_morgen",1,2,0,2,
1727393917914542,0,"oben_unten,innen_aussen,wir_sie,heute_morgen",0,0,0,0,
1592381644785437,0,"oben_unten,innen_aussen,wir_sie,heute_morgen",0,0,0,3,
1100883008344767,0,"oben_unten,innen_aussen,wir_sie,heute_morgen",0,0,0,1,
1862500714221847,0,"oben_unten,innen_aussen,wir_sie,heute_morgen",0,0,0,3,
795825276185421,0,"oben_unten,innen_aussen,wir_sie,heute_morgen",0,0,0,1,
494888916614271,0,"oben_unten,innen_aussen,wir_sie,heute_morgen",0,0,0,0,
1904185617207866,0,"oben_unten,innen_aussen,wir_sie,heute_morgen",0,0,0,1,
854700756410365,0,"oben_unten,innen_aussen,wir_sie,heute_morgen",0,0,1,4,
1323487428984613,0,"oben_unten,innen_aussen,wir_sie,heute_morgen",0,0,0,0,
952935436804920,0,"oben_unten,innen_aussen,wir_sie,heute_morgen",0,0,0,2,
2065360427690116,0,"oben_unten,innen_aussen,wir_sie,heute_morgen",2,0,1,2,
2113467869084205,0,"oben_unten,innen_aussen,wir_sie,heute_morgen",0,0,0,2,
1391368888969906,0,"oben_unten,innen_aussen,wir_sie,heute_morgen",0,0,0,1,
1669010830882081,0,"oben_unten,innen_aussen,wir_sie,heute_morgen",1,0,0,2,
1007218487913616,0,"oben_unten,innen_aussen,wir_sie,heute_morgen",0,0,0,0,
1745392366539637,0,"oben_unten,innen_aussen,wir_sie,heute_morgen",0,0,0,2,
1349031336465847,0,"oben_unten,innen_aussen,wir_sie,heute_morgen",0,0,0,0,
1145305906966494,0,"oben_unten,innen_aussen,wir_sie,heute_morgen",0,0,0,0,
2335596396824030,0,"oben_unten,innen_aussen,wir_sie,heute_morgen",0,0,0,0,
1613797876120001,0,"oben_unten,innen_aussen,wir_sie,heute_morgen",1,0,2,2,
1706662896581203,0,"oben_unten,innen_aussen,wir_sie,heute_morgen",1,0,1,2,
506056082089485,0,"oben_unten,innen_aussen,wir_sie,heute_morgen",0,0,0,1,
1565984661461129,0,"oben_unten,innen_aussen,wir_sie,heute_morgen",0,0,0,0,
1176220140794943,0,"oben_unten,innen_aussen,wir_sie,heute_morgen",0,0,1,0,
293749850161654,0,"oben_unten,innen_aussen,wir_sie,heute_morgen",2,0,1,1,
2328276137573125,0,"oben_unten,innen_aussen,wir_sie,heute_morgen",0,0,0,0,
1338710811055367,0,"oben_unten,innen_aussen,wir_sie,heute_morgen",3,0,1,2,
1140400584415117,0,"oben_unten,innen_aussen,wir_sie,heute_morgen",0,0,0,1,
587904417383488,0,"oben_unten,innen_aussen,wir_sie,heute_morgen",1,0,0,3,
1047060954457939,0,"oben_unten,innen_aussen,wir_sie,heute_morgen",0,0,0,0,
978050490413988,0,"oben_unten,innen_aussen,wir_sie,heute_morgen",0,0,0,1,
1667622523848301,0,"oben_unten,innen_aussen,wir_sie,heute_morgen",0,0,2,0,
1220901760088973,0,"oben_unten,innen_aussen,wir_sie,heute_morgen",0,0,0,1,
788918543267409,0,"oben_unten,innen_aussen,wir_sie,heute_morgen",1,2,1,4,
1286964695902115,0,"oben_unten,innen_aussen,wir_sie,heute_morgen",0,0,0,1,
1408457043445048,0,"oben_unten,innen_aussen,wir_sie,heute_morgen",3,0,0,2,
591034783686659,0,"oben_unten,innen_aussen,wir_sie,heute_morgen",1,0,1,2,
1630257924546868,0,"oben_unten,innen_aussen,wir_sie,heute_morgen",0,0,0,1,
1036780938494383,0,"oben_unten,innen_aussen,wir_sie,heute_morgen",0,0,0,0,
964739745120503,0,"oben_unten,innen_aussen,wir_sie,heute_morgen",0,0,0,0,
1286215975950384,0,"oben_unten,innen_aussen,wir_sie,heute_morgen",0,0,0,0,
595854182791845,0,"oben_unten,innen_aussen,wir_sie,heute_morgen",0,0,0,0,
1452929612658613,0,"oben_unten,innen_aussen,wir_sie,heute_morgen",0,0,3,1,
1550667759775210,0,"oben_unten,innen_aussen,wir_sie,heute_morgen",0,0,0,0,
1097955542014207,0,"oben_unten,innen_aussen,wir_sie,heute_morgen",0,0,0,1,
512663388515270,0,"oben_unten,innen_aussen,wir_sie,heute_morgen",0,0,1,1,
1842297899508614,0,"oben_unten,innen_aussen,wir_sie,heute_morgen",0,0,0,0,
3946954868894211,0,"oben_unten,innen_aussen,wir_sie,heute_morgen",0,1,1,1,
626624396521139,0,"oben_unten,innen_aussen,wir_sie,heute_morgen",0,0,0,0,
3950292461963479,0,"oben_unten,innen_aussen,wir_sie,heute_morgen",0,0,0,1,
890467666161594,0,"oben_unten,innen_aussen,wir_sie,heute_morgen",0,0,0,1,
1992725481503756,0,"oben_unten,innen_aussen,wir_sie,heute_morgen",1,0,1,1,
581553268051790,0,"oben_unten,innen_aussen,wir_sie,heute_morgen",0,0,0,0,
587994484154984,0,"oben_unten,innen_aussen,wir_sie,heute_morgen",0,0,0,0,
1823002508513843,0,"oben_unten,innen_aussen,wir_sie,heute_morgen",0,0,1,3,
933911692162724,0,"oben_unten,innen_aussen,wir_sie,heute_morgen",0,0,0,0,
1384999402909325,0,"oben_unten,innen_aussen,wir_sie,heute_morgen",0,0,1,2,
965474285528611,0,"oben_unten,innen_aussen,wir_sie,heute_morgen",0,0,0,0,
620498623789560,0,"oben_unten,innen_aussen,wir_sie,heute_morgen",1,0,0,1,
2399300133744676,0,"oben_unten,innen_aussen,wir_sie,heute_morgen",0,0,0,0,
1846491192843486,0,"oben_unten,innen_aussen,wir_sie,heute_morgen",0,0,0,1,
918614553293789,0,"oben_unten,innen_aussen,wir_sie,heute_morgen",2,0,1,3,
3533225950311530,0,"oben_unten,innen_aussen,wir_sie,heute_morgen",0,0,0,0,
4341409302795035,0,"oben_unten,innen_aussen,wir_sie,heute_morgen",0,0,0,2,
1389480085765968,0,"oben_unten,innen_aussen,wir_sie,heute_morgen",0,0,0,2,
1375689677775852,0,"oben_unten,innen_aussen,wir_sie,heute_morgen",3,0,1,2,
1321585262600406,0,"oben_unten,innen_aussen,wir_sie,heute_morgen",0,0,0,2,
634559882367213,0,"oben_unten,innen_aussen,wir_sie,heute_morgen",0,0,0,1,
1032363079329054,0,"oben_unten,innen_aussen,wir_sie,heute_morgen",0,0,0,0,
500988725956522,0,"oben_unten,innen_aussen,wir_sie,heute_morgen",0,0,0,1,
952825333701386,0,"oben_unten,innen_aussen,wir_sie,heute_morgen",0,0,0,1,
581930811404846,0,"oben_unten,innen_aussen,wir_sie,heute_morgen",0,0,1,1,
1137971414453354,0,"oben_unten,innen_aussen,wir_sie,heute_morgen",0,0,0,0,
1439022013364325,0,"oben_unten,innen_aussen,wir_sie,heute_morgen",0,0,0,1,
475587768926209,0,"oben_unten,innen_aussen,wir_sie,heute_morgen",1,0,0,1,
1069414314895222,0,"oben_unten,innen_aussen,wir_sie,heute_morgen",0,0,0,2,
945754470955579,0,"oben_unten,innen_aussen,wir_sie,heute_morgen",0,0,0,2,
2012417095901449,0,"oben_unten,innen_aussen,wir_sie,heute_morgen",0,0,1,0,
1369882398125698,0,"oben_unten,innen_aussen,wir_sie,heute_morgen",0,0,0,1,
1388811016641777,0,"oben_unten,innen_aussen,wir_sie,heute_morgen",2,0,1,2,
2367618000253213,0,"oben_unten,innen_aussen,wir_sie,heute_morgen",0,0,0,1,
2060578591108126,0,"oben_unten,innen_aussen,wir_sie,heute_morgen",1,2,1,1,
1140836627493575,0,"oben_unten,innen_aussen,wir_sie,heute_morgen",2,0,0,1,
1664714238996685,0,"oben_unten,innen_aussen,wir_sie,heute_morgen",0,1,2,3,
1047661323716547,0,"oben_unten,innen_aussen,wir_sie,heute_morgen",2,0,1,2,
929225392494705,0,"oben_unten,innen_aussen,wir_sie,heute_morgen",1,0,0,1,
3067837476697905,0,"oben_unten,innen_aussen,wir_sie,heute_morgen",4,1,1,2,
2149603718907927,0,"oben_unten,innen_aussen,wir_sie,heute_morgen",1,3,2,1,
1176172300686983,0,"oben_unten,innen_aussen,wir_sie,heute_morgen",0,0,0,1,
2443745275814539,0,"oben_unten,innen_aussen,wir_sie,heute_morgen",0,0,0,1,
584467274549026,0,"oben_unten,innen_aussen,wir_sie,heute_morgen",0,0,0,1,
1817985385695976,0,"oben_unten,innen_aussen,wir_sie,heute_morgen",1,0,0,2,
1146001126752957,0,"oben_unten,innen_aussen,wir_sie,heute_morgen",0,0,0,0,
1285854235993389,0,"oben_unten,innen_aussen,wir_sie,heute_morgen",2,0,0,1,
2001394133661743,0,"oben_unten,innen_aussen,wir_sie,heute_morgen",3,0,1,1,
8145370502232054,0,"oben_unten,innen_aussen,wir_sie,heute_morgen",0,0,0,1,
1303796667346123,0,"oben_unten,innen_aussen,wir_sie,heute_morgen",0,0,0,0,
399726656536198,0,"oben_unten,innen_aussen,wir_sie,heute_morgen",0,0,0,1,
2784066041796463,0,"oben_unten,innen_aussen,wir_sie,heute_morgen",0,0,1,3,
2738272246358189,0,"oben_unten,innen_aussen,wir_sie,heute_morgen",2,0,2,1,
1687482175452386,0,"oben_unten,innen_aussen,wir_sie,heute_morgen",0,0,0,1,
2062667110830736,0,"oben_unten,innen_aussen,wir_sie,heute_morgen",1,0,0,2,
1156474766037332,0,"oben_unten,innen_aussen,wir_sie,heute_morgen",0,0,1,1,
1796220297860115,0,"oben_unten,innen_aussen,wir_sie,heute_morgen",0,0,0,0,
8517695961664896,0,"oben_unten,innen_aussen,wir_sie,heute_morgen",1,0,0,1,
430052699371119,0,"oben_unten,innen_aussen,wir_sie,heute_morgen",1,0,1,1,
2936141996746504,0,"oben_unten,innen_aussen,wir_sie,heute_morgen",0,0,0,0,
920306709889225,0,"oben_unten,innen_aussen,wir_sie,heute_morgen",3,0,0,1,
1202587894175745,0,"oben_unten,innen_aussen,wir_sie,heute_morgen",0,0,0,1,
2088570391594488,0,"oben_unten,innen_aussen,wir_sie,heute_morgen",0,0,0,0,
428067219642631,0,"oben_unten,innen_aussen,wir_sie,heute_morgen",0,0,0,1,
610625031685363,0,"oben_unten,innen_aussen,wir_sie,heute_morgen",0,0,0,0,
1346388783170202,0,"oben_unten,innen_aussen,wir_sie,heute_morgen",0,0,0,0,
969251371292162,0,"oben_unten,innen_aussen,wir_sie,heute_morgen",0,1,1,1,
1855183878405338,0,"oben_unten,innen_aussen,wir_sie,heute_morgen",0,0,1,1,
619928440533233,0,"oben_unten,innen_aussen,wir_sie,heute_morgen",1,1,0,3,
1780858042755262,0,"oben_unten,innen_aussen,wir_sie,heute_morgen",2,0,1,1,
1130196258497750,0,"oben_unten,innen_aussen,wir_sie,heute_morgen",2,0,0,3,
556579700418579,0,"oben_unten,innen_aussen,wir_sie,heute_morgen",0,0,0,3,
1867641130641866,0,"oben_unten,innen_aussen,wir_sie,heute_morgen",0,0,0,0,
643335931384513,0,"oben_unten,innen_aussen,wir_sie,heute_morgen",0,0,0,1,
1917093089098069,0,"oben_unten,innen_aussen,wir_sie,heute_morgen",0,0,0,1,
1641961683083873,0,"oben_unten,innen_aussen,wir_sie,heute_morgen",0,0,0,1,
1838176640049679,0,"oben_unten,innen_aussen,wir_sie,heute_morgen",0,0,0,0,
3857901804433213,0,"oben_unten,innen_aussen,wir_sie,heute_morgen",0,0,0,2,
1785726811969846,0,"oben_unten,innen_aussen,wir_sie,heute_morgen",2,0,1,2,
604917105622740,0,"oben_unten,innen_aussen,wir_sie,heute_morgen",2,0,0,1,
1274440930278024,0,"oben_unten,innen_aussen,wir_sie,heute_morgen",0,0,0,1,
972291078143958,0,"oben_unten,innen_aussen,wir_sie,heute_morgen",0,0,1,1,
1157314285973209,0,"oben_unten,innen_aussen,wir_sie,heute_morgen",0,0,0,1,
2275605506146577,0,"oben_unten,innen_aussen,wir_sie,heute_morgen",0,0,0,0,
575225775504192,0,"oben_unten,innen_aussen,wir_sie,heute_morgen",2,0,0,1,
2108554266750707,0,"oben_unten,innen_aussen,wir_sie,heute_morgen",0,0,0,1,
647672927837322,0,"oben_unten,innen_aussen,wir_sie,heute_morgen",0,0,0,0,
1333803791614008,0,"oben_unten,innen_aussen,wir_sie,heute_morgen",0,0,0,0,
1557009121483798,0,"oben_unten,innen_aussen,wir_sie,heute_morgen",0,0,0,0,
480789531734925,0,"oben_unten,innen_aussen,wir_sie,heute_morgen",0,0,0,0,
1412053373121337,0,"oben_unten,innen_aussen,wir_sie,heute_morgen",0,0,0,0,
2319244225140866,0,"oben_unten,innen_aussen,wir_sie,heute_morgen",1,0,0,1,
1789254898527190,0,"oben_unten,innen_aussen,wir_sie,heute_morgen",0,0,0,3,
1270847724148822,0,"oben_unten,innen_aussen,wir_sie,heute_morgen",1,0,0,0,
1989437688201341,0,"oben_unten,innen_aussen,wir_sie,heute_morgen",1,2,3,0,
2371568689695186,0,"oben_unten,innen_aussen,wir_sie,heute_morgen",0,3,0,2,
1541507243225095,0,"oben_unten,innen_aussen,wir_sie,heute_morgen",0,0,0,1,
8944016489042619,0,"oben_unten,innen_aussen,wir_sie,heute_morgen",2,0,1,2,
842832121253359,0,"oben_unten,innen_aussen,wir_sie,heute_morgen",0,0,0,1,
3905636399752923,0,"oben_unten,innen_aussen,wir_sie,heute_morgen",1,4,1,1,
541568962242215,0,"oben_unten,innen_aussen,wir_sie,heute_morgen",0,0,0,1,
2640637069659799,0,"oben_unten,innen_aussen,wir_sie,heute_morgen",0,0,1,2,
1630301864266569,0,"oben_unten,innen_aussen,wir_sie,heute_morgen",0,2,0,0,
1138098187632099,0,"oben_unten,innen_aussen,wir_sie,heute_morgen",0,2,0,1,
981957420464904,0,"oben_unten,innen_aussen,wir_sie,heute_morgen",0,0,0,1,
918678187059366,0,"oben_unten,innen_aussen,wir_sie,heute_morgen",0,0,0,2,
1077582551352850,0,"oben_unten,innen_aussen,wir_sie,heute_morgen",0,0,0,0,
585878967745630,0,"oben_unten,innen_aussen,wir_sie,heute_morgen",1,3,2,1,
1118539566638090,0,"oben_unten,innen_aussen,wir_sie,heute_morgen",0,0,0,0,
2758278411039012,0,"oben_unten,innen_aussen,wir_sie,heute_morgen",0,0,0,0,
1573112560008763,0,"oben_unten,innen_aussen,wir_sie,heute_morgen",0,0,0,0,
1505076676809092,0,"oben_unten,innen_aussen,wir_sie,heute_morgen",0,0,0,1,
913167700637693,0,"oben_unten,innen_aussen,wir_sie,heute_morgen",0,2,0,1,
592226543639655,0,"oben_unten,innen_aussen,wir_sie,heute_morgen",0,0,0,0,
950058169361694,0,"oben_unten,innen_aussen,wir_sie,heute_morgen",0,0,0,0,
781216904865154,0,"oben_unten,innen_aussen,wir_sie,heute_morgen",0,0,0,1,
660332316522459,0,"oben_unten,innen_aussen,wir_sie,heute_morgen",0,0,0,2,
1082511406984003,0,"oben_unten,innen_aussen,wir_sie,heute_morgen",0,2,3,1,
1094965248852462,0,"oben_unten,innen_aussen,wir_sie,heute_morgen",0,0,0,0,
2644508029687648,0,"oben_unten,innen_aussen,wir_sie,heute_morgen",1,0,0,1,
1139185894541508,0,"oben_unten,innen_aussen,wir_sie,heute_morgen",0,0,0,0,
1791195128685389,0,"oben_unten,innen_aussen,wir_sie,heute_morgen",0,0,1,3,
1373798020968494,0,"oben_unten,innen_aussen,wir_sie,heute_morgen",0,0,0,2,
1550497362929348,0,"oben_unten,innen_aussen,wir_sie,heute_morgen",0,0,1,3,
2111463359469610,0,"oben_unten,innen_aussen,wir_sie,heute_morgen",0,0,0,2,
1354142630136075,0,"oben_unten,innen_aussen,wir_sie,heute_morgen",0,0,1,3,
486118821197022,0,"oben_unten,innen_aussen,wir_sie,heute_morgen",0,0,0,1,
894547892888894,0,"oben_unten,innen_aussen,wir_sie,heute_morgen",0,0,1,1,
1130119396342417,0,"oben_unten,innen_aussen,wir_sie,heute_morgen",0,0,1,2,
990857717343954,0,"oben_unten,innen_aussen,wir_sie,heute_morgen",0,0,1,3,
3553424768155827,0,"oben_unten,innen_aussen,wir_sie,heute_morgen",0,0,1,2,
1080927393126491,0,"oben_unten,innen_aussen,wir_sie,heute_morgen",0,0,4,1,
971143702675139,0,"oben_unten,innen_aussen,wir_sie,heute_morgen",0,0,0,2,
946231661853380,0,"oben_unten,innen_aussen,wir_sie,heute_morgen",0,0,1,2,
1359582521871234,0,"oben_unten,innen_aussen,wir_sie,heute_morgen",3,0,1,2,
2240447803425595,0,"oben_unten,innen_aussen,wir_sie,heute_morgen",0,0,0,0,
603209232318572,0,"oben_unten,innen_aussen,wir_sie,heute_morgen",0,2,0,1,
1315020476201761,0,"oben_unten,innen_aussen,wir_sie,heute_morgen",0,0,0,0,
1086276183839384,0,"oben_unten,innen_aussen,wir_sie,heute_morgen",0,0,1,4,
1555197136348863,0,"oben_unten,innen_aussen,wir_sie,heute_morgen",0,0,1,3,
1803667320456458,0,"oben_unten,innen_aussen,wir_sie,heute_morgen",2,0,0,3,
861941400209791,0,"oben_unten,innen_aussen,wir_sie,heute_morgen",0,0,1,3,
495764120210846,0,"oben_unten,innen_aussen,wir_sie,heute_morgen",0,0,0,0,
1536482933673725,0,"oben_unten,innen_aussen,wir_sie,heute_morgen",0,0,0,0,
1502821273727843,0,"oben_unten,innen_aussen,wir_sie,heute_morgen",0,1,0,2,
579245528423561,0,"oben_unten,innen_aussen,wir_sie,heute_morgen",0,0,1,0,
1361672152733400,0,"oben_unten,innen_aussen,wir_sie,heute_morgen",0,0,3,0,
486781264527923,0,"oben_unten,innen_aussen,wir_sie,heute_morgen",1,0,0,1,
1686436645420389,0,"oben_unten,innen_aussen,wir_sie,heute_morgen",0,0,0,0,
488802673949516,0,"oben_unten,innen_aussen,wir_sie,heute_morgen",0,0,0,0,
1456450033290374,0,"oben_unten,innen_aussen,wir_sie,heute_morgen",0,0,0,0,
3872991359606435,0,"oben_unten,innen_aussen,wir_sie,heute_morgen",0,0,0,0,
594411406365307,0,"oben_unten,innen_aussen,wir_sie,heute_morgen",0,0,0,0,
1182881703172284,0,"oben_unten,innen_aussen,wir_sie,heute_morgen",0,4,1,1,
949456197280165,0,"oben_unten,innen_aussen,wir_sie,heute_morgen",0,1,0,2,
1541620927255809,0,"oben_unten,innen_aussen,wir_sie,heute_morgen",0,0,1,4,
502545515785163,0,"oben_unten,innen_aussen,wir_sie,heute_morgen",0,0,0,1,
549271338122334,0,"oben_unten,innen_aussen,wir_sie,heute_morgen",1,4,1,2,
1674783260119493,0,"oben_unten,innen_aussen,wir_sie,heute_morgen",0,0,0,0,
9290617660999176,0,"oben_unten,innen_aussen,wir_sie,heute_morgen",0,0,1,1,
4037421899912527,0,"oben_unten,innen_aussen,wir_sie,heute_morgen",0,0,0,0,
485929590942523,0,"oben_unten,innen_aussen,wir_sie,heute_morgen",0,0,0,0,
1129251952183065,0,"oben_unten,innen_aussen,wir_sie,heute_morgen",0,0,0,3,
1174378884020022,0,"oben_unten,innen_aussen,wir_sie,heute_morgen",0,0,0,0,
633432549192914,0,"oben_unten,innen_aussen,wir_sie,heute_morgen",0,0,0,0,
1588763731764940,0,"oben_unten,innen_aussen,wir_sie,heute_morgen",2,0,1,1,
3955716027981773,0,"oben_unten,innen_aussen,wir_sie,heute_morgen",0,0,0,1,
987326573290137,0,"oben_unten,innen_aussen,wir_sie,heute_morgen",1,0,0,0,
1008539064456620,0,"oben_unten,innen_aussen,wir_sie,heute_morgen",0,0,1,0,
3235337810108148,0,"oben_unten,innen_aussen,wir_sie,heute_morgen",0,0,0,1,
1272350787212647,0,"oben_unten,innen_aussen,wir_sie,heute_morgen",1,3,1,0,
857211846306837,0,"oben_unten,innen_aussen,wir_sie,heute_morgen",0,0,0,1,
1053984950914220,0,"oben_unten,innen_aussen,wir_sie,heute_morgen",0,0,0,0,
1331256016490142,0,"oben_unten,innen_aussen,wir_sie,heute_morgen",0,0,0,0,
1802551423832973,0,"oben_unten,innen_aussen,wir_sie,heute_morgen",0,0,1,0,
1339440564293426,0,"oben_unten,innen_aussen,wir_sie,heute_morgen",0,0,0,0,
1011555834334473,0,"oben_unten,innen_aussen,wir_sie,heute_morgen",0,1,1,0,
1686885375591296,0,"oben_unten,innen_aussen,wir_sie,heute_morgen",0,0,1,1,
587352777438875,0,"oben_unten,innen_aussen,wir_sie,heute_morgen",0,0,0,1,
9303249296385311,0,"oben_unten,innen_aussen,wir_sie,heute_morgen",0,0,0,3,
2808348236027898,0,"oben_unten,innen_aussen,wir_sie,heute_morgen",0,0,0,1,
1516757519007329,0,"oben_unten,innen_aussen,wir_sie,heute_morgen",0,0,0,0,
1835032003933491,0,"oben_unten,innen_aussen,wir_sie,heute_morgen",0,1,1,2,
1153361392969332,0,"oben_unten,innen_aussen,wir_sie,heute_morgen",0,0,0,0,
2122646278181832,0,"oben_unten,innen_aussen,wir_sie,heute_morgen",1,0,0,1,
601645972824780,0,"oben_unten,innen_aussen,wir_sie,heute_morgen",0,0,0,1,
556534650872934,0,"oben_unten,innen_aussen,wir_sie,heute_morgen",2,0,0,1,
9266720850081582,0,"oben_unten,innen_aussen,wir_sie,heute_morgen",0,0,0,1,
4042076596076842,0,"oben_unten,innen_aussen,wir_sie,heute_morgen",0,1,1,0,
1278685856754043,0,"oben_unten,innen_aussen,wir_sie,heute_morgen",0,0,0,0,
1317829166076631,0,"oben_unten,innen_aussen,wir_sie,heute_morgen",0,0,0,1,
1329708298432959,0,"oben_unten,innen_aussen,wir_sie,heute_morgen",0,0,0,3,
1004872268818270,0,"oben_unten,innen_aussen,wir_sie,heute_morgen",0,0,0,0,
9476122505785538,0,"oben_unten,innen_aussen,wir_sie,heute_morgen",0,0,0,1,
4053338141568572,0,"oben_unten,innen_aussen,wir_sie,heute_morgen",0,0,1,1,
1581683686648549,0,"oben_unten,innen_aussen,wir_sie,heute_morgen",0,0,0,0,
580673201452968,0,"oben_unten,innen_aussen,wir_sie,heute_morgen",0,0,0,0,
604524499292447,0,"oben_unten,innen_aussen,wir_sie,heute_morgen",0,0,0,1,
956441716068833,0,"oben_unten,innen_aussen,wir_sie,heute_morgen",0,0,0,1,
1285639459504641,0,"oben_unten,innen_aussen,wir_sie,heute_morgen",0,0,0,1,
1590931678482939,0,"oben_unten,innen_aussen,wir_sie,heute_morgen",0,1,0,2,
1126446038691712,0,"oben_unten,innen_aussen,wir_sie,heute_morgen",0,0,0,0,
1798746014206334,0,"oben_unten,innen_aussen,wir_sie,heute_morgen",0,0,0,0,
1014943717961464,0,"oben_unten,innen_aussen,wir_sie,heute_morgen",0,0,0,0,
1116906546430593,0,"oben_unten,innen_aussen,wir_sie,heute_morgen",0,0,0,2,
9957261067642073,0,"oben_unten,innen_aussen,wir_sie,heute_morgen",0,0,0,3,
1522722569319255,0,"oben_unten,innen_aussen,wir_sie,heute_morgen",0,0,0,0,
27337918919234161,0,"oben_unten,innen_aussen,wir_sie,heute_morgen",0,0,0,0,
604804495618403,0,"oben_unten,innen_aussen,wir_sie,heute_morgen",0,0,0,3,
1259315998462737,0,"oben_unten,innen_aussen,wir_sie,heute_morgen",0,0,0,1,
1776333833154824,0,"oben_unten,innen_aussen,wir_sie,heute_morgen",0,0,0,0,
1709471926978372,0,"oben_unten,innen_aussen,wir_sie,heute_morgen",0,0,0,0,
1127414629165508,0,"oben_unten,innen_aussen,wir_sie,heute_morgen",0,1,0,0,
587922884222807,0,"oben_unten,innen_aussen,wir_sie,heute_morgen",2,0,0,1,
9464008133663976,0,"oben_unten,innen_aussen,wir_sie,heute_morgen",0,1,0,2,
689149733528400,0,"oben_unten,innen_aussen,wir_sie,heute_morgen",0,0,0,0,
1109650084179435,0,"oben_unten,innen_aussen,wir_sie,heute_morgen",1,0,0,1,
616355054311892,0,"oben_unten,innen_aussen,wir_sie,heute_morgen",0,0,0,3,
1074604127804075,0,"oben_unten,innen_aussen,wir_sie,heute_morgen",0,0,0,1,
921124793559096,0,"oben_unten,innen_aussen,wir_sie,heute_morgen",0,0,0,3,
1955549941848374,0,"oben_unten,innen_aussen,wir_sie,heute_morgen",0,0,0,0,
604363578898563,0,"oben_unten,innen_aussen,wir_sie,heute_morgen",1,0,0,2,
1693150701551734,0,"oben_unten,innen_aussen,wir_sie,heute_morgen",1,0,0,2,
636970455376775,0,"oben_unten,innen_aussen,wir_sie,heute_morgen",0,0,0,0,
976978757636040,0,"oben_unten,innen_aussen,wir_sie,heute_morgen",0,1,0,2,
1691191434747264,0,"oben_unten,innen_aussen,wir_sie,heute_morgen",0,1,0,2,
1282129196423246,0,"oben_unten,innen_aussen,wir_sie,heute_morgen",0,0,0,1,
957874365917277,0,"oben_unten,innen_aussen,wir_sie,heute_morgen",0,0,0,2,
2488872728207443,0,"oben_unten,innen_aussen,wir_sie,heute_morgen",0,0,0,0,
632256639258973,0,"oben_unten,innen_aussen,wir_sie,heute_morgen",0,0,0,2,
3831477163771103,0,"oben_unten,innen_aussen,wir_sie,heute_morgen",0,0,0,1,
945355167719877,0,"oben_unten,innen_aussen,wir_sie,heute_morgen",0,0,0,0,
603939712423219,0,"oben_unten,innen_aussen,wir_sie,heute_morgen",0,0,1,1,
643531994778714,0,"oben_unten,innen_aussen,wir_sie,heute_morgen",0,0,0,1,
866315409015403,0,"oben_unten,innen_aussen,wir_sie,heute_morgen",0,0,0,3,
985875810101029,0,"oben_unten,innen_aussen,wir_sie,heute_morgen",0,0,0,0,
1010003300974375,0,"oben_unten,innen_aussen,wir_sie,heute_morgen",0,0,0,0,
1671342880404065,0,"oben_unten,innen_aussen,wir_sie,heute_morgen",3,0,1,1,
597601483200684,0,"oben_unten,innen_aussen,wir_sie,heute_morgen",0,0,0,2,
930361845850390,0,"oben_unten,innen_aussen,wir_sie,heute_morgen",0,0,0,0,
1560477784612705,0,"oben_unten,innen_aussen,wir_sie,heute_morgen",0,0,0,2,
954839269648726,0,"oben_unten,innen_aussen,wir_sie,heute_morgen",0,0,0,3,
513163661286631,0,"oben_unten,innen_aussen,wir_sie,heute_morgen",0,0,1,1,
1371706970485950,0,"oben_unten,innen_aussen,wir_sie,heute_morgen",0,0,0,0,
584750211039921,0,"oben_unten,innen_aussen,wir_sie,heute_morgen",0,0,0,3,
945466170785106,0,"oben_unten,innen_aussen,wir_sie,heute_morgen",0,0,0,0,
1148545780314022,0,"oben_unten,innen_aussen,wir_sie,heute_morgen",0,0,0,0,
585100631168773,0,"oben_unten,innen_aussen,wir_sie,heute_morgen",0,0,0,3,
864133932386018,0,"oben_unten,innen_aussen,wir_sie,heute_morgen",0,0,0,2,
1269484494350437,0,"oben_unten,innen_aussen,wir_sie,heute_morgen",2,0,0,1,
599450316020468,0,"oben_unten,innen_aussen,wir_sie,heute_morgen",0,0,0,0,
1329653458054263,0,"oben_unten,innen_aussen,wir_sie,heute_morgen",0,0,0,1,
1134405998159738,0,"oben_unten,innen_aussen,wir_sie,heute_morgen",0,0,0,1,
2823425294485723,0,"oben_unten,innen_aussen,wir_sie,heute_morgen",0,0,0,0,
1581184089232536,0,"oben_unten,innen_aussen,wir_sie,heute_morgen",0,0,0,0,
1675035050115031,0,"oben_unten,innen_aussen,wir_sie,heute_morgen",0,0,0,0,
1596461861073063,0,"oben_unten,innen_aussen,wir_sie,heute_morgen",0,0,0,0,
3973780912943632,0,"oben_unten,innen_aussen,wir_sie,heute_morgen",0,0,0,0,
1292388618615900,0,"oben_unten,innen_aussen,wir_sie,heute_morgen",0,0,0,1,
980757587266208,0,"oben_unten,innen_aussen,wir_sie,heute_morgen",2,0,0,1,
562387956529101,0,"oben_unten,innen_aussen,wir_sie,heute_morgen",0,0,0,1,
975092294541669,0,"oben_unten,innen_aussen,wir_sie,heute_morgen",2,1,0,1,
582372721274716,0,"oben_unten,innen_aussen,wir_sie,heute_morgen",0,0,0,1,
690127840172654,0,"oben_unten,innen_aussen,wir_sie,heute_morgen",0,0,0,0,
461332810330983,0,"oben_unten,innen_aussen,wir_sie,heute_morgen",0,0,0,1,
628242919682757,0,"oben_unten,innen_aussen,wir_sie,heute_morgen",1,0,1,1,
1145584027210290,0,"oben_unten,innen_aussen,wir_sie,heute_morgen",0,0,0,0,
2366830610344709,0,"oben_unten,innen_aussen,wir_sie,heute_morgen",0,0,0,3,
1141436890717269,0,"oben_unten,innen_aussen,wir_sie,heute_morgen",0,0,0,1,
931938552412285,0,"oben_unten,innen_aussen,wir_sie,heute_morgen",0,0,0,0,
631683535999753,0,"oben_unten,innen_aussen,wir_sie,heute_morgen",0,0,0,0,
379131358202601,0,"oben_unten,innen_aussen,wir_sie,heute_morgen",2,0,0,2,
988752763353540,0,"oben_unten,innen_aussen,wir_sie,heute_morgen",0,3,0,0,
1295232321586383,0,"oben_unten,innen_aussen,wir_sie,heute_morgen",0,0,0,0,
970358864550319,0,"oben_unten,innen_aussen,wir_sie,heute_morgen",0,0,0,0,
918967117016330,0,"oben_unten,innen_aussen,wir_sie,heute_morgen",3,0,0,2,
633468645881105,0,"oben_unten,innen_aussen,wir_sie,heute_morgen",0,0,1,0,
471761559147616,0,"oben_unten,innen_aussen,wir_sie,heute_morgen",0,0,0,0,
1091065676342110,0,"oben_unten,innen_aussen,wir_sie,heute_morgen",0,0,0,0,
602282142558517,0,"oben_unten,innen_aussen,wir_sie,heute_morgen",0,0,0,0,
596081206468549,0,"oben_unten,innen_aussen,wir_sie,heute_morgen",0,0,2,0,
648888047706917,0,"oben_unten,innen_aussen,wir_sie,heute_morgen",0,0,0,0,
939874238279662,0,"oben_unten,innen_aussen,wir_sie,heute_morgen",0,0,0,0,
618380714539312,0,"oben_unten,innen_aussen,wir_sie,heute_morgen",0,0,0,0,
933779658944446,0,"oben_unten,innen_aussen,wir_sie,heute_morgen",1,0,0,2,
9929609207053388,0,"oben_unten,innen_aussen,wir_sie,heute_morgen",1,0,0,2,
1713849479551880,0,"oben_unten,innen_aussen,wir_sie,heute_morgen",0,0,0,1,
485263034332216,0,"oben_unten,innen_aussen,wir_sie,heute_morgen",0,0,0,0,
605582065666741,0,"oben_unten,innen_aussen,wir_sie,heute_morgen",0,1,0,0,
1118186226442029,0,"oben_unten,innen_aussen,wir_sie,heute_morgen",0,0,0,1,
1581681482803577,0,"oben_unten,innen_aussen,wir_sie,heute_morgen",0,0,0,0,
1666697700922484,0,"oben_unten,innen_aussen,wir_sie,heute_morgen",1,0,0,2,
669096998906901,0,"oben_unten,innen_aussen,wir_sie,heute_morgen",0,0,0,1,
596508662995269,0,"oben_unten,innen_aussen,wir_sie,heute_morgen",0,0,0,0,
1322016449142788,0,"oben_unten,innen_aussen,wir_sie,heute_morgen",0,0,0,0,
582519831325806,0,"oben_unten,innen_aussen,wir_sie,heute_morgen",0,0,0,2,
1293105628661518,0,"oben_unten,innen_aussen,wir_sie,heute_morgen",0,0,0,0,
1325938385388823,0,"oben_unten,innen_aussen,wir_sie,heute_morgen",0,0,1,0,
530195143340736,0,"oben_unten,innen_aussen,wir_sie,heute_morgen",0,0,0,0,
8952855941477467,0,"oben_unten,innen_aussen,wir_sie,heute_morgen",0,0,0,1,
1145210427384222,0,"oben_unten,innen_aussen,wir_sie,heute_morgen",0,0,0,0,
897571652441047,0,"oben_unten,innen_aussen,wir_sie,heute_morgen",0,0,0,0,
621795947202367,0,"oben_unten,innen_aussen,wir_sie,heute_morgen",0,0,0,0,
1705295753662782,0,"oben_unten,innen_aussen,wir_sie,heute_morgen",0,0,0,0,
2279812466091366,0,"oben_unten,innen_aussen,wir_sie,heute_morgen",0,0,0,0,
1557133344998050,0,"oben_unten,innen_aussen,wir_sie,heute_morgen",0,0,0,0,
2907640756073531,0,"oben_unten,innen_aussen,wir_sie,heute_morgen",0,0,0,0,
915199287305033,0,"oben_unten,innen_aussen,wir_sie,heute_morgen",0,0,0,0,
314357591627895,0,"oben_unten,innen_aussen,wir_sie,heute_morgen",0,0,0,1,
3778125792436747,0,"oben_unten,innen_aussen,wir_sie,heute_morgen",0,0,0,0,
2155072838241490,0,"oben_unten,innen_aussen,wir_sie,heute_morgen",0,0,0,0,
4023572091197498,0,"oben_unten,innen_aussen,wir_sie,heute_morgen",0,0,0,0,
3485074728466101,0,"oben_unten,innen_aussen,wir_sie,heute_morgen",0,1,0,2,
1473361836551436,0,"oben_unten,innen_aussen,wir_sie,heute_morgen",0,0,0,1,
9004802399640581,0,"oben_unten,innen_aussen,wir_sie,heute_morgen",0,0,0,0,
507573668575697,0,"oben_unten,innen_aussen,wir_sie,heute_morgen",0,0,1,0,
587830234403496,0,"oben_unten,innen_aussen,wir_sie,heute_morgen",0,0,0,0,
1956092751538715,0,"oben_unten,innen_aussen,wir_sie,heute_morgen",0,0,0,0,
1087860509693015,0,"oben_unten,innen_aussen,wir_sie,heute_morgen",1,1,3,1,
1337547944097079,0,"oben_unten,innen_aussen,wir_sie,heute_morgen",0,0,0,0,
1223263452765031,0,"oben_unten,innen_aussen,wir_sie,heute_morgen",0,0,3,0,
1602220497837886,0,"oben_unten,innen_aussen,wir_sie,heute_morgen",0,0,0,0,
973270760871538,0,"oben_unten,innen_aussen,wir_sie,heute_morgen",0,1,0,2,
580670078281735,0,"oben_unten,innen_aussen,wir_sie,heute_morgen",0,0,0,0,
443764781869374,0,"oben_unten,innen_aussen,wir_sie,heute_morgen",1,0,0,2,
1577564942991605,0,"oben_unten,innen_aussen,wir_sie,heute_morgen",0,0,0,3,
520989024336606,0,"oben_unten,innen_aussen,wir_sie,heute_morgen",0,0,0,2,
2026026987915238,0,"oben_unten,innen_aussen,wir_sie,heute_morgen",0,0,0,0,
1530853607584963,0,"oben_unten,innen_aussen,wir_sie,heute_morgen",0,0,0,0,
557892266865251,0,"oben_unten,innen_aussen,wir_sie,heute_morgen",0,0,0,1,
1155770795924211,0,"oben_unten,innen_aussen,wir_sie,heute_morgen",0,0,0,0,
1032454092921189,0,"oben_unten,innen_aussen,wir_sie,heute_morgen",2,0,1,2,
1100882954811810,0,"oben_unten,innen_aussen,wir_sie,heute_morgen",0,0,0,0,
912912760936284,0,"oben_unten,innen_aussen,wir_sie,heute_morgen",1,4,0,1,
2489631561508944,0,"oben_unten,innen_aussen,wir_sie,heute_morgen",2,0,1,1,
1400610815220594,0,"oben_unten,innen_aussen,wir_sie,heute_morgen",0,0,0,1,
2042760029522083,0,"oben_unten,innen_aussen,wir_sie,heute_morgen",0,0,0,0,
911083933818639,0,"oben_unten,innen_aussen,wir_sie,heute_morgen",0,0,0,1,
290614897372971,0,"oben_unten,innen_aussen,wir_sie,heute_morgen",0,0,0,0,
1281962386177756,0,"oben_unten,innen_aussen,wir_sie,heute_morgen",0,0,0,1,
491699056957488,0,"oben_unten,innen_aussen,wir_sie,heute_morgen",0,0,0,1,
2280695278964914,0,"oben_unten,innen_aussen,wir_sie,heute_morgen",3,2,0,1,
2189673461426930,0,"oben_unten,innen_aussen,wir_sie,heute_morgen",0,0,0,0,
1011749677476323,0,"oben_unten,innen_aussen,wir_sie,heute_morgen",0,0,1,0,
1341291163962380,0,"oben_unten,innen_aussen,wir_sie,heute_morgen",0,0,1,3,
501873335876624,0,"oben_unten,innen_aussen,wir_sie,heute_morgen",0,0,1,0,
495000976241215,0,"oben_unten,innen_aussen,wir_sie,heute_morgen",0,1,0,1,
817027226843334,0,"oben_unten,innen_aussen,wir_sie,heute_morgen",0,0,0,0,
637161555321089,0,"oben_unten,innen_aussen,wir_sie,heute_morgen",0,0,0,0,
930176669312059,0,"oben_unten,innen_aussen,wir_sie,heute_morgen",0,0,0,0,
989701979725469,0,"oben_unten,innen_aussen,wir_sie,heute_morgen",0,0,0,0,
2334997093377926,0,"oben_unten,innen_aussen,wir_sie,heute_morgen",0,0,1,1,
383751694381905,0,"oben_unten,innen_aussen,wir_sie,heute_morgen",0,0,0,1,
8356335391133141,0,"oben_unten,innen_aussen,wir_sie,heute_morgen",0,0,0,0,
771080418381736,0,"oben_unten,innen_aussen,wir_sie,heute_morgen",0,0,0,0,
906987914929795,0,"oben_unten,innen_aussen,wir_sie,heute_morgen",0,0,1,0,
1136784474474330,0,"oben_unten,innen_aussen,wir_sie,heute_morgen",0,2,2,1,
856408929867822,0,"oben_unten,innen_aussen,wir_sie,heute_morgen",0,0,0,0,
3431792736951629,0,"oben_unten,innen_aussen,wir_sie,heute_morgen",0,0,0,1,
473791479106948,0,"oben_unten,innen_aussen,wir_sie,heute_morgen",0,0,0,0,
826757786241792,0,"oben_unten,innen_aussen,wir_sie,heute_morgen",0,0,0,0,
2614148855709708,0,"oben_unten,innen_aussen,wir_sie,heute_morgen",1,0,0,2,
1068275958402800,0,"oben_unten,innen_aussen,wir_sie,heute_morgen",2,0,0,0,
593922386742906,0,"oben_unten,innen_aussen,wir_sie,heute_morgen",0,0,0,2,
2917962001728505,0,"oben_unten,innen_aussen,wir_sie,heute_morgen",0,0,0,0,
3796014083993882,0,"oben_unten,innen_aussen,wir_sie,heute_morgen",0,0,0,0,
1467120287206208,0,"oben_unten,innen_aussen,wir_sie,heute_morgen",0,0,0,0,
962864519123005,0,"oben_unten,innen_aussen,wir_sie,heute_morgen",0,0,0,0,
2612998049047136,0,"oben_unten,innen_aussen,wir_sie,heute_morgen",3,0,1,2,
1776876496486344,0,"oben_unten,innen_aussen,wir_sie,heute_morgen",0,0,2,1,
981017559826674,0,"oben_unten,innen_aussen,wir_sie,heute_morgen",0,0,0,0,
2413951005609031,0,"oben_unten,innen_aussen,wir_sie,heute_morgen",0,0,1,0,
933235902083818,0,"oben_unten,innen_aussen,wir_sie,heute_morgen",3,0,1,2,
595387539936456,0,"oben_unten,innen_aussen,wir_sie,heute_morgen",0,0,3,0,
415945554266047,0,"oben_unten,innen_aussen,wir_sie,heute_morgen",0,4,1,1,
1061117608654910,0,"oben_unten,innen_aussen,wir_sie,heute_morgen",0,2,1,3,
1051831714190280,0,"oben_unten,innen_aussen,wir_sie,heute_morgen",0,0,0,0,
893121310259634,0,"oben_unten,innen_aussen,wir_sie,heute_morgen",0,0,0,0,
1524219395101722,0,"oben_unten,innen_aussen,wir_sie,heute_morgen",0,0,0,1,
622532510259029,0,"oben_unten,innen_aussen,wir_sie,heute_morgen",1,0,0,1,
788427536373053,0,"oben_unten,innen_aussen,wir_sie,heute_morgen",1,0,0,2,
481173414810699,0,"oben_unten,innen_aussen,wir_sie,heute_morgen",0,0,0,0,
2082138255577256,0,"oben_unten,innen_aussen,wir_sie,heute_morgen",0,0,1,1,
1727759295152371,0,"oben_unten,innen_aussen,wir_sie,heute_morgen",3,1,2,2,
1204913700473774,0,"oben_unten,innen_aussen,wir_sie,heute_morgen",0,0,1,0,
616554067446868,0,"oben_unten,innen_aussen,wir_sie,heute_morgen",0,0,0,1,
365190452739535,0,"oben_unten,innen_aussen,wir_sie,heute_morgen",0,0,0,2,
1447612855795462,0,"oben_unten,innen_aussen,wir_sie,heute_morgen",0,0,3,1,
2847692975578900,0,"oben_unten,innen_aussen,wir_sie,heute_morgen",2,0,1,0,
591672336999099,0,"oben_unten,innen_aussen,wir_sie,heute_morgen",0,0,0,1,
1830143677788157,0,"oben_unten,innen_aussen,wir_sie,heute_morgen",0,0,0,1,
1611924403657672,0,"oben_unten,innen_aussen,wir_sie,heute_morgen",0,1,3,0,
1174949554632072,0,"oben_unten,innen_aussen,wir_sie,heute_morgen",0,0,0,1,
1443675796612227,0,"oben_unten,innen_aussen,wir_sie,heute_morgen",0,0,0,0,
1969424240343690,0,"oben_unten,innen_aussen,wir_sie,heute_morgen",0,0,0,0,
250782121416504,0,"oben_unten,innen_aussen,wir_sie,heute_morgen",0,1,0,0,
829295016099456,0,"oben_unten,innen_aussen,wir_sie,heute_morgen",0,0,0,2,
1360798802822218,0,"oben_unten,innen_aussen,wir_sie,heute_morgen",2,0,1,1,
2771196933265776,0,"oben_unten,innen_aussen,wir_sie,heute_morgen",0,0,0,1,
243035242144898,0,"oben_unten,innen_aussen,wir_sie,heute_morgen",0,0,0,1,
1869657487176084,0,"oben_unten,innen_aussen,wir_sie,heute_morgen",0,0,0,0,
1704673213358536,0,"oben_unten,innen_aussen,wir_sie,heute_morgen",0,1,3,0,
1023300567357151,0,"oben_unten,innen_aussen,wir_sie,heute_morgen",0,0,1,0,
840359041509293,0,"oben_unten,innen_aussen,wir_sie,heute_morgen",0,0,0,0,
745649037602234,0,"oben_unten,innen_aussen,wir_sie,heute_morgen",1,1,0,2,
2235894106804434,0,"oben_unten,innen_aussen,wir_sie,heute_morgen",0,0,0,0,
1338133553732919,0,"oben_unten,innen_aussen,wir_sie,heute_morgen",1,0,0,2,
343881904950233,0,"oben_unten,innen_aussen,wir_sie,heute_morgen",0,0,0,1,
1144666673583895,0,"oben_unten,innen_aussen,wir_sie,heute_morgen",0,0,1,1,
890755912363693,0,"oben_unten,innen_aussen,wir_sie,heute_morgen",0,0,0,1,
1420547588813716,0,"oben_unten,innen_aussen,wir_sie,heute_morgen",0,0,1,2,
3632776756978796,0,"oben_unten,innen_aussen,wir_sie,heute_morgen",0,0,0,0,
273580172381572,0,"oben_unten,innen_aussen,wir_sie,heute_morgen",0,0,0,0,
317148747831389,0,"oben_unten,innen_aussen,wir_sie,heute_morgen",0,0,1,0,
838438471416006,0,"oben_unten,innen_aussen,wir_sie,heute_morgen",0,0,0,1,
242749248699325,0,"oben_unten,innen_aussen,wir_sie,heute_morgen",0,0,0,0,
315416178126117,0,"oben_unten,innen_aussen,wir_sie,heute_morgen",1,0,0,2,
324715133739643,0,"oben_unten,innen_aussen,wir_sie,heute_morgen",0,0,0,2,
1286624655934950,0,"oben_unten,innen_aussen,wir_sie,heute_morgen",0,0,0,0,
1162122168803770,0,"oben_unten,innen_aussen,wir_sie,heute_morgen",0,0,1,2,
952923469774797,0,"oben_unten,innen_aussen,wir_sie,heute_morgen",0,0,0,0,
542988022102772,0,"oben_unten,innen_aussen,wir_sie,heute_morgen",0,0,0,0,
1199246515102601,0,"oben_unten,innen_aussen,wir_sie,heute_morgen",0,0,0,0,
4275978315964899,0,"oben_unten,innen_aussen,wir_sie,heute_morgen",0,0,0,0,
1308477520172183,0,"oben_unten,innen_aussen,wir_sie,heute_morgen",0,0,0,1,
1428592044730609,0,"oben_unten,innen_aussen,wir_sie,heute_morgen",0,0,0,1,
415078198295180,0,"oben_unten,innen_aussen,wir_sie,heute_morgen",0,0,0,0,
1608344846441449,0,"oben_unten,innen_aussen,wir_sie,heute_morgen",1,2,0,3,
2108478782919841,0,"oben_unten,innen_aussen,wir_sie,heute_morgen",0,0,0,1,
474045169110035,0,"oben_unten,innen_aussen,wir_sie,heute_morgen",2,0,0,1,
985871660069316,0,"oben_unten,innen_aussen,wir_sie,heute_morgen",1,0,0,1,
1300710457819552,0,"oben_unten,innen_aussen,wir_sie,heute_morgen",2,0,1,1,
362946583112219,0,"oben_unten,innen_aussen,wir_sie,heute_morgen",2,1,1,3,
609029018504707,0,"oben_unten,innen_aussen,wir_sie,heute_morgen",1,0,0,2,
1008855778422319,0,"oben_unten,innen_aussen,wir_sie,heute_morgen",2,0,1,1,
2615654818863373,0,"oben_unten,innen_aussen,wir_sie,heute_morgen",0,0,0,0,
311694004609355,0,"oben_unten,innen_aussen,wir_sie,heute_morgen",0,0,2,0,
913088213652909,0,"oben_unten,innen_aussen,wir_sie,heute_morgen",1,4,4,0,
1075790187003539,0,"oben_unten,innen_aussen,wir_sie,heute_morgen",1,4,4,0,
1003282811849059,0,"oben_unten,innen_aussen,wir_sie,heute_morgen",0,0,1,0,
1765420344219109,0,"oben_unten,innen_aussen,wir_sie,heute_morgen",1,0,1,2,
1194615320401772,0,"oben_unten,innen_aussen,wir_sie,heute_morgen",1,0,1,2,
918961343751998,0,"oben_unten,innen_aussen,wir_sie,heute_morgen",0,0,0,0,
1126559029090192,0,"oben_unten,innen_aussen,wir_sie,heute_morgen",0,0,1,1,
1337873533888064,0,"oben_unten,innen_aussen,wir_sie,heute_morgen",0,0,1,0,
966005778801879,0,"oben_unten,innen_aussen,wir_sie,heute_morgen",0,2,0,3,
1123632219870745,0,"oben_unten,innen_aussen,wir_sie,heute_morgen",0,0,0,0,
628426219598812,0,"oben_unten,innen_aussen,wir_sie,heute_morgen",0,0,0,1,
1153695905977242,0,"oben_unten,innen_aussen,wir_sie,heute_morgen",0,0,1,0,
1417819565974738,0,"oben_unten,innen_aussen,wir_sie,heute_morgen",0,0,1,1,
2067158137058354,0,"oben_unten,innen_aussen,wir_sie,heute_morgen",0,0,1,0,
646670041356749,0,"oben_unten,innen_aussen,wir_sie,heute_morgen",0,0,2,0,
1551275112246044,0,"oben_unten,innen_aussen,wir_sie,heute_morgen",0,1,3,0,
1557788621592144,0,"oben_unten,innen_aussen,wir_sie,heute_morgen",0,1,3,0,
463830443462354,0,"oben_unten,innen_aussen,wir_sie,heute_morgen",0,1,3,0,
1413223779743915,0,"oben_unten,innen_aussen,wir_sie,heute_morgen",0,0,2,1,
528643769578429,0,"oben_unten,innen_aussen,wir_sie,heute_morgen",0,0,0,0,
503559242339003,0,"oben_unten,innen_aussen,wir_sie,heute_morgen",0,0,2,0,
1254845358940493,0,"oben_unten,innen_aussen,wir_sie,heute_morgen",0,0,1,0,
28059107713714546,0,"oben_unten,innen_aussen,wir_sie,heute_morgen",3,0,1,0,
2538608963015440,0,"oben_unten,innen_aussen,wir_sie,heute_morgen",0,0,1,0,
984551146921794,0,"oben_unten,innen_aussen,wir_sie,heute_morgen",0,0,2,0,
960480162718522,0,"oben_unten,innen_aussen,wir_sie,heute_morgen",0,0,0,0,
2668354996885679,0,"oben_unten,innen_aussen,wir_sie,heute_morgen",0,0,1,0,
1891622895004122,0,"oben_unten,innen_aussen,wir_sie,heute_morgen",0,0,0,0,
403048355522128,0,"oben_unten,innen_aussen,wir_sie,heute_morgen",0,1,3,0,
930163652243957,0,"oben_unten,innen_aussen,wir_sie,heute_morgen",0,0,0,0,
9008247519303416,0,"oben_unten,innen_aussen,wir_sie,heute_morgen",0,0,2,0,
1496532131491219,0,"oben_unten,innen_aussen,wir_sie,heute_morgen",2,0,1,1,
532829522441944,0,"oben_unten,innen_aussen,wir_sie,heute_morgen",0,1,4,0,
1734045977153288,0,"oben_unten,innen_aussen,wir_sie,heute_morgen",2,0,0,1,
1688401892400067,0,"oben_unten,innen_aussen,wir_sie,heute_morgen",0,0,0,0,
1159242966253961,0,"oben_unten,innen_aussen,wir_sie,heute_morgen",0,0,0,0,
2146682909587986,0,"oben_unten,innen_aussen,wir_sie,heute_morgen",0,0,0,0,
898490655296297,0,"oben_unten,innen_aussen,wir_sie,heute_morgen",0,0,2,1,
1343845903731459,0,"oben_unten,innen_aussen,wir_sie,heute_morgen",0,0,1,1,
1280799059840122,0,"oben_unten,innen_aussen,wir_sie,heute_morgen",0,0,0,0,
641879825071949,0,"oben_unten,innen_aussen,wir_sie,heute_morgen",2,0,1,2,
1307090617007433,0,"oben_unten,innen_aussen,wir_sie,heute_morgen",0,0,1,0,
1152998946170073,0,"oben_unten,innen_aussen,wir_sie,heute_morgen",2,0,1,1,
633237359200786,0,"oben_unten,innen_aussen,wir_sie,heute_morgen",0,0,0,0,
1378217613177435,0,"oben_unten,innen_aussen,wir_sie,heute_morgen",0,0,2,0,
25032093663049871,0,"oben_unten,innen_aussen,wir_sie,heute_morgen",2,0,1,1,
1283535299428653,0,"oben_unten,innen_aussen,wir_sie,heute_morgen",0,0,2,0,
1986905038740061,0,"oben_unten,innen_aussen,wir_sie,heute_morgen",0,0,0,0,
1779203532865049,0,"oben_unten,innen_aussen,wir_sie,heute_morgen",0,0,2,0,
581984257525893,0,"oben_unten,innen_aussen,wir_sie,heute_morgen",1,0,1,1,
487712657403543,0,"oben_unten,innen_aussen,wir_sie,heute_morgen",0,0,3,0,
1990994821674665,0,"oben_unten,innen_aussen,wir_sie,heute_morgen",0,3,3,0,
2255804621904739,0,"oben_unten,innen_aussen,wir_sie,heute_morgen",2,0,1,1,
1012124657398068,0,"oben_unten,innen_aussen,wir_sie,heute_morgen",0,0,2,0,
925905752946211,0,"oben_unten,innen_aussen,wir_sie,heute_morgen",0,0,3,0,
4725824874406883,0,"oben_unten,innen_aussen,wir_sie,heute_morgen",1,0,0,2,
1142178950767097,0,"oben_unten,innen_aussen,wir_sie,heute_morgen",0,0,0,0,
1155113542991291,0,"oben_unten,innen_aussen,wir_sie,heute_morgen",0,0,0,0,
1826034218149294,0,"oben_unten,innen_aussen,wir_sie,heute_morgen",1,0,1,0,
605788775538678,0,"oben_unten,innen_aussen,wir_sie,heute_morgen",0,0,0,0,
1038786198263383,0,"oben_unten,innen_aussen,wir_sie,heute_morgen",0,0,2,0,
2003323340470196,0,"oben_unten,innen_aussen,wir_sie,heute_morgen",0,0,1,1,
1345451999445777,0,"oben_unten,innen_aussen,wir_sie,heute_morgen",1,0,0,0,
2011865955947422,0,"oben_unten,innen_aussen,wir_sie,heute_morgen",0,0,0,1,
971073831049861,0,"oben_unten,innen_aussen,wir_sie,heute_morgen",1,0,0,2,
1057723390457220,0,"oben_unten,innen_aussen,wir_sie,heute_morgen",0,0,1,1,
1341869293921392,0,"oben_unten,innen_aussen,wir_sie,heute_morgen",0,0,2,0,
2020725001770250,0,"oben_unten,innen_aussen,wir_sie,heute_morgen",0,0,2,0,
2705192663025210,0,"oben_unten,innen_aussen,wir_sie,heute_morgen",0,0,2,0,
565573689496390,0,"oben_unten,innen_aussen,wir_sie,heute_morgen",1,0,1,1,
1356646546424583,0,"oben_unten,innen_aussen,wir_sie,heute_morgen",0,0,0,1,
915832197394152,0,"oben_unten,innen_aussen,wir_sie,heute_morgen",0,0,1,0,
1562735515201696,0,"oben_unten,innen_aussen,wir_sie,heute_morgen",0,0,0,0,
1654499178480713,0,"oben_unten,innen_aussen,wir_sie,heute_morgen",1,0,0,2,
1392862096231074,0,"oben_unten,innen_aussen,wir_sie,heute_morgen",0,0,0,0,
588527104027545,0,"oben_unten,innen_aussen,wir_sie,heute_morgen",0,0,1,0,
1114361183525768,0,"oben_unten,innen_aussen,wir_sie,heute_morgen",0,0,1,0,
3942825259309591,0,"oben_unten,innen_aussen,wir_sie,heute_morgen",0,0,1,0,
1630677774242264,0,"oben_unten,innen_aussen,wir_sie,heute_morgen",0,0,1,0,
3962149414064221,0,"oben_unten,innen_aussen,wir_sie,heute_morgen",0,0,1,2,
2010648582912746,0,"oben_unten,innen_aussen,wir_sie,heute_morgen",0,0,0,0,
643011201495247,0,"oben_unten,innen_aussen,wir_sie,heute_morgen",0,0,2,0,
1715281849596841,0,"oben_unten,innen_aussen,wir_sie,heute_morgen",2,0,1,1,
1530561962150729,0,"oben_unten,innen_aussen,wir_sie,heute_morgen",1,0,1,1,
570747739292617,0,"oben_unten,innen_aussen,wir_sie,heute_morgen",0,0,2,0,
1127478965543348,0,"oben_unten,innen_aussen,wir_sie,heute_morgen",0,0,0,0,
1090086138888088,0,"oben_unten,innen_aussen,wir_sie,heute_morgen",0,0,2,0,
2723322174519317,0,"oben_unten,innen_aussen,wir_sie,heute_morgen",0,0,0,0,
909765327297296,0,"oben_unten,innen_aussen,wir_sie,heute_morgen",0,0,1,0,
999880901958810,0,"oben_unten,innen_aussen,wir_sie,heute_morgen",0,0,0,0,
635384005727700,0,"oben_unten,innen_aussen,wir_sie,heute_morgen",0,1,1,0,
1341586950614580,0,"oben_unten,innen_aussen,wir_sie,heute_morgen",0,0,0,0,
588303360877547,0,"oben_unten,innen_aussen,wir_sie,heute_morgen",0,0,3,0,
941371211467084,0,"oben_unten,innen_aussen,wir_sie,heute_morgen",0,0,0,0,
549328764726327,0,"oben_unten,innen_aussen,wir_sie,heute_morgen",0,0,1,1,
1274401577201311,0,"oben_unten,innen_aussen,wir_sie,heute_morgen",0,0,1,0,
1809421546557319,0,"oben_unten,innen_aussen,wir_sie,heute_morgen",0,0,0,0,
349229891430150,0,"oben_unten,innen_aussen,wir_sie,heute_morgen",0,0,2,0,
242198242296111,0,"oben_unten,innen_aussen,wir_sie,heute_morgen",0,0,2,1,
1105377081337626,0,"oben_unten,innen_aussen,wir_sie,heute_morgen",0,0,2,0,
1009982708534341,0,"oben_unten,innen_aussen,wir_sie,heute_morgen",1,0,1,2,
1351026026076069,0,"oben_unten,innen_aussen,wir_sie,heute_morgen",0,0,0,0,
888759663173435,0,"oben_unten,innen_aussen,wir_sie,heute_morgen",1,0,0,1,
803510081959299,0,"oben_unten,innen_aussen,wir_sie,heute_morgen",1,0,1,2,
1266684828006827,0,"oben_unten,innen_aussen,wir_sie,heute_morgen",0,0,0,0,
973657055665467,0,"oben_unten,innen_aussen,wir_sie,heute_morgen",1,0,1,1,
1358945791768791,0,"oben_unten,innen_aussen,wir_sie,heute_morgen",0,0,0,0,
1012056218470509,0,"oben_unten,innen_aussen,wir_sie,heute_morgen",0,3,1,1,
561492046937138,0,"oben_unten,innen_aussen,wir_sie,heute_morgen",0,0,2,0,
964011325155229,0,"oben_unten,innen_aussen,wir_sie,heute_morgen",0,0,2,0,
1778762779334600,0,"oben_unten,innen_aussen,wir_sie,heute_morgen",1,2,4,0,
637484998676531,0,"oben_unten,innen_aussen,wir_sie,heute_morgen",1,0,0,2,
1328066478941558,0,"oben_unten,innen_aussen,wir_sie,heute_morgen",0,0,0,0,
848846180511882,0,"oben_unten,innen_aussen,wir_sie,heute_morgen",0,0,3,0,
962684919162004,0,"oben_unten,innen_aussen,wir_sie,heute_morgen",1,0,1,2,
4451004075161142,0,"oben_unten,innen_aussen,wir_sie,heute_morgen",0,1,3,1,
941998208892822,0,"oben_unten,innen_aussen,wir_sie,heute_morgen",0,0,3,1,
308577115574161,0,"oben_unten,innen_aussen,wir_sie,heute_morgen",0,0,1,0,
1290711635500961,0,"oben_unten,innen_aussen,wir_sie,heute_morgen",0,0,0,0,
1133239207851127,0,"oben_unten,innen_aussen,wir_sie,heute_morgen",1,0,1,1,
1119586585749497,0,"oben_unten,innen_aussen,wir_sie,heute_morgen",0,1,0,3,
998120428874631,0,"oben_unten,innen_aussen,wir_sie,heute_morgen",1,0,0,2,
1400380284278928,0,"oben_unten,innen_aussen,wir_sie,heute_morgen",0,0,0,0,
885265934448009,0,"oben_unten,innen_aussen,wir_sie,heute_morgen",1,1,2,1,
1375938729784183,0,"oben_unten,innen_aussen,wir_sie,heute_morgen",0,1,0,2,
1715071672231898,0,"oben_unten,innen_aussen,wir_sie,heute_morgen",0,0,0,0,
1781163345990824,0,"oben_unten,innen_aussen,wir_sie,heute_morgen",0,0,0,0,
1457468888501840,0,"oben_unten,innen_aussen,wir_sie,heute_morgen",0,0,0,1,
1451874179046350,0,"oben_unten,innen_aussen,wir_sie,heute_morgen",3,1,1,2,
2079335529390058,0,"oben_unten,innen_aussen,wir_sie,heute_morgen",0,0,1,1,
1537449573779959,0,"oben_unten,innen_aussen,wir_sie,heute_morgen",0,0,0,0,
1507458371062799,0,"oben_unten,innen_aussen,wir_sie,heute_morgen",0,0,0,0,
954766405887714,0,"oben_unten,innen_aussen,wir_sie,heute_morgen",3,0,1,2,
1553029096400272,0,"oben_unten,innen_aussen,wir_sie,heute_morgen",0,0,0,0,
1345650737766238,0,"oben_unten,innen_aussen,wir_sie,heute_morgen",0,0,0,0,
1046012851124393,0,"oben_unten,innen_aussen,wir_sie,heute_morgen",0,0,0,0,
1021535170272890,0,"oben_unten,innen_aussen,wir_sie,heute_morgen",0,0,0,1,
1500633444148313,0,"oben_unten,innen_aussen,wir_sie,heute_morgen",0,1,0,2,
2212449232935505,0,"oben_unten,innen_aussen,wir_sie,heute_morgen",0,0,0,0,
323984260433844,0,"oben_unten,innen_aussen,wir_sie,heute_morgen",0,0,0,2,
1530980000800011,0,"oben_unten,innen_aussen,wir_sie,heute_morgen",0,0,1,1,
870686416110328,0,"oben_unten,innen_aussen,wir_sie,heute_morgen",0,1,2,3,
1806581486547612,0,"oben_unten,innen_aussen,wir_sie,heute_morgen",0,0,0,0,
3590053204625528,0,"oben_unten,innen_aussen,wir_sie,heute_morgen",0,0,0,1,
971876277695852,0,"oben_unten,innen_aussen,wir_sie,heute_morgen",1,3,0,3,
1582060203491849,0,"oben_unten,innen_aussen,wir_sie,heute_morgen",1,2,0,2,
1820349128479556,0,"oben_unten,innen_aussen,wir_sie,heute_morgen",0,0,0,1,
2785740234945717,0,"oben_unten,innen_aussen,wir_sie,heute_morgen",0,0,0,0,
2985417421808905,0,"oben_unten,innen_aussen,wir_sie,heute_morgen",0,0,0,0,
1527910892134714,0,"oben_unten,innen_aussen,wir_sie,heute_morgen",0,0,0,0,
927938095742076,0,"oben_unten,innen_aussen,wir_sie,heute_morgen",0,0,0,0,
1487796901862505,0,"oben_unten,innen_aussen,wir_sie,heute_morgen",0,0,0,0,
460770246528341,0,"oben_unten,innen_aussen,wir_sie,heute_morgen",0,1,0,2,
1783973909107157,0,"oben_unten,innen_aussen,wir_sie,heute_morgen",0,0,0,0,
2183617669161865,0,"oben_unten,innen_aussen,wir_sie,heute_morgen",0,0,0,0,
1742984437130332,0,"oben_unten,innen_aussen,wir_sie,heute_morgen",0,0,0,0,
1909736299493276,0,"oben_unten,innen_aussen,wir_sie,heute_morgen",0,0,1,1,
981706453795059,0,"oben_unten,innen_aussen,wir_sie,heute_morgen",0,0,0,0,
1040432701838788,0,"oben_unten,innen_aussen,wir_sie,heute_morgen",0,0,0,0,
1087229019046017,0,"oben_unten,innen_aussen,wir_sie,heute_morgen",0,0,0,1,
965513651816359,0,"oben_unten,innen_aussen,wir_sie,heute_morgen",0,0,0,0,
790661223822953,0,"oben_unten,innen_aussen,wir_sie,heute_morgen",0,0,1,1,
937238998541582,0,"oben_unten,innen_aussen,wir_sie,heute_morgen",0,1,0,1,
1727704968251662,0,"oben_unten,innen_aussen,wir_sie,heute_morgen",0,0,0,0,
533637992362775,0,"oben_unten,innen_aussen,wir_sie,heute_morgen",0,0,0,1,
983629686503515,0,"oben_unten,innen_aussen,wir_sie,heute_morgen",0,0,1,1,
962859182207994,0,"oben_unten,innen_aussen,wir_sie,heute_morgen",0,1,2,3,
1132709174708606,0,"oben_unten,innen_aussen,wir_sie,heute_morgen",0,1,0,1,
841450311357356,0,"oben_unten,innen_aussen,wir_sie,heute_morgen",0,0,1,0,
440575998594289,0,"oben_unten,innen_aussen,wir_sie,heute_morgen",0,0,0,0,
1132049498021939,0,"oben_unten,innen_aussen,wir_sie,heute_morgen",0,0,0,0,
1808039046373094,0,"oben_unten,innen_aussen,wir_sie,heute_morgen",0,0,0,0,
1743339906195154,0,"oben_unten,innen_aussen,wir_sie,heute_morgen",0,1,2,3,
2212958419494626,0,"oben_unten,innen_aussen,wir_sie,heute_morgen",0,0,0,0,
437375845822877,0,"oben_unten,innen_aussen,wir_sie,heute_morgen",0,0,0,1,
591993190121126,0,"oben_unten,innen_aussen,wir_sie,heute_morgen",0,0,0,0,
965404731799799,0,"oben_unten,innen_aussen,wir_sie,heute_morgen",0,0,0,0,
853079583322426,0,"oben_unten,innen_aussen,wir_sie,heute_morgen",0,0,0,2,
297089616702892,0,"oben_unten,innen_aussen,wir_sie,heute_morgen",0,0,0,0,
1151446100378879,0,"oben_unten,innen_aussen,wir_sie,heute_morgen",0,0,0,0,
1942410626211029,0,"oben_unten,innen_aussen,wir_sie,heute_morgen",0,0,0,0,
980149450453575,0,"oben_unten,innen_aussen,wir_sie,heute_morgen",0,0,0,1,
3697563997165529,0,"oben_unten,innen_aussen,wir_sie,heute_morgen",0,1,1,3,
1275405336751184,0,"oben_unten,innen_aussen,wir_sie,heute_morgen",0,0,0,0,
875986191186750,0,"oben_unten,innen_aussen,wir_sie,heute_morgen",0,0,0,0,
2957950917689502,0,"oben_unten,innen_aussen,wir_sie,heute_morgen",0,0,1,2,
1168439091133873,0,"oben_unten,innen_aussen,wir_sie,heute_morgen",0,0,0,0,
480056507922850,0,"oben_unten,innen_aussen,wir_sie,heute_morgen",0,0,0,0,
1123704335900007,0,"oben_unten,innen_aussen,wir_sie,heute_morgen",0,0,0,0,
467069309189776,0,"oben_unten,innen_aussen,wir_sie,heute_morgen",0,0,0,0,
589159550545521,0,"oben_unten,innen_aussen,wir_sie,heute_morgen",0,0,1,1,
3329357400701910,0,"oben_unten,innen_aussen,wir_sie,heute_morgen",0,0,0,0,
1985279192123282,0,"oben_unten,innen_aussen,wir_sie,heute_morgen",0,0,0,0,
1302834470869203,0,"oben_unten,innen_aussen,wir_sie,heute_morgen",0,1,0,0,
1845182012575158,0,"oben_unten,innen_aussen,wir_sie,heute_morgen",0,0,0,1,
1756965194827955,0,"oben_unten,innen_aussen,wir_sie,heute_morgen",0,1,2,2,
1114348719675022,0,"oben_unten,innen_aussen,wir_sie,heute_morgen",0,1,0,1,
1020256376513898,0,"oben_unten,innen_aussen,wir_sie,heute_morgen",0,0,1,1,
3277913272513827,0,"oben_unten,innen_aussen,wir_sie,heute_morgen",0,0,0,0,
473993115139389,0,"oben_unten,innen_aussen,wir_sie,heute_morgen",0,0,1,1,
798816909562890,0,"oben_unten,innen_aussen,wir_sie,heute_morgen",0,0,1,1,
463255236188400,0,"oben_unten,innen_aussen,wir_sie,heute_morgen",0,0,0,0,
765910962903886,0,"oben_unten,innen_aussen,wir_sie,heute_morgen",0,0,0,0,
838009481556532,0,"oben_unten,innen_aussen,wir_sie,heute_morgen",0,0,0,1,
770032595345971,0,"oben_unten,innen_aussen,wir_sie,heute_morgen",0,0,1,0,
1299771354685130,0,"oben_unten,innen_aussen,wir_sie,heute_morgen",0,0,0,0,
502331429498729,0,"oben_unten,innen_aussen,wir_sie,heute_morgen",0,0,3,1,
472666991840738,0,"oben_unten,innen_aussen,wir_sie,heute_morgen",0,0,0,0,
1135420918142658,0,"oben_unten,innen_aussen,wir_sie,heute_morgen",0,0,1,0,
2031635074496063,0,"oben_unten,innen_aussen,wir_sie,heute_morgen",0,0,0,1,
1037131452184619,0,"oben_unten,innen_aussen,wir_sie,heute_morgen",2,0,0,1,
467440649216272,0,"oben_unten,innen_aussen,wir_sie,heute_morgen",0,0,0,1,
1506496943357660,0,"oben_unten,innen_aussen,wir_sie,heute_morgen",0,0,0,0,
976379730938531,0,"oben_unten,innen_aussen,wir_sie,heute_morgen",0,3,1,0,
975277530959323,0,"oben_unten,innen_aussen,wir_sie,heute_morgen",0,0,0,0,
27216190281336985,0,"oben_unten,innen_aussen,wir_sie,heute_morgen",0,0,0,0,
884449200561198,0,"oben_unten,innen_aussen,wir_sie,heute_morgen",0,0,0,0,
854293029912170,0,"oben_unten,innen_aussen,wir_sie,heute_morgen",0,0,0,1,
2559671247811957,0,"oben_unten,innen_aussen,wir_sie,heute_morgen",0,0,0,0,
563361333525402,0,"oben_unten,innen_aussen,wir_sie,heute_morgen",0,0,0,0,
2290893157909198,0,"oben_unten,innen_aussen,wir_sie,heute_morgen",0,0,2,1,
1787764931979719,0,"oben_unten,innen_aussen,wir_sie,heute_morgen",1,0,0,3,
3197298817073431,0,"oben_unten,innen_aussen,wir_sie,heute_morgen",0,0,1,3,
971547569305787,0,"oben_unten,innen_aussen,wir_sie,heute_morgen",0,0,1,1,
1811020826205069,0,"oben_unten,innen_aussen,wir_sie,heute_morgen",0,0,2,0,
1026297133090248,0,"oben_unten,innen_aussen,wir_sie,heute_morgen",0,0,0,0,
580303581357092,0,"oben_unten,innen_aussen,wir_sie,heute_morgen",0,0,0,2,
1539657974530421,0,"oben_unten,innen_aussen,wir_sie,heute_morgen",2,0,1,3,
1554768439694507,0,"oben_unten,innen_aussen,wir_sie,heute_morgen",3,0,1,2,
1069815088948299,0,"oben_unten,innen_aussen,wir_sie,heute_morgen",1,0,0,2,
413225937903966,0,"oben_unten,innen_aussen,wir_sie,heute_morgen",0,0,0,1,
1023955567125173,0,"oben_unten,innen_aussen,wir_sie,heute_morgen",1,0,0,2,
1486238359251135,0,"oben_unten,innen_aussen,wir_sie,heute_morgen",0,0,1,1,
1203456007444890,0,"oben_unten,innen_aussen,wir_sie,heute_morgen",3,0,1,2,
1013084097184620,0,"oben_unten,innen_aussen,wir_sie,heute_morgen",0,0,0,1,
8527840147274240,0,"oben_unten,innen_aussen,wir_sie,heute_morgen",1,0,1,3,
1102300311575772,0,"oben_unten,innen_aussen,wir_sie,heute_morgen",0,0,0,1,
675902231657583,0,"oben_unten,innen_aussen,wir_sie,heute_morgen",3,0,1,2,
1974382850027193,0,"oben_unten,innen_aussen,wir_sie,heute_morgen",0,0,1,0,
1006727588134283,0,"oben_unten,innen_aussen,wir_sie,heute_morgen",3,0,1,1,
1169107824578700,0,"oben_unten,innen_aussen,wir_sie,heute_morgen",3,0,1,1,
607606788854166,0,"oben_unten,innen_aussen,wir_sie,heute_morgen",0,0,0,1,
1432217424506242,0,"oben_unten,innen_aussen,wir_sie,heute_morgen",3,0,1,2,
1288122939179742,0,"oben_unten,innen_aussen,wir_sie,heute_morgen",3,0,1,1,
2012797319471157,0,"oben_unten,innen_aussen,wir_sie,heute_morgen",3,0,1,1,
2029057987570918,0,"oben_unten,innen_aussen,wir_sie,heute_morgen",0,0,1,2,
1048914994472274,0,"oben_unten,innen_aussen,wir_sie,heute_morgen",3,0,1,1,
1701749103831214,0,"oben_unten,innen_aussen,wir_sie,heute_morgen",3,0,1,2,
1530822600962540,0,"oben_unten,innen_aussen,wir_sie,heute_morgen",0,0,0,1,
3954999381395691,0,"oben_unten,innen_aussen,wir_sie,heute_morgen",3,0,1,1,
24541731412154802,0,"oben_unten,innen_aussen,wir_sie,heute_morgen",3,0,1,2,
1357769278915756,0,"oben_unten,innen_aussen,wir_sie,heute_morgen",0,0,1,1,
2307087463032131,0,"oben_unten,innen_aussen,wir_sie,heute_morgen",3,0,0,2,
2045615712642833,0,"oben_unten,innen_aussen,wir_sie,heute_morgen",3,0,1,2,
1079449391018674,0,"oben_unten,innen_aussen,wir_sie,heute_morgen",3,0,1,1,
2821421931360726,0,"oben_unten,innen_aussen,wir_sie,heute_morgen",3,0,1,1,
24573863205590264,0,"oben_unten,innen_aussen,wir_sie,heute_morgen",3,0,1,1,
2010548859757826,0,"oben_unten,innen_aussen,wir_sie,heute_morgen",3,0,1,1,
1361065195609325,0,"oben_unten,innen_aussen,wir_sie,heute_morgen",3,0,1,1,
1314009083182567,0,"oben_unten,innen_aussen,wir_sie,heute_morgen",0,0,0,0,
1318778836618136,0,"oben_unten,innen_aussen,wir_sie,heute_morgen",3,0,1,1,
2347783768951460,0,"oben_unten,innen_aussen,wir_sie,heute_morgen",3,0,1,1,
1313030040531736,0,"oben_unten,innen_aussen,wir_sie,heute_morgen",3,0,1,2,
1340357687526599,0,"oben_unten,innen_aussen,wir_sie,heute_morgen",3,0,1,1,
660446009755075,0,"oben_unten,innen_aussen,wir_sie,heute_morgen",0,0,0,0,
1102413048766826,0,"oben_unten,innen_aussen,wir_sie,heute_morgen",3,0,1,2,
718787531219692,0,"oben_unten,innen_aussen,wir_sie,heute_morgen",3,0,1,1,
788205253822282,0,"oben_unten,innen_aussen,wir_sie,heute_morgen",3,0,1,1,
9313316882046400,0,"oben_unten,innen_aussen,wir_sie,heute_morgen",0,0,2,2,
948080380312543,0,"oben_unten,innen_aussen,wir_sie,heute_morgen",0,0,2,0,
3692031461099836,0,"oben_unten,innen_aussen,wir_sie,heute_morgen",3,0,1,2,
922668983399893,0,"oben_unten,innen_aussen,wir_sie,heute_morgen",0,0,0,0,
1552423282777266,0,"oben_unten,innen_aussen,wir_sie,heute_morgen",3,0,1,1,
1802937190454730,0,"oben_unten,innen_aussen,wir_sie,heute_morgen",0,0,1,1,
773174208899148,0,"oben_unten,innen_aussen,wir_sie,heute_morgen",2,0,2,0,
1144996560895266,0,"oben_unten,innen_aussen,wir_sie,heute_morgen",0,0,3,0,
1162187605346783,0,"oben_unten,innen_aussen,wir_sie,heute_morgen",0,0,0,1,
3686048721532411,0,"oben_unten,innen_aussen,wir_sie,heute_morgen",3,0,1,1,
887668479949070,0,"oben_unten,innen_aussen,wir_sie,heute_morgen",0,1,3,1,
2435014406851707,0,"oben_unten,innen_aussen,wir_sie,heute_morgen",0,0,0,1,
2044155639358137,0,"oben_unten,innen_aussen,wir_sie,heute_morgen",0,0,0,0,
373796122336276,0,"oben_unten,innen_aussen,wir_sie,heute_morgen",0,0,1,2,
1688501955404341,0,"oben_unten,innen_aussen,wir_sie,heute_morgen",0,0,0,1,
1294271131557604,0,"oben_unten,innen_aussen,wir_sie,heute_morgen",0,0,0,0,
1114913189953726,0,"oben_unten,innen_aussen,wir_sie,heute_morgen",1,0,0,2,
2666498876881823,0,"oben_unten,innen_aussen,wir_sie,heute_morgen",0,0,1,0,
1850663105881533,0,"oben_unten,innen_aussen,wir_sie,heute_morgen",0,0,1,1,
1915720698957855,0,"oben_unten,innen_aussen,wir_sie,heute_morgen",0,0,0,0,
8834809209975063,0,"oben_unten,innen_aussen,wir_sie,heute_morgen",0,0,0,1,
592735060279144,0,"oben_unten,innen_aussen,wir_sie,heute_morgen",0,0,0,1,
2664568353728478,0,"oben_unten,innen_aussen,wir_sie,heute_morgen",1,0,0,2,
1559137851799318,0,"oben_unten,innen_aussen,wir_sie,heute_morgen",1,3,2,2,
1120924859827946,0,"oben_unten,innen_aussen,wir_sie,heute_morgen",2,0,0,0,
600356382950375,0,"oben_unten,innen_aussen,wir_sie,heute_morgen",0,0,0,1,
1138673650997772,0,"oben_unten,innen_aussen,wir_sie,heute_morgen",0,0,0,0,
1387087175589511,0,"oben_unten,innen_aussen,wir_sie,heute_morgen",0,0,0,1,
543541258294798,0,"oben_unten,innen_aussen,wir_sie,heute_morgen",0,0,0,0,
1025206482709324,0,"oben_unten,innen_aussen,wir_sie,heute_morgen",1,3,2,1,
4020033981602051,0,"oben_unten,innen_aussen,wir_sie,heute_morgen",0,0,0,0,
8498632936858376,0,"oben_unten,innen_aussen,wir_sie,heute_morgen",0,0,0,0,
484991460555995,0,"oben_unten,innen_aussen,wir_sie,heute_morgen",3,3,0,2,
483235424096923,0,"oben_unten,innen_aussen,wir_sie,heute_morgen",0,0,0,1,
1098449118679029,0,"oben_unten,innen_aussen,wir_sie,heute_morgen",1,3,0,2,
1294087411616860,0,"oben_unten,innen_aussen,wir_sie,heute_morgen",0,1,0,2,
1224780125457665,0,"oben_unten,innen_aussen,wir_sie,heute_morgen",0,0,0,1,
1289403525544317,0,"oben_unten,innen_aussen,wir_sie,heute_morgen",1,0,1,3,
1376312160020123,0,"oben_unten,innen_aussen,wir_sie,heute_morgen",3,3,0,1,
2050978312089251,0,"oben_unten,innen_aussen,wir_sie,heute_morgen",3,4,0,2,
1001824741861214,0,"oben_unten,innen_aussen,wir_sie,heute_morgen",1,0,0,2,
1327680341591034,0,"oben_unten,innen_aussen,wir_sie,heute_morgen",1,0,1,2,
1324539602304544,0,"oben_unten,innen_aussen,wir_sie,heute_morgen",1,1,0,1,
1343766083654608,0,"oben_unten,innen_aussen,wir_sie,heute_morgen",1,0,1,1,
1359392422161104,0,"oben_unten,innen_aussen,wir_sie,heute_morgen",0,0,1,1,
1149529950092431,0,"oben_unten,innen_aussen,wir_sie,heute_morgen",0,0,0,1,
1676822056590515,0,"oben_unten,innen_aussen,wir_sie,heute_morgen",0,0,0,2,
1119291902651222,0,"oben_unten,innen_aussen,wir_sie,heute_morgen",0,0,0,1,
1298102974808026,0,"oben_unten,innen_aussen,wir_sie,heute_morgen",0,0,0,0,
1119317776167368,0,"oben_unten,innen_aussen,wir_sie,heute_morgen",1,0,0,2,
950786697163614,0,"oben_unten,innen_aussen,wir_sie,heute_morgen",0,0,0,0,
611077324751622,0,"oben_unten,innen_aussen,wir_sie,heute_morgen",0,0,2,1,
587068777276218,0,"oben_unten,innen_aussen,wir_sie,heute_morgen",0,0,0,0,
566427146364679,0,"oben_unten,innen_aussen,wir_sie,heute_morgen",0,0,0,1,
1553744308640965,0,"oben_unten,innen_aussen,wir_sie,heute_morgen",0,0,0,1,
491602310644569,0,"oben_unten,innen_aussen,wir_sie,heute_morgen",2,0,1,3,
8815131021943253,0,"oben_unten,innen_aussen,wir_sie,heute_morgen",2,0,0,2,
1322324035622949,0,"oben_unten,innen_aussen,wir_sie,heute_morgen",0,1,2,0,
1173736320758697,0,"oben_unten,innen_aussen,wir_sie,heute_morgen",4,0,1,3,
578339438522797,0,"oben_unten,innen_aussen,wir_sie,heute_morgen",0,0,0,1,
1288361389029560,0,"oben_unten,innen_aussen,wir_sie,heute_morgen",0,0,0,0,
2607597512964386,0,"oben_unten,innen_aussen,wir_sie,heute_morgen",3,0,0,2,
1816547985765936,0,"oben_unten,innen_aussen,wir_sie,heute_morgen",3,0,0,2,
2342376572785320,0,"oben_unten,innen_aussen,wir_sie,heute_morgen",3,0,0,2,
1795838157939383,0,"oben_unten,innen_aussen,wir_sie,heute_morgen",0,0,2,0,
923839166628160,0,"oben_unten,innen_aussen,wir_sie,heute_morgen",3,0,0,2,
1113451623610877,0,"oben_unten,innen_aussen,wir_sie,heute_morgen",3,0,0,2,
3909694869309277,0,"oben_unten,innen_aussen,wir_sie,heute_morgen",3,0,0,2,
1373477697355649,0,"oben_unten,innen_aussen,wir_sie,heute_morgen",3,0,0,2,
1798825444080518,0,"oben_unten,innen_aussen,wir_sie,heute_morgen",0,3,0,1,
636132942132686,0,"oben_unten,innen_aussen,wir_sie,heute_morgen",0,0,0,1,
2124179184651776,0,"oben_unten,innen_aussen,wir_sie,heute_morgen",0,0,0,0,
10024034384279433,0,"oben_unten,innen_aussen,wir_sie,heute_morgen",0,4,2,1,
1702902480353425,0,"oben_unten,innen_aussen,wir_sie,heute_morgen",0,0,0,0,
1847068376265045,0,"oben_unten,innen_aussen,wir_sie,heute_morgen",0,0,0,1,
955614344189032,0,"oben_unten,innen_aussen,wir_sie,heute_morgen",0,0,0,0,
1097429858849963,0,"oben_unten,innen_aussen,wir_sie,heute_morgen",0,0,0,1,
973253437610783,0,"oben_unten,innen_aussen,wir_sie,heute_morgen",0,0,0,1,
1008271025276666,0,"oben_unten,innen_aussen,wir_sie,heute_morgen",0,0,0,0,
1556854212475209,0,"oben_unten,innen_aussen,wir_sie,heute_morgen",0,0,1,0,
639158448859686,0,"oben_unten,innen_aussen,wir_sie,heute_morgen",0,0,0,1,
2647951095653913,0,"oben_unten,innen_aussen,wir_sie,heute_morgen",0,0,2,0,
1786184526075296,0,"oben_unten,innen_aussen,wir_sie,heute_morgen",0,0,1,2,
941895102237536,0,"oben_unten,innen_aussen,wir_sie,heute_morgen",0,0,1,1,
1568149324655892,0,"oben_unten,innen_aussen,wir_sie,heute_morgen",0,0,1,0,
2049866676406894,0,"oben_unten,innen_aussen,wir_sie,heute_morgen",0,0,0,0,
783101877847662,0,"oben_unten,innen_aussen,wir_sie,heute_morgen",0,0,0,0,
1450188760206644,0,"oben_unten,innen_aussen,wir_sie,heute_morgen",0,0,1,0,
1620879748542140,0,"oben_unten,innen_aussen,wir_sie,heute_morgen",0,0,0,1,
1339934371572738,0,"oben_unten,innen_aussen,wir_sie,heute_morgen",1,0,2,1,
2090466428469931,0,"oben_unten,innen_aussen,wir_sie,heute_morgen",0,0,2,1,
1574401974349314,0,"oben_unten,innen_aussen,wir_sie,heute_morgen",0,0,0,0,
1564116508412367,0,"oben_unten,innen_aussen,wir_sie,heute_morgen",0,0,0,2,
1722585111989390,0,"oben_unten,innen_aussen,wir_sie,heute_morgen",0,0,1,2,
577326652010203,0,"oben_unten,innen_aussen,wir_sie,heute_morgen",1,2,0,1,
1732893294377473,0,"oben_unten,innen_aussen,wir_sie,heute_morgen",0,0,0,1,
1152404916585203,0,"oben_unten,innen_aussen,wir_sie,heute_morgen",0,0,0,1,
1710460040001433,0,"oben_unten,innen_aussen,wir_sie,heute_morgen",3,0,1,1,
3001464893344887,0,"oben_unten,innen_aussen,wir_sie,heute_morgen",1,0,4,0,
9640548002662606,0,"oben_unten,innen_aussen,wir_sie,heute_morgen",0,0,0,1,
644989057920877,0,"oben_unten,innen_aussen,wir_sie,heute_morgen",0,1,0,3,
1142086794365723,0,"oben_unten,innen_aussen,wir_sie,heute_morgen",2,0,1,3,
1529094638999561,0,"oben_unten,innen_aussen,wir_sie,heute_morgen",1,0,1,1,
663944139403675,0,"oben_unten,innen_aussen,wir_sie,heute_morgen",0,0,0,1,
996796479833468,0,"oben_unten,innen_aussen,wir_sie,heute_morgen",0,0,0,1,
1546981080150330,0,"oben_unten,innen_aussen,wir_sie,heute_morgen",1,1,2,2,
562687792797844,0,"oben_unten,innen_aussen,wir_sie,heute_morgen",0,0,4,1,
1300995608685212,0,"oben_unten,innen_aussen,wir_sie,heute_morgen",1,3,3,1,
1529370545591056,0,"oben_unten,innen_aussen,wir_sie,heute_morgen",0,0,0,2,
1730879014710148,0,"oben_unten,innen_aussen,wir_sie,heute_morgen",0,0,0,3,
828267153553323,0,"oben_unten,innen_aussen,wir_sie,heute_morgen",0,0,0,2,
928516692523767,0,"oben_unten,innen_aussen,wir_sie,heute_morgen",0,0,2,1,
3705091849655560,0,"oben_unten,innen_aussen,wir_sie,heute_morgen",0,0,0,1,
1714843929570235,0,"oben_unten,innen_aussen,wir_sie,heute_morgen",0,0,0,1,
2058662748060180,0,"oben_unten,innen_aussen,wir_sie,heute_morgen",0,1,0,2,
1635963527291952,0,"oben_unten,innen_aussen,wir_sie,heute_morgen",0,0,3,2,
1335700458542405,0,"oben_unten,innen_aussen,wir_sie,heute_morgen",1,0,3,2,
659938999852103,0,"oben_unten,innen_aussen,wir_sie,heute_morgen",0,0,4,3,
1736079364002751,0,"oben_unten,innen_aussen,wir_sie,heute_morgen",0,0,0,1,
1164734795143253,0,"oben_unten,innen_aussen,wir_sie,heute_morgen",1,3,2,0,
1765167931323633,0,"oben_unten,innen_aussen,wir_sie,heute_morgen",1,4,3,2,
4376064745977147,0,"oben_unten,innen_aussen,wir_sie,heute_morgen",0,0,0,0,
1367217888808854,0,"oben_unten,innen_aussen,wir_sie,heute_morgen",2,1,0,2,
2664530053975759,0,"oben_unten,innen_aussen,wir_sie,heute_morgen",0,0,0,0,
1015726921046664,0,"oben_unten,innen_aussen,wir_sie,heute_morgen",0,0,0,1,
549934607735283,0,"oben_unten,innen_aussen,wir_sie,heute_morgen",1,0,0,2,
27546630094966690,0,"oben_unten,innen_aussen,wir_sie,heute_morgen",0,0,0,1,
2223917595072359,0,"oben_unten,innen_aussen,wir_sie,heute_morgen",0,0,1,2,
1471362690874438,0,"oben_unten,innen_aussen,wir_sie,heute_morgen",0,0,0,0,
734198646109280,0,"oben_unten,innen_aussen,wir_sie,heute_morgen",0,0,0,2,
2596047797515025,0,"oben_unten,innen_aussen,wir_sie,heute_morgen",0,0,1,0,
3459517980881045,0,"oben_unten,innen_aussen,wir_sie,heute_morgen",3,1,2,3,
1479935300819197,0,"oben_unten,innen_aussen,wir_sie,heute_morgen",2,2,1,2,
1809653969760824,0,"oben_unten,innen_aussen,wir_sie,heute_morgen",1,0,0,2,
2120194405206969,0,"oben_unten,innen_aussen,wir_sie,heute_morgen",1,0,1,2,
28193903960244566,0,"oben_unten,innen_aussen,wir_sie,heute_morgen",3,0,0,2,
1557308712606998,0,"oben_unten,innen_aussen,wir_sie,heute_morgen",0,0,0,2,
1343881667947562,0,"oben_unten,innen_aussen,wir_sie,heute_morgen",0,0,1,2,
2202382910518819,0,"oben_unten,innen_aussen,wir_sie,heute_morgen",0,0,0,0,
1770961100738210,0,"oben_unten,innen_aussen,wir_sie,heute_morgen",0,0,0,0,
1778330563603160,0,"oben_unten,innen_aussen,wir_sie,heute_morgen",0,0,0,2,
1732010531472476,0,"oben_unten,innen_aussen,wir_sie,heute_morgen",0,0,1,0,
1646777093065072,0,"oben_unten,innen_aussen,wir_sie,heute_morgen",0,3,0,2,
1788011392563762,0,"oben_unten,innen_aussen,wir_sie,heute_morgen",0,0,0,2,
1505631080644426,0,"oben_unten,innen_aussen,wir_sie,heute_morgen",0,3,0,2,
2045465819387827,0,"oben_unten,innen_aussen,wir_sie,heute_morgen",0,0,0,0,
1554401666137686,0,"oben_unten,innen_aussen,wir_sie,heute_morgen",0,0,0,0,
1249193710028563,0,"oben_unten,innen_aussen,wir_sie,heute_morgen",0,0,0,3,
1677467813236211,0,"oben_unten,innen_aussen,wir_sie,heute_morgen",0,0,0,1,
1180826850887463,0,"oben_unten,innen_aussen,wir_sie,heute_morgen",2,0,0,2,
1502200024388713,0,"oben_unten,innen_aussen,wir_sie,heute_morgen",0,0,0,1,
1255930189805143,0,"oben_unten,innen_aussen,wir_sie,heute_morgen",0,0,0,1,
1984565088851962,0,"oben_unten,innen_aussen,wir_sie,heute_morgen",0,0,0,1,
1021676186908315,0,"oben_unten,innen_aussen,wir_sie,heute_morgen",2,0,1,3,
1550308922998056,0,"oben_unten,innen_aussen,wir_sie,heute_morgen",3,0,0,1,
2016554505617558,0,"oben_unten,innen_aussen,wir_sie,heute_morgen",0,0,1,0,
1013082378359167,0,"oben_unten,innen_aussen,wir_sie,heute_morgen",0,0,0,1,
1502636351059250,0,"oben_unten,innen_aussen,wir_sie,heute_morgen",0,0,0,2,
1583268090174808,0,"oben_unten,innen_aussen,wir_sie,heute_morgen",0,0,0,0,
1457249752898978,0,"oben_unten,innen_aussen,wir_sie,heute_morgen",0,0,0,1,
1365660622088454,0,"oben_unten,innen_aussen,wir_sie,heute_morgen",0,1,0,2,
2127539884779242,0,"oben_unten,innen_aussen,wir_sie,heute_morgen",0,1,1,0,
1354745816607444,0,"oben_unten,innen_aussen,wir_sie,heute_morgen",0,0,0,0,
2260230271381453,0,"oben_unten,innen_aussen,wir_sie,heute_morgen",0,0,0,0,
1488573605916537,0,"oben_unten,innen_aussen,wir_sie,heute_morgen",0,1,1,1,
1733531811116888,0,"oben_unten,innen_aussen,wir_sie,heute_morgen",0,0,0,0,
1782120086105840,0,"oben_unten,innen_aussen,wir_sie,heute_morgen",0,0,0,0,
1051012744011353,0,"oben_unten,innen_aussen,wir_sie,heute_morgen",0,0,0,0,
1576378753867560,0,"oben_unten,innen_aussen,wir_sie,heute_morgen",0,0,0,1,
2056935075071073,0,"oben_unten,innen_aussen,wir_sie,heute_morgen",0,0,0,0,
1904823576861450,0,"oben_unten,innen_aussen,wir_sie,heute_morgen",0,0,0,1,
1229451575958213,0,"oben_unten,innen_aussen,wir_sie,heute_morgen",0,0,0,2,
1380715627162239,0,"oben_unten,innen_aussen,wir_sie,heute_morgen",0,0,1,1,
784780093959053,0,"oben_unten,innen_aussen,wir_sie,heute_morgen",0,0,0,0,
1319420669681938,0,"oben_unten,innen_aussen,wir_sie,heute_morgen",0,0,0,1,
846466878286733,0,"oben_unten,innen_aussen,wir_sie,heute_morgen",0,1,0,2,
1019390960492694,0,"oben_unten,innen_aussen,wir_sie,heute_morgen",0,1,0,2,
1012370898468308,0,"oben_unten,innen_aussen,wir_sie,heute_morgen",0,0,0,0,
1340750990836258,0,"oben_unten,innen_aussen,wir_sie,heute_morgen",0,0,0,0,
1001998559413129,0,"oben_unten,innen_aussen,wir_sie,heute_morgen",0,0,0,0,
1025189083429263,0,"oben_unten,innen_aussen,wir_sie,heute_morgen",0,0,0,0,
1433675241083013,0,"oben_unten,innen_aussen,wir_sie,heute_morgen",0,3,0,1,
1304974961052401,0,"oben_unten,innen_aussen,wir_sie,heute_morgen",0,1,0,2,
946374518414273,0,"oben_unten,innen_aussen,wir_sie,heute_morgen",0,0,0,1,
1306689771547941,0,"oben_unten,innen_aussen,wir_sie,heute_morgen",0,0,0,1,
1740255723765007,0,"oben_unten,innen_aussen,wir_sie,heute_morgen",0,0,0,0,
1340123290883793,0,"oben_unten,innen_aussen,wir_sie,heute_morgen",2,0,0,2,
1713973976538730,0,"oben_unten,innen_aussen,wir_sie,heute_morgen",0,0,1,0,
3438969699605976,0,"oben_unten,innen_aussen,wir_sie,heute_morgen",2,0,0,2,
1555213246272947,0,"oben_unten,innen_aussen,wir_sie,heute_morgen",3,0,1,2,
1041605601745973,0,"oben_unten,innen_aussen,wir_sie,heute_morgen",2,0,0,1,
3139862376204887,0,"oben_unten,innen_aussen,wir_sie,heute_morgen",0,0,0,0,
3218640208523633,0,"oben_unten,innen_aussen,wir_sie,heute_morgen",1,0,0,2,
836008519201456,0,"oben_unten,innen_aussen,wir_sie,heute_morgen",0,0,0,0,
1558323562420928,0,"oben_unten,innen_aussen,wir_sie,heute_morgen",0,0,0,0,
1321804876389770,0,"oben_unten,innen_aussen,wir_sie,heute_morgen",0,0,0,0,
1396151405673775,0,"oben_unten,innen_aussen,wir_sie,heute_morgen",0,0,0,0,
1153232683655199,0,"oben_unten,innen_aussen,wir_sie,heute_morgen",3,2,1,2,
2180378442472879,0,"oben_unten,innen_aussen,wir_sie,heute_morgen",0,0,0,1,
2054440528684036,0,"oben_unten,innen_aussen,wir_sie,heute_morgen",0,0,1,3,
732486623198065,0,"oben_unten,innen_aussen,wir_sie,heute_morgen",0,1,2,1,
1087078743662381,0,"oben_unten,innen_aussen,wir_sie,heute_morgen",0,0,0,1,
1063694509657135,0,"oben_unten,innen_aussen,wir_sie,heute_morgen",0,0,0,1,
3451887901645079,0,"oben_unten,innen_aussen,wir_sie,heute_morgen",0,0,0,0,
1362330588705738,0,"oben_unten,innen_aussen,wir_sie,heute_morgen",0,0,0,1,
1325320796468126,0,"oben_unten,innen_aussen,wir_sie,heute_morgen",0,0,2,1,
862264216454796,0,"oben_unten,innen_aussen,wir_sie,heute_morgen",0,0,0,1,
2346422149428803,0,"oben_unten,innen_aussen,wir_sie,heute_morgen",0,0,0,0,
1356269126602703,0,"oben_unten,innen_aussen,wir_sie,heute_morgen",0,1,0,2,
2575582426208862,0,"oben_unten,innen_aussen,wir_sie,heute_morgen",0,0,0,0,
1725254382005690,0,"oben_unten,innen_aussen,wir_sie,heute_morgen",1,0,0,2,
1611029850263910,0,"oben_unten,innen_aussen,wir_sie,heute_morgen",1,3,3,0,
787646067171313,0,"oben_unten,innen_aussen,wir_sie,heute_morgen",0,0,0,1,
999178736281309,0,"oben_unten,innen_aussen,wir_sie,heute_morgen",0,0,0,2,
978255861933166,0,"oben_unten,innen_aussen,wir_sie,heute_morgen",0,0,0,1,
1365846982093944,0,"oben_unten,innen_aussen,wir_sie,heute_morgen",2,0,1,2,
1062223979495314,0,"oben_unten,innen_aussen,wir_sie,heute_morgen",0,0,0,1,
1781259139698068,0,"oben_unten,innen_aussen,wir_sie,heute_morgen",0,0,0,0,
1073287515073018,0,"oben_unten,innen_aussen,wir_sie,heute_morgen",0,0,0,1,
1404043581545901,0,"oben_unten,innen_aussen,wir_sie,heute_morgen",0,0,0,0,
917136051398825,0,"oben_unten,innen_aussen,wir_sie,heute_morgen",0,0,0,1,
1581901713438123,0,"oben_unten,innen_aussen,wir_sie,heute_morgen",2,0,0,1,
1445134940994555,0,"oben_unten,innen_aussen,wir_sie,heute_morgen",2,0,1,1,
1099976329264893,0,"oben_unten,innen_aussen,wir_sie,heute_morgen",1,0,0,1,
2280174746145768,0,"oben_unten,innen_aussen,wir_sie,heute_morgen",2,0,0,1,
1370356705077304,0,"oben_unten,innen_aussen,wir_sie,heute_morgen",3,0,1,2,
27688152194149843,0,"oben_unten,innen_aussen,wir_sie,heute_morgen",1,0,0,2,
1639798147082917,0,"oben_unten,innen_aussen,wir_sie,heute_morgen",3,0,1,2,
1398922425475209,0,"oben_unten,innen_aussen,wir_sie,heute_morgen",3,0,1,3,
1002420095757554,0,"oben_unten,innen_aussen,wir_sie,heute_morgen",0,0,4,1,
1500220655237474,0,"oben_unten,innen_aussen,wir_sie,heute_morgen",0,0,0,0,
2016049182608492,0,"oben_unten,innen_aussen,wir_sie,heute_morgen",4,0,1,2,
1316518670654211,0,"oben_unten,innen_aussen,wir_sie,heute_morgen",2,2,0,2,
2255473805281461,0,"oben_unten,innen_aussen,wir_sie,heute_morgen",2,1,0,3,
1381067880541586,0,"oben_unten,innen_aussen,wir_sie,heute_morgen",0,0,0,0,
4532354583682699,0,"oben_unten,innen_aussen,wir_sie,heute_morgen",2,0,0,2,
1199053815683542,0,"oben_unten,innen_aussen,wir_sie,heute_morgen",0,0,0,0,
1012788538005656,0,"oben_unten,innen_aussen,wir_sie,heute_morgen",1,0,0,1,
1343599451070628,0,"oben_unten,innen_aussen,wir_sie,heute_morgen",0,0,0,1,
1004493329113599,0,"oben_unten,innen_aussen,wir_sie,heute_morgen",0,0,0,0,
1542941900856284,0,"oben_unten,innen_aussen,wir_sie,heute_morgen",0,0,0,0,
2064125574507477,0,"oben_unten,innen_aussen,wir_sie,heute_morgen",0,0,0,1,
2229147617943788,0,"oben_unten,innen_aussen,wir_sie,heute_morgen",0,0,0,1,
1321873360154212,0,"oben_unten,innen_aussen,wir_sie,heute_morgen",0,0,0,1,
26959598963723369,0,"oben_unten,innen_aussen,wir_sie,heute_morgen",0,0,0,0,
1694543781780331,0,"oben_unten,innen_aussen,wir_sie,heute_morgen",0,0,0,1,
1338885630948765,0,"oben_unten,innen_aussen,wir_sie,heute_morgen",0,0,0,1,
950579311335450,0,"oben_unten,innen_aussen,wir_sie,heute_morgen",1,0,0,1,
2530276157414773,0,"oben_unten,innen_aussen,wir_sie,heute_morgen",2,0,0,1,
1010252678428359,0,"oben_unten,innen_aussen,wir_sie,heute_morgen",0,0,0,0,
4108090222656636,0,"oben_unten,innen_aussen,wir_sie,heute_morgen",0,0,0,0,
1671521240615127,0,"oben_unten,innen_aussen,wir_sie,heute_morgen",0,0,0,1,
1725890605114878,0,"oben_unten,innen_aussen,wir_sie,heute_morgen",3,0,1,1,
2319097668622328,0,"oben_unten,innen_aussen,wir_sie,heute_morgen",0,0,0,0,
1610944200587941,0,"oben_unten,innen_aussen,wir_sie,heute_morgen",0,0,1,1,
1375733474658737,0,"oben_unten,innen_aussen,wir_sie,heute_morgen",0,0,0,0,
981168101589261,0,"oben_unten,innen_aussen,wir_sie,heute_morgen",0,0,0,0,
2092020758330485,0,"oben_unten,innen_aussen,wir_sie,heute_morgen",0,0,0,0,
915724131611064,0,"oben_unten,innen_aussen,wir_sie,heute_morgen",0,0,0,0,
1345003696964733,0,"oben_unten,innen_aussen,wir_sie,heute_morgen",0,0,0,1,
1531549462077971,0,"oben_unten,innen_aussen,wir_sie,heute_morgen",2,3,2,1,
1745716216828277,0,"oben_unten,innen_aussen,wir_sie,heute_morgen",0,0,0,0,
1567520901502536,0,"oben_unten,innen_aussen,wir_sie,heute_morgen",0,0,0,1,
880539068377798,0,"oben_unten,innen_aussen,wir_sie,heute_morgen",3,0,1,2,
2115946859278089,0,"oben_unten,innen_aussen,wir_sie,heute_morgen",2,0,0,2,
2506644846521720,0,"oben_unten,innen_aussen,wir_sie,heute_morgen",0,0,0,0,
