text_id,ordering_id,ordering,diagnostic,prognostic,motivational,parse_error
1004503131723055,0,"diagnostic,prognostic,motivational",2,2,4,
986576306633702,0,"diagnostic,prognostic,motivational",0,0,1,
3770522479929599,0,"diagnostic,prognostic,motivational",0,1,4,
1571666100173668,0,"diagnostic,prognostic,motivational",1,2,4,
872900928251532,0,"diagnostic,prognostic,motivational",3,2,3,
1096722516120605,0,"diagnostic,prognostic,motivational",0,1,4,
8388365957959416,0,"diagnostic,prognostic,motivational",0,0,3,
1734432077346478,0,"diagnostic,prognostic,motivational",2,3,4,
9292622500788338,0,"diagnostic,prognostic,motivational",1,2,4,
994247570097633,0,"diagnostic,prognostic,motivational",0,1,4,
3540266812806293,0,"diagnostic,prognostic,motivational",0,0,0,
1542669927123464,0,"diagnostic,prognostic,motivational",1,2,4,
1017416917705634,0,"diagnostic,prognostic,motivational",1,1,4,
588384047454457,0,"diagnostic,prognostic,motivational",0,0,2,
1580737097387377,0,"diagnostic,prognostic,motivational",1,2,4,
2163450137886845,0,"diagnostic,prognostic,motivational",0,1,4,
631569479650715,0,"diagnostic,prognostic,motivational",0,0,0,
2064243864001823,0,"diagnostic,prognostic,motivational",1,0,4,
1044729717424759,0,"diagnostic,prognostic,motivational",4,1,2,
1605124060129247,0,"diagnostic,prognostic,motivational",0,1,4,
1047446551611297,0,"diagnostic,prognostic,motivational",3,3,2,
2124890891298383,0,"diagnostic,prognostic,motivational",1,2,4,
1205944201669093,0,"diagnostic,prognostic,motivational",3,2,4,
4059316084314035,0,"diagnostic,prognostic,motivational",1,2,4,
627060880017098,0,"diagnostic,prognostic,motivational",2,1,2,
1285820719203630,0,"diagnostic,prognostic,motivational",3,2,3,
1132601994734297,0,"diagnostic,prognostic,motivational",3,1,3,
1953508441820544,0,"diagnostic,prognostic,motivational",0,1,4,
523327920743101,0,"diagnostic,prognostic,motivational",0,0,3,
8750420001660989,0,"diagnostic,prognostic,motivational",3,1,4,
1149026473675176,0,"diagnostic,prognostic,motivational",0,1,4,
875692301191517,0,"diagnostic,prognostic,motivational",0,0,2,
1030871629491993,0,"diagnostic,prognostic,motivational",1,1,3,
1129880068691719,0,"diagnostic,prognostic,motivational",1,3,4,
990544830666031,0,"diagnostic,prognostic,motivational",0,1,3,
582727901332121,0,"diagnostic,prognostic,motivational",2,1,4,
1671847013728676,0,"diagnostic,prognostic,motivational",0,0,2,
1686700248572943,0,"diagnostic,prognostic,motivational",3,2,3,
1546487366060737,0,"diagnostic,prognostic,motivational",0,0,3,
791333399785537,0,"diagnostic,prognostic,motivational",0,1,4,
1699226327600860,0,"diagnostic,prognostic,motivational",0,1,3,
1036451052270601,0,"diagnostic,prognostic,motivational",0,0,2,
920381006909236,0,"diagnostic,prognostic,motivational",3,1,4,
557908700459769,0,"diagnostic,prognostic,motivational",1,2,4,
578026645101465,0,"diagnostic,prognostic,motivational",0,1,4,
1737555863938513,0,"diagnostic,prognostic,motivational",1,3,4,
1357674042363606,0,"diagnostic,prognostic,motivational",0,1,4,
1617063929244758,0,"diagnostic,prognostic,motivational",3,2,3,
1294673574865485,0,"diagnostic,prognostic,motivational",1,1,3,
947888484102797,0,"diagnostic,prognostic,motivational",3,1,4,
564802376558581,0,"diagnostic,prognostic,motivational",2,3,4,
1143430384059784,0,"diagnostic,prognostic,motivational",1,2,4,
586195010884644,0,"diagnostic,prognostic,motivational",0,0,3,
973064850823591,0,"diagnostic,prognostic,motivational",1,0,2,
968057634769764,0,"diagnostic,prognostic,motivational",1,0,3,
1421199075520655,0,"diagnostic,prognostic,motivational",0,1,4,
702303428767640,0,"diagnostic,prognostic,motivational",1,2,4,
613534517927897,0,"diagnostic,prognostic,motivational",2,1,3,
951184693632090,0,"diagnostic,prognostic,motivational",1,0,2,
913475451788936,0,"diagnostic,prognostic,motivational",0,1,3,
916628800456677,0,"diagnostic,prognostic,motivational",0,1,3,
1936586947059889,0,"diagnostic,prognostic,motivational",0,1,4,
1174482520943616,0,"diagnostic,prognostic,motivational",0,0,0,
1275871846977890,0,"diagnostic,prognostic,motivational",2,3,4,
8685466041539840,0,"diagnostic,prognostic,motivational",2,2,4,
971853418275144,0,"diagnostic,prognostic,motivational",0,0,1,
1427650952542789,0,"diagnostic,prognostic,motivational",2,3,4,
571309375845127,0,"diagnostic,prognostic,motivational",3,1,2,
1491957615574748,0,"diagnostic,prognostic,motivational",0,2,1,
2091032871346006,0,"diagnostic,prognostic,motivational",1,3,2,
977262944287748,0,"diagnostic,prognostic,motivational",3,0,1,
1557574411626706,0,"diagnostic,prognostic,motivational",1,2,4,
1244470629952506,0,"diagnostic,prognostic,motivational",3,4,3,
786746683597077,0,"diagnostic,prognostic,motivational",1,3,4,
584543591169281,0,"diagnostic,prognostic,motivational",1,1,4,
836718958419866,0,"diagnostic,prognostic,motivational",1,2,4,
551859234309198,0,"diagnostic,prognostic,motivational",2,3,4,
3421025354697136,0,"diagnostic,prognostic,motivational",0,0,1,
627085859973731,0,"diagnostic,prognostic,motivational",2,0,3,
605274878606992,0,"diagnostic,prognostic,motivational",3,1,3,
1416222146014719,0,"diagnostic,prognostic,motivational",2,3,3,
1555401288311089,0,"diagnostic,prognostic,motivational",0,1,4,
3807106556218299,0,"diagnostic,prognostic,motivational",2,3,3,
560941893598180,0,"diagnostic,prognostic,motivational",3,2,4,
597452026057296,0,"diagnostic,prognostic,motivational",2,2,4,
1702022374449716,0,"diagnostic,prognostic,motivational",3,2,3,
1767750004039041,0,"diagnostic,prognostic,motivational",3,3,2,
1110219197467528,0,"diagnostic,prognostic,motivational",1,0,0,
1748640132374601,0,"diagnostic,prognostic,motivational",0,1,3,
1139497823863554,0,"diagnostic,prognostic,motivational",2,3,4,
1276093303522189,0,"diagnostic,prognostic,motivational",3,2,3,
928300469414178,0,"diagnostic,prognostic,motivational",2,4,4,
1279950183027422,0,"diagnostic,prognostic,motivational",0,1,2,
971524815081454,0,"diagnostic,prognostic,motivational",0,1,4,
1346945740004711,0,"diagnostic,prognostic,motivational",2,2,4,
939444218069995,0,"diagnostic,prognostic,motivational",0,0,0,
615035201479571,0,"diagnostic,prognostic,motivational",1,2,4,
881341791159172,0,"diagnostic,prognostic,motivational",2,3,4,
565107919574753,0,"diagnostic,prognostic,motivational",2,1,4,
560593973644457,0,"diagnostic,prognostic,motivational",2,1,3,
1018416317613877,0,"diagnostic,prognostic,motivational",4,2,4,
1106563191011420,0,"diagnostic,prognostic,motivational",0,0,0,
927058139357131,0,"diagnostic,prognostic,motivational",1,2,4,
1112390856767024,0,"diagnostic,prognostic,motivational",1,1,3,
582883781381555,0,"diagnostic,prognostic,motivational",2,3,2,
4028668074085365,0,"diagnostic,prognostic,motivational",3,2,4,
1252668219343606,0,"diagnostic,prognostic,motivational",3,3,4,
1569643657979640,0,"diagnostic,prognostic,motivational",3,3,2,
595628010034644,0,"diagnostic,prognostic,motivational",0,1,4,
2667351190139885,0,"diagnostic,prognostic,motivational",3,3,4,
912902757216883,0,"diagnostic,prognostic,motivational",1,2,4,
644112671377272,0,"diagnostic,prognostic,motivational",2,2,4,
1582272139347305,0,"diagnostic,prognostic,motivational",3,3,4,
1353261469374916,0,"diagnostic,prognostic,motivational",3,1,4,
927619040412042,0,"diagnostic,prognostic,motivational",0,1,4,
1344277863585581,0,"diagnostic,prognostic,motivational",0,1,3,
591358187098194,0,"diagnostic,prognostic,motivational",0,1,4,
2244860386086839,0,"diagnostic,prognostic,motivational",3,1,2,
1162612125534440,0,"diagnostic,prognostic,motivational",2,2,3,
1744992209393757,0,"diagnostic,prognostic,motivational",2,1,3,
27229796373361422,0,"diagnostic,prognostic,motivational",1,2,4,
1088944663580758,0,"diagnostic,prognostic,motivational",3,1,2,
1087856537092968,0,"diagnostic,prognostic,motivational",0,1,4,
1164087405115870,0,"diagnostic,prognostic,motivational",2,1,4,
1061415150152448,0,"diagnostic,prognostic,motivational",0,1,4,
1110507631310855,0,"diagnostic,prognostic,motivational",0,1,4,
1596139554347776,0,"diagnostic,prognostic,motivational",2,2,4,
959604232902091,0,"diagnostic,prognostic,motivational",3,2,4,
522633413580839,0,"diagnostic,prognostic,motivational",1,0,1,
1335670100800098,0,"diagnostic,prognostic,motivational",4,3,4,
1324873738528449,0,"diagnostic,prognostic,motivational",0,0,1,
1778368512934265,0,"diagnostic,prognostic,motivational",0,0,3,
1726719777876126,0,"diagnostic,prognostic,motivational",1,2,4,
2505204226646655,0,"diagnostic,prognostic,motivational",2,2,3,
1256277215486290,0,"diagnostic,prognostic,motivational",1,1,3,
981885247163115,0,"diagnostic,prognostic,motivational",3,2,4,
1323518098695358,0,"diagnostic,prognostic,motivational",2,3,4,
897014192511331,0,"diagnostic,prognostic,motivational",1,2,4,
1121712089436205,0,"diagnostic,prognostic,motivational",1,2,3,
900593781806901,0,"diagnostic,prognostic,motivational",0,0,3,
1343327011266200,0,"diagnostic,prognostic,motivational",0,0,0,
1090513839393778,0,"diagnostic,prognostic,motivational",0,0,1,
882847390499437,0,"diagnostic,prognostic,motivational",1,3,4,
3887390728182134,0,"diagnostic,prognostic,motivational",0,0,1,
1138759677904405,0,"diagnostic,prognostic,motivational",1,0,2,
1071213912153437,0,"diagnostic,prognostic,motivational",0,1,4,
1340645520257229,0,"diagnostic,prognostic,motivational",0,0,4,
1465668141989085,0,"diagnostic,prognostic,motivational",4,4,3,
1128953431964646,0,"diagnostic,prognostic,motivational",0,1,4,
1024275190195657,0,"diagnostic,prognostic,motivational",3,2,4,
1356881359055488,0,"diagnostic,prognostic,motivational",1,1,4,
1511553430517498,0,"diagnostic,prognostic,motivational",2,1,4,
940957347906174,0,"diagnostic,prognostic,motivational",2,2,4,
2967528553596876,0,"diagnostic,prognostic,motivational",0,0,3,
872031595983597,0,"diagnostic,prognostic,motivational",0,1,3,
1109007447272549,0,"diagnostic,prognostic,motivational",2,2,4,
492540757167632,0,"diagnostic,prognostic,motivational",1,2,4,
565416772796633,0,"diagnostic,prognostic,motivational",1,2,4,
1597111978679445,0,"diagnostic,prognostic,motivational",1,2,3,
1638576126868599,0,"diagnostic,prognostic,motivational",0,1,4,
557778480333701,0,"diagnostic,prognostic,motivational",3,2,4,
1360219564981610,0,"diagnostic,prognostic,motivational",1,2,4,
1248409136221533,0,"diagnostic,prognostic,motivational",0,1,4,
3529636417200068,0,"diagnostic,prognostic,motivational",0,0,2,
9601224049898588,0,"diagnostic,prognostic,motivational",2,2,4,
1526113364720481,0,"diagnostic,prognostic,motivational",2,2,4,
1676037026673195,0,"diagnostic,prognostic,motivational",3,3,4,
2101762656945810,0,"diagnostic,prognostic,motivational",3,2,4,
1141252850895414,0,"diagnostic,prognostic,motivational",1,2,4,
2394097104260963,0,"diagnostic,prognostic,motivational",2,0,2,
1644391329485160,0,"diagnostic,prognostic,motivational",0,0,2,
1316560759461741,0,"diagnostic,prognostic,motivational",2,3,4,
889437226633583,0,"diagnostic,prognostic,motivational",1,2,4,
1001838399500594,0,"diagnostic,prognostic,motivational",2,2,3,
1167817991425214,0,"diagnostic,prognostic,motivational",3,2,4,
583139774690684,0,"diagnostic,prognostic,motivational",3,1,4,
505358838820540,0,"diagnostic,prognostic,motivational",0,1,4,
1219975549306951,0,"diagnostic,prognostic,motivational",2,1,3,
637956195411379,0,"diagnostic,prognostic,motivational",2,3,4,
505915048765304,0,"diagnostic,prognostic,motivational",0,1,3,
1268507504387158,0,"diagnostic,prognostic,motivational",2,3,3,
2025523264749711,0,"diagnostic,prognostic,motivational",0,1,3,
1325615295305651,0,"diagnostic,prognostic,motivational",0,0,0,
1307177300274832,0,"diagnostic,prognostic,motivational",3,2,3,
1105849271555367,0,"diagnostic,prognostic,motivational",1,1,2,
1001643848486680,0,"diagnostic,prognostic,motivational",0,0,1,
1620819912646444,0,"diagnostic,prognostic,motivational",0,1,2,
1093980203013513,0,"diagnostic,prognostic,motivational",0,0,1,
1182140856693729,0,"diagnostic,prognostic,motivational",0,1,3,
3533550263611316,0,"diagnostic,prognostic,motivational",1,2,4,
964937362349500,0,"diagnostic,prognostic,motivational",0,0,3,
1101604428209522,0,"diagnostic,prognostic,motivational",0,1,4,
2623426021440535,0,"diagnostic,prognostic,motivational",1,1,3,
642728508434396,0,"diagnostic,prognostic,motivational",3,0,1,
1807212613443727,0,"diagnostic,prognostic,motivational",0,0,3,
528306336934715,0,"diagnostic,prognostic,motivational",2,3,4,
1154825166021316,0,"diagnostic,prognostic,motivational",4,3,4,
4009220552542785,0,"diagnostic,prognostic,motivational",2,0,3,
1159752695741605,0,"diagnostic,prognostic,motivational",1,3,4,
2096597247439552,0,"diagnostic,prognostic,motivational",0,1,3,
729446615937609,0,"diagnostic,prognostic,motivational",3,3,4,
28234056732947945,0,"diagnostic,prognostic,motivational",3,2,4,
1381871880799391,0,"diagnostic,prognostic,motivational",0,0,3,
3865517963722937,0,"diagnostic,prognostic,motivational",0,0,2,
941101031489902,0,"diagnostic,prognostic,motivational",0,1,3,
1385680270121895,0,"diagnostic,prognostic,motivational",1,1,3,
452377094571215,0,"diagnostic,prognostic,motivational",0,0,2,
1162445539214549,0,"diagnostic,prognostic,motivational",0,0,4,
1751921222823815,0,"diagnostic,prognostic,motivational",3,2,4,
1135432314950335,0,"diagnostic,prognostic,motivational",1,2,4,
1861314848232913,0,"diagnostic,prognostic,motivational",1,2,3,
1298287954646256,0,"diagnostic,prognostic,motivational",0,0,1,
1785107202221602,0,"diagnostic,prognostic,motivational",3,2,4,
1047061054919364,0,"diagnostic,prognostic,motivational",3,3,2,
1240274750402472,0,"diagnostic,prognostic,motivational",0,1,4,
1839775530111085,0,"diagnostic,prognostic,motivational",0,1,3,
1314081963337788,0,"diagnostic,prognostic,motivational",3,2,4,
1153676506462062,0,"diagnostic,prognostic,motivational",3,2,4,
9094544347328343,0,"diagnostic,prognostic,motivational",0,1,3,
2078894792626765,0,"diagnostic,prognostic,motivational",4,4,3,
1167803648065392,0,"diagnostic,prognostic,motivational",0,0,2,
642855184831307,0,"diagnostic,prognostic,motivational",3,2,3,
1180226723461521,0,"diagnostic,prognostic,motivational",3,4,3,
2010790526420926,0,"diagnostic,prognostic,motivational",3,2,3,
613954871215289,0,"diagnostic,prognostic,motivational",1,3,4,
1023177319840343,0,"diagnostic,prognostic,motivational",3,0,1,
961695723586392,0,"diagnostic,prognostic,motivational",1,2,4,
2948217645332897,0,"diagnostic,prognostic,motivational",2,3,4,
1300809004490571,0,"diagnostic,prognostic,motivational",3,2,2,
1139405321746766,0,"diagnostic,prognostic,motivational",0,0,3,
587537370312703,0,"diagnostic,prognostic,motivational",4,3,4,
918158767027646,0,"diagnostic,prognostic,motivational",3,1,4,
1172593521119516,0,"diagnostic,prognostic,motivational",2,3,4,
1013492410600438,0,"diagnostic,prognostic,motivational",0,1,4,
926437556285879,0,"diagnostic,prognostic,motivational",1,2,4,
789095773523166,0,"diagnostic,prognostic,motivational",1,1,4,
1369654392003292,0,"diagnostic,prognostic,motivational",3,2,4,
538147732576294,0,"diagnostic,prognostic,motivational",0,1,3,
1530318172180937,0,"diagnostic,prognostic,motivational",3,1,4,
1019994400674907,0,"diagnostic,prognostic,motivational",2,2,4,
1737670004108398,0,"diagnostic,prognostic,motivational",2,4,3,
496535876797581,0,"diagnostic,prognostic,motivational",2,1,3,
628789132881989,0,"diagnostic,prognostic,motivational",0,1,2,
1144430307123709,0,"diagnostic,prognostic,motivational",3,1,2,
1123379499503686,0,"diagnostic,prognostic,motivational",0,2,3,
1090866280264783,0,"diagnostic,prognostic,motivational",0,1,4,
912698694775418,0,"diagnostic,prognostic,motivational",1,1,4,
1102078804756730,0,"diagnostic,prognostic,motivational",2,3,4,
999733152043771,0,"diagnostic,prognostic,motivational",1,1,4,
627348723115228,0,"diagnostic,prognostic,motivational",1,2,4,
2305187093551012,0,"diagnostic,prognostic,motivational",1,1,3,
1602616590647060,0,"diagnostic,prognostic,motivational",3,0,1,
1313940563145758,0,"diagnostic,prognostic,motivational",3,2,4,
1494132641233963,0,"diagnostic,prognostic,motivational",4,3,4,
27836035999327933,0,"diagnostic,prognostic,motivational",4,2,1,
1631990224379637,0,"diagnostic,prognostic,motivational",0,0,2,
964847671778996,0,"diagnostic,prognostic,motivational",4,3,3,
1130896785190840,0,"diagnostic,prognostic,motivational",1,1,3,
1153575379658603,0,"diagnostic,prognostic,motivational",0,0,0,
577694035076389,0,"diagnostic,prognostic,motivational",1,2,4,
1522978445526284,0,"diagnostic,prognostic,motivational",2,3,4,
1150201079927301,0,"diagnostic,prognostic,motivational",0,0,2,
31916417661305278,0,"diagnostic,prognostic,motivational",1,2,3,
1355758026482657,0,"diagnostic,prognostic,motivational",0,0,3,
1753527622329876,0,"diagnostic,prognostic,motivational",4,1,4,
628912389807029,0,"diagnostic,prognostic,motivational",2,2,2,
1765908070772859,0,"diagnostic,prognostic,motivational",4,3,3,
2377068735970342,0,"diagnostic,prognostic,motivational",3,2,1,
1349791203909489,0,"diagnostic,prognostic,motivational",2,3,4,
246590181839932,0,"diagnostic,prognostic,motivational",4,3,2,
1860002394535768,0,"diagnostic,prognostic,motivational",4,2,3,
1268687247577115,0,"diagnostic,prognostic,motivational",0,0,1,
1527203968089244,0,"diagnostic,prognostic,motivational",3,1,3,
29141681145420997,0,"diagnostic,prognostic,motivational",1,2,4,
1103470104513057,0,"diagnostic,prognostic,motivational",4,3,4,
1171885334845908,0,"diagnostic,prognostic,motivational",0,1,3,
1323650455427629,0,"diagnostic,prognostic,motivational",2,3,4,
1159213252055146,0,"diagnostic,prognostic,motivational",1,2,4,
942806181333797,0,"diagnostic,prognostic,motivational",0,1,3,
1132472591645347,0,"diagnostic,prognostic,motivational",3,3,4,
1608009133159434,0,"diagnostic,prognostic,motivational",3,3,4,
610001105316843,0,"diagnostic,prognostic,motivational",0,1,3,
2287009621769492,0,"diagnostic,prognostic,motivational",3,3,3,
1164544125235730,0,"diagnostic,prognostic,motivational",2,1,3,
1325254518632241,0,"diagnostic,prognostic,motivational",2,1,4,
3307650739425087,0,"diagnostic,prognostic,motivational",1,2,4,
4149346405286858,0,"diagnostic,prognostic,motivational",1,3,4,
488295704009004,0,"diagnostic,prognostic,motivational",1,2,3,
996053905897322,0,"diagnostic,prognostic,motivational",2,2,3,
2871941139860992,0,"diagnostic,prognostic,motivational",1,2,4,
1112127563124094,0,"diagnostic,prognostic,motivational",3,3,3,
1464775691476590,0,"diagnostic,prognostic,motivational",3,3,4,
1378973854302100,0,"diagnostic,prognostic,motivational",2,1,4,
2060264901062971,0,"diagnostic,prognostic,motivational",3,1,3,
1572544274268360,0,"diagnostic,prognostic,motivational",1,2,4,
810171201464405,0,"diagnostic,prognostic,motivational",4,2,4,
1513546742641351,0,"diagnostic,prognostic,motivational",3,3,4,
1322499352226405,0,"diagnostic,prognostic,motivational",1,2,4,
973228711436163,0,"diagnostic,prognostic,motivational",3,3,3,
928163632119708,0,"diagnostic,prognostic,motivational",3,2,3,
1415618119847636,0,"diagnostic,prognostic,motivational",1,2,4,
1434647893756140,0,"diagnostic,prognostic,motivational",1,2,4,
1125669819042012,0,"diagnostic,prognostic,motivational",3,3,4,
869378952074780,0,"diagnostic,prognostic,motivational",3,4,3,
1481052259892568,0,"diagnostic,prognostic,motivational",0,1,4,
634373459059649,0,"diagnostic,prognostic,motivational",3,2,3,
588564834147391,0,"diagnostic,prognostic,motivational",1,2,4,
1363961424973333,0,"diagnostic,prognostic,motivational",2,2,4,
1249699146124138,0,"diagnostic,prognostic,motivational",0,0,3,
1138561157910979,0,"diagnostic,prognostic,motivational",0,0,1,
595776006650840,0,"diagnostic,prognostic,motivational",0,0,0,
1619147075359567,0,"diagnostic,prognostic,motivational",3,2,4,
504048502299324,0,"diagnostic,prognostic,motivational",2,0,1,
1376603564616886,0,"diagnostic,prognostic,motivational",0,0,0,
1375290781336448,0,"diagnostic,prognostic,motivational",0,1,4,
8917507201693780,0,"diagnostic,prognostic,motivational",3,4,3,
3829000734018338,0,"diagnostic,prognostic,motivational",2,2,4,
28369188422695937,0,"diagnostic,prognostic,motivational",0,0,1,
1151206256562760,0,"diagnostic,prognostic,motivational",0,0,1,
971275821732948,0,"diagnostic,prognostic,motivational",1,3,4,
477323358559881,0,"diagnostic,prognostic,motivational",0,1,4,
1178325543960476,0,"diagnostic,prognostic,motivational",3,1,4,
1264671691444781,0,"diagnostic,prognostic,motivational",2,1,0,
3226818764186422,0,"diagnostic,prognostic,motivational",0,1,3,
1890737954798536,0,"diagnostic,prognostic,motivational",0,1,4,
1017901496839436,0,"diagnostic,prognostic,motivational",3,4,3,
1695275168081109,0,"diagnostic,prognostic,motivational",2,2,3,
923270146061347,0,"diagnostic,prognostic,motivational",0,3,2,
936637641925537,0,"diagnostic,prognostic,motivational",3,1,2,
1009525087604267,0,"diagnostic,prognostic,motivational",3,3,4,
599340886138963,0,"diagnostic,prognostic,motivational",2,0,1,
1132713511827830,0,"diagnostic,prognostic,motivational",3,2,4,
625771769960010,0,"diagnostic,prognostic,motivational",1,3,4,
1752338969339867,0,"diagnostic,prognostic,motivational",3,1,4,
1068702505657605,0,"diagnostic,prognostic,motivational",1,2,4,
1153568076284988,0,"diagnostic,prognostic,motivational",3,4,3,
650560300877069,0,"diagnostic,prognostic,motivational",3,1,4,
1312915886854911,0,"diagnostic,prognostic,motivational",3,2,4,
1141802087303652,0,"diagnostic,prognostic,motivational",2,3,4,
1584916386239678,0,"diagnostic,prognostic,motivational",1,0,1,
1467728542037250,0,"diagnostic,prognostic,motivational",1,2,4,
1295223151601261,0,"diagnostic,prognostic,motivational",1,1,4,
1119338906184572,0,"diagnostic,prognostic,motivational",2,2,3,
1046849940818421,0,"diagnostic,prognostic,motivational",2,3,4,
871191371882687,0,"diagnostic,prognostic,motivational",0,0,4,
1338342257520870,0,"diagnostic,prognostic,motivational",1,3,4,
1668594454360042,0,"diagnostic,prognostic,motivational",1,1,3,
933380451728405,0,"diagnostic,prognostic,motivational",4,4,3,
1807152293373908,0,"diagnostic,prognostic,motivational",0,0,1,
1751866736140220,0,"diagnostic,prognostic,motivational",0,0,1,
1105115374523422,0,"diagnostic,prognostic,motivational",0,1,3,
1745224453085480,0,"diagnostic,prognostic,motivational",0,0,3,
1075582450977167,0,"diagnostic,prognostic,motivational",3,3,4,
27795093930134591,0,"diagnostic,prognostic,motivational",2,1,4,
1119702199625097,0,"diagnostic,prognostic,motivational",3,3,4,
1103997415620093,0,"diagnostic,prognostic,motivational",0,0,2,
3544551529036184,0,"diagnostic,prognostic,motivational",3,1,4,
496511290143531,0,"diagnostic,prognostic,motivational",4,3,4,
1167473458130701,0,"diagnostic,prognostic,motivational",2,3,1,
1552432082134915,0,"diagnostic,prognostic,motivational",3,3,4,
876363891122073,0,"diagnostic,prognostic,motivational",4,4,4,
881900324120115,0,"diagnostic,prognostic,motivational",0,0,2,
1092590829335100,0,"diagnostic,prognostic,motivational",3,3,4,
1454095730088187,0,"diagnostic,prognostic,motivational",2,1,3,
2120473025179735,0,"diagnostic,prognostic,motivational",1,2,4,
628358093497779,0,"diagnostic,prognostic,motivational",2,3,4,
587863230320742,0,"diagnostic,prognostic,motivational",2,3,4,
1163408241797386,0,"diagnostic,prognostic,motivational",0,1,4,
1753388552327919,0,"diagnostic,prognostic,motivational",2,3,2,
625008463314844,0,"diagnostic,prognostic,motivational",3,3,4,
1064587625433616,0,"diagnostic,prognostic,motivational",2,2,3,
24899504139702726,0,"diagnostic,prognostic,motivational",4,3,4,
7625946067438176,0,"diagnostic,prognostic,motivational",1,1,3,
544916901695234,0,"diagnostic,prognostic,motivational",2,3,4,
1060197759683088,0,"diagnostic,prognostic,motivational",0,1,3,
849157107151746,0,"diagnostic,prognostic,motivational",0,1,4,
826341583837601,0,"diagnostic,prognostic,motivational",1,1,4,
1687554141840343,0,"diagnostic,prognostic,motivational",2,4,4,
1101356455100730,0,"diagnostic,prognostic,motivational",3,2,4,
1136857761240979,0,"diagnostic,prognostic,motivational",1,2,3,
962485069150922,0,"diagnostic,prognostic,motivational",2,3,4,
1342706304485324,0,"diagnostic,prognostic,motivational",2,1,4,
1627762551459970,0,"diagnostic,prognostic,motivational",3,3,4,
638455512423468,0,"diagnostic,prognostic,motivational",0,0,3,
2437239313464978,0,"diagnostic,prognostic,motivational",2,3,3,
475743548920299,0,"diagnostic,prognostic,motivational",0,1,4,
980824964756129,0,"diagnostic,prognostic,motivational",0,1,3,
1309349340159926,0,"diagnostic,prognostic,motivational",4,3,4,
1742117206362491,0,"diagnostic,prognostic,motivational",0,0,4,
1607626360173005,0,"diagnostic,prognostic,motivational",1,2,3,
1517607965598211,0,"diagnostic,prognostic,motivational",0,0,1,
3879800372293659,0,"diagnostic,prognostic,motivational",0,1,3,
1338244810647906,0,"diagnostic,prognostic,motivational",0,0,2,
27738599622421661,0,"diagnostic,prognostic,motivational",2,4,4,
543485655157961,0,"diagnostic,prognostic,motivational",4,3,4,
1722298418413010,0,"diagnostic,prognostic,motivational",1,2,4,
324405636756110,0,"diagnostic,prognostic,motivational",2,3,4,
1347207780158364,0,"diagnostic,prognostic,motivational",3,2,4,
568436806349176,0,"diagnostic,prognostic,motivational",0,1,4,
1146913779706662,0,"diagnostic,prognostic,motivational",3,1,4,
650709654185903,0,"diagnostic,prognostic,motivational",0,1,3,
522659246897684,0,"diagnostic,prognostic,motivational",3,1,4,
927742912885174,0,"diagnostic,prognostic,motivational",3,1,4,
946283730400848,0,"diagnostic,prognostic,motivational",0,1,4,
3794586830792819,0,"diagnostic,prognostic,motivational",0,0,2,
2082049612706684,0,"diagnostic,prognostic,motivational",0,1,4,
2155741614845758,0,"diagnostic,prognostic,motivational",4,3,3,
960755249346351,0,"diagnostic,prognostic,motivational",3,2,4,
1155427983254169,0,"diagnostic,prognostic,motivational",1,3,4,
1793547724831765,0,"diagnostic,prognostic,motivational",4,3,4,
1698029974389893,0,"diagnostic,prognostic,motivational",3,1,2,
2599019460296232,0,"diagnostic,prognostic,motivational",0,0,1,
1047908584804946,0,"diagnostic,prognostic,motivational",3,3,2,
1006763272214551,0,"diagnostic,prognostic,motivational",0,1,4,
600519346017928,0,"diagnostic,prognostic,motivational",3,1,4,
4604518506463144,0,"diagnostic,prognostic,motivational",2,1,3,
946853370418614,0,"diagnostic,prognostic,motivational",3,4,4,
2482323105309504,0,"diagnostic,prognostic,motivational",0,1,4,
581574761078245,0,"diagnostic,prognostic,motivational",2,2,4,
1343176103358713,0,"diagnostic,prognostic,motivational",1,1,3,
947538870601602,0,"diagnostic,prognostic,motivational",0,1,3,
576178875416265,0,"diagnostic,prognostic,motivational",3,3,2,
595262939806991,0,"diagnostic,prognostic,motivational",3,3,4,
1695119571431099,0,"diagnostic,prognostic,motivational",3,1,4,
1068860116076585,0,"diagnostic,prognostic,motivational",0,1,2,
1288043192546444,0,"diagnostic,prognostic,motivational",1,1,4,
636471479048324,0,"diagnostic,prognostic,motivational",2,1,4,
1785683608894947,0,"diagnostic,prognostic,motivational",3,2,3,
636455442657867,0,"diagnostic,prognostic,motivational",0,1,3,
584897268031340,0,"diagnostic,prognostic,motivational",1,2,4,
960620502234230,0,"diagnostic,prognostic,motivational",0,0,1,
1162250172264952,0,"diagnostic,prognostic,motivational",4,3,4,
593841340275645,0,"diagnostic,prognostic,motivational",4,3,4,
2923963877759784,0,"diagnostic,prognostic,motivational",1,2,4,
3560512714251617,0,"diagnostic,prognostic,motivational",1,0,0,
1312601259770344,0,"diagnostic,prognostic,motivational",0,0,2,
1397816257854996,0,"diagnostic,prognostic,motivational",3,1,4,
1139906064511067,0,"diagnostic,prognostic,motivational",1,2,4,
1548387863394886,0,"diagnostic,prognostic,motivational",1,0,4,
1282925939636044,0,"diagnostic,prognostic,motivational",3,1,4,
2886501091686351,0,"diagnostic,prognostic,motivational",3,4,4,
1756604011794560,0,"diagnostic,prognostic,motivational",1,2,4,
835672528671875,0,"diagnostic,prognostic,motivational",2,1,4,
2682079961999500,0,"diagnostic,prognostic,motivational",3,2,4,
1557503174941787,0,"diagnostic,prognostic,motivational",3,1,4,
1159598182243369,0,"diagnostic,prognostic,motivational",0,1,4,
1376247050643634,0,"diagnostic,prognostic,motivational",3,3,4,
472872475689313,0,"diagnostic,prognostic,motivational",0,1,4,
1534868720510659,0,"diagnostic,prognostic,motivational",4,3,4,
28055589927437528,0,"diagnostic,prognostic,motivational",0,1,4,
1331711658568816,0,"diagnostic,prognostic,motivational",2,1,2,
966678818265906,0,"diagnostic,prognostic,motivational",3,1,3,
2132085920561958,0,"diagnostic,prognostic,motivational",0,0,4,
1684709418759066,0,"diagnostic,prognostic,motivational",0,1,4,
3212967505759929,0,"diagnostic,prognostic,motivational",0,1,4,
2809177186136059,0,"diagnostic,prognostic,motivational",4,3,4,
1088767682969099,0,"diagnostic,prognostic,motivational",0,2,4,
520926931003086,0,"diagnostic,prognostic,motivational",1,3,4,
1194400998915350,0,"diagnostic,prognostic,motivational",4,1,3,
1338233697601165,0,"diagnostic,prognostic,motivational",3,3,4,
1826700731463016,0,"diagnostic,prognostic,motivational",3,2,3,
1306747133969324,0,"diagnostic,prognostic,motivational",2,2,4,
626448026518453,0,"diagnostic,prognostic,motivational",1,0,3,
1587760448551064,0,"diagnostic,prognostic,motivational",4,3,4,
508854305103985,0,"diagnostic,prognostic,motivational",1,1,4,
1572138990115190,0,"diagnostic,prognostic,motivational",1,2,4,
9047592588695695,0,"diagnostic,prognostic,motivational",2,1,4,
523749446799261,0,"diagnostic,prognostic,motivational",2,4,3,
2752288754958328,0,"diagnostic,prognostic,motivational",4,3,4,
1661400697783308,0,"diagnostic,prognostic,motivational",2,2,4,
1542251537654170,0,"diagnostic,prognostic,motivational",2,1,3,
792076536457329,0,"diagnostic,prognostic,motivational",1,1,4,
8998014366930279,0,"diagnostic,prognostic,motivational",0,1,4,
633597492377179,0,"diagnostic,prognostic,motivational",0,0,1,
1659836121893490,0,"diagnostic,prognostic,motivational",0,1,3,
634201975726685,0,"diagnostic,prognostic,motivational",1,1,4,
587894070754705,0,"diagnostic,prognostic,motivational",0,1,3,
1714997212765680,0,"diagnostic,prognostic,motivational",0,1,4,
1034558675100354,0,"diagnostic,prognostic,motivational",3,3,4,
1364196918087501,0,"diagnostic,prognostic,motivational",0,0,0,
538809485868846,0,"diagnostic,prognostic,motivational",0,0,2,
635330319149259,0,"diagnostic,prognostic,motivational",1,1,4,
1089607840420451,0,"diagnostic,prognostic,motivational",3,4,4,
1180654983670108,0,"diagnostic,prognostic,motivational",3,3,3,
1015003297121861,0,"diagnostic,prognostic,motivational",4,3,4,
610035641759187,0,"diagnostic,prognostic,motivational",1,1,4,
1379558054135765,0,"diagnostic,prognostic,motivational",0,0,3,
1976951792803502,0,"diagnostic,prognostic,motivational",0,1,4,
1564372007557607,0,"diagnostic,prognostic,motivational",2,1,3,
1440889143167119,0,"diagnostic,prognostic,motivational",2,3,4,
638355381866380,0,"diagnostic,prognostic,motivational",3,2,3,
547322564995907,0,"diagnostic,prognostic,motivational",0,0,1,
2134388706978446,0,"diagnostic,prognostic,motivational",2,2,4,
3132531896894159,0,"diagnostic,prognostic,motivational",4,3,4,
9055276384566724,0,"diagnostic,prognostic,motivational",2,3,4,
1327727771567436,0,"diagnostic,prognostic,motivational",0,1,4,
579555931292939,0,"diagnostic,prognostic,motivational",0,1,3,
1475772606730267,0,"diagnostic,prognostic,motivational",2,1,4,
3882901041971953,0,"diagnostic,prognostic,motivational",0,1,3,
1358568702205411,0,"diagnostic,prognostic,motivational",3,2,3,
1071360968077004,0,"diagnostic,prognostic,motivational",3,3,4,
1811876849564837,0,"diagnostic,prognostic,motivational",0,1,4,
1846546673382304,0,"diagnostic,prognostic,motivational",0,1,4,
1633530743940987,0,"diagnostic,prognostic,motivational",0,0,1,
958124715892608,0,"diagnostic,prognostic,motivational",3,3,4,
1180543637059351,0,"diagnostic,prognostic,motivational",0,1,4,
933169514882637,0,"diagnostic,prognostic,motivational",2,3,4,
1154291039604762,0,"diagnostic,prognostic,motivational",4,2,4,
9114470175295400,0,"diagnostic,prognostic,motivational",0,1,2,
3393637324105532,0,"diagnostic,prognostic,motivational",0,1,2,
1173981434312320,0,"diagnostic,prognostic,motivational",1,1,4,
8980212418694167,0,"diagnostic,prognostic,motivational",3,1,1,
515428014372248,0,"diagnostic,prognostic,motivational",3,3,4,
1049599059461670,0,"diagnostic,prognostic,motivational",1,2,2,
3840336412779103,0,"diagnostic,prognostic,motivational",0,1,4,
2056688891411056,0,"diagnostic,prognostic,motivational",3,1,4,
360638860220672,0,"diagnostic,prognostic,motivational",4,3,3,
1006673771315119,0,"diagnostic,prognostic,motivational",0,0,3,
1333389804337138,0,"diagnostic,prognostic,motivational",0,1,4,
914314723366904,0,"diagnostic,prognostic,motivational",4,1,2,
873749384924899,0,"diagnostic,prognostic,motivational",0,1,4,
598459456489878,0,"diagnostic,prognostic,motivational",2,4,4,
933822265549352,0,"diagnostic,prognostic,motivational",3,3,4,
1515241282489669,0,"diagnostic,prognostic,motivational",2,1,4,
587016040924199,0,"diagnostic,prognostic,motivational",1,0,3,
1537633216947607,0,"diagnostic,prognostic,motivational",3,1,4,
827011356444623,0,"diagnostic,prognostic,motivational",3,1,4,
1346543896705986,0,"diagnostic,prognostic,motivational",0,1,4,
1302104844314553,0,"diagnostic,prognostic,motivational",1,1,4,
1255791389010513,0,"diagnostic,prognostic,motivational",0,1,3,
961167385370620,0,"diagnostic,prognostic,motivational",4,4,4,
1202695668151339,0,"diagnostic,prognostic,motivational",3,1,4,
559489620166115,0,"diagnostic,prognostic,motivational",0,1,4,
1561307458046039,0,"diagnostic,prognostic,motivational",2,1,3,
1672512949971288,0,"diagnostic,prognostic,motivational",1,2,3,
2827621167397521,0,"diagnostic,prognostic,motivational",2,3,4,
585790967696364,0,"diagnostic,prognostic,motivational",3,3,4,
1277293756813316,0,"diagnostic,prognostic,motivational",2,2,4,
609325648201418,0,"diagnostic,prognostic,motivational",3,3,3,
1134658984835680,0,"diagnostic,prognostic,motivational",0,0,1,
1041442765461611,0,"diagnostic,prognostic,motivational",0,1,4,
895486739356537,0,"diagnostic,prognostic,motivational",2,3,4,
1720456419409838,0,"diagnostic,prognostic,motivational",1,1,3,
1613125325978380,0,"diagnostic,prognostic,motivational",3,4,4,
526650520153024,0,"diagnostic,prognostic,motivational",0,0,1,
1725532181792914,0,"diagnostic,prognostic,motivational",0,0,2,
1614416165843361,0,"diagnostic,prognostic,motivational",2,0,2,
1142801667468407,0,"diagnostic,prognostic,motivational",1,2,3,
958685859797658,0,"diagnostic,prognostic,motivational",1,2,4,
583894344436220,0,"diagnostic,prognostic,motivational",1,3,4,
1314877529935664,0,"diagnostic,prognostic,motivational",0,1,4,
2425312574537750,0,"diagnostic,prognostic,motivational",0,1,3,
1087444226406189,0,"diagnostic,prognostic,motivational",2,4,3,
1338104730439348,0,"diagnostic,prognostic,motivational",0,1,3,
779394308199571,0,"diagnostic,prognostic,motivational",0,1,4,
1672589620273440,0,"diagnostic,prognostic,motivational",4,2,4,
633591589133702,0,"diagnostic,prognostic,motivational",0,0,1,
1662079031048157,0,"diagnostic,prognostic,motivational",1,2,4,
414515324411471,0,"diagnostic,prognostic,motivational",3,1,2,
1290984838850680,0,"diagnostic,prognostic,motivational",1,0,3,
1778257966326597,0,"diagnostic,prognostic,motivational",0,0,1,
822084626722536,0,"diagnostic,prognostic,motivational",3,4,4,
1127204155369035,0,"diagnostic,prognostic,motivational",4,3,4,
593346286786907,0,"diagnostic,prognostic,motivational",1,0,4,
429298543507772,0,"diagnostic,prognostic,motivational",1,2,4,
439799842290683,0,"diagnostic,prognostic,motivational",2,3,4,
2280201212364794,0,"diagnostic,prognostic,motivational",3,3,4,
1811190153024111,0,"diagnostic,prognostic,motivational",2,2,4,
1624249384970057,0,"diagnostic,prognostic,motivational",3,3,4,
1344250603597746,0,"diagnostic,prognostic,motivational",4,3,4,
1764237197749497,0,"diagnostic,prognostic,motivational",1,3,4,
638767411940431,0,"diagnostic,prognostic,motivational",1,1,4,
1701003677148504,0,"diagnostic,prognostic,motivational",2,1,4,
1021415510004833,0,"diagnostic,prognostic,motivational",3,2,4,
1003427188273125,0,"diagnostic,prognostic,motivational",2,2,4,
8999727590122819,0,"diagnostic,prognostic,motivational",2,1,1,
2765323030527576,0,"diagnostic,prognostic,motivational",0,0,3,
1278158756731694,0,"diagnostic,prognostic,motivational",0,0,1,
9405654456152333,0,"diagnostic,prognostic,motivational",0,1,4,
1625184371438425,0,"diagnostic,prognostic,motivational",3,1,4,
1508444343184352,0,"diagnostic,prognostic,motivational",1,1,4,
2030191094059735,0,"diagnostic,prognostic,motivational",0,0,1,
1683730972178979,0,"diagnostic,prognostic,motivational",4,3,4,
604564485611975,0,"diagnostic,prognostic,motivational",1,1,4,
1137550961252839,0,"diagnostic,prognostic,motivational",3,3,4,
1298223494659498,0,"diagnostic,prognostic,motivational",3,2,3,
1554937718524511,0,"diagnostic,prognostic,motivational",4,2,4,
1651498185466984,0,"diagnostic,prognostic,motivational",3,4,3,
977103624526802,0,"diagnostic,prognostic,motivational",2,2,4,
967151299724765,0,"diagnostic,prognostic,motivational",1,1,2,
627826272994347,0,"diagnostic,prognostic,motivational",0,0,3,
2864674767077028,0,"diagnostic,prognostic,motivational",3,3,2,
373623262125302,0,"diagnostic,prognostic,motivational",3,2,4,
795521402768059,0,"diagnostic,prognostic,motivational",2,1,1,
308797011822434,0,"diagnostic,prognostic,motivational",1,4,4,
2085979901997400,0,"diagnostic,prognostic,motivational",0,1,2,
1118539566638090,0,"diagnostic,prognostic,motivational",0,0,0,
1308477520172183,0,"diagnostic,prognostic,motivational",1,0,0,
1400610815220594,0,"diagnostic,prognostic,motivational",0,1,3,
3015703085251906,0,"diagnostic,prognostic,motivational",3,3,4,
315416178126117,0,"diagnostic,prognostic,motivational",2,2,4,
594411406365307,0,"diagnostic,prognostic,motivational",0,0,3,
978050490413988,0,"diagnostic,prognostic,motivational",2,3,3,
854700756410365,0,"diagnostic,prognostic,motivational",4,3,3,
980757587266208,0,"diagnostic,prognostic,motivational",1,2,4,
1794467628072580,0,"diagnostic,prognostic,motivational",0,1,3,
918614553293789,0,"diagnostic,prognostic,motivational",3,3,4,
1285854235993389,0,"diagnostic,prognostic,motivational",3,1,2,
2644508029687648,0,"diagnostic,prognostic,motivational",1,1,3,
2001394133661743,0,"diagnostic,prognostic,motivational",3,3,4,
378473108223970,0,"diagnostic,prognostic,motivational",4,3,4,
365190452739535,0,"diagnostic,prognostic,motivational",4,1,3,
2122646278181832,0,"diagnostic,prognostic,motivational",3,2,3,
1550497362929348,0,"diagnostic,prognostic,motivational",1,2,4,
243035242144898,0,"diagnostic,prognostic,motivational",2,1,2,
2640637069659799,0,"diagnostic,prognostic,motivational",2,3,4,
2371568689695186,0,"diagnostic,prognostic,motivational",3,2,3,
4341409302795035,0,"diagnostic,prognostic,motivational",4,1,2,
1573112560008763,0,"diagnostic,prognostic,motivational",0,0,0,
1581681482803577,0,"diagnostic,prognostic,motivational",0,0,4,
1734664617109929,0,"diagnostic,prognostic,motivational",0,1,3,
987326573290137,0,"diagnostic,prognostic,motivational",3,2,1,
945466170785106,0,"diagnostic,prognostic,motivational",0,3,4,
2614148855709708,0,"diagnostic,prognostic,motivational",4,2,4,
4037421899912527,0,"diagnostic,prognostic,motivational",0,0,3,
2240447803425595,0,"diagnostic,prognostic,motivational",0,1,4,
1285847159361405,0,"diagnostic,prognostic,motivational",3,2,4,
9060383254008888,0,"diagnostic,prognostic,motivational",2,1,4,
1325938385388823,0,"diagnostic,prognostic,motivational",2,2,4,
690127840172654,0,"diagnostic,prognostic,motivational",0,0,2,
1611924403657672,0,"diagnostic,prognostic,motivational",1,0,2,
1157314285973209,0,"diagnostic,prognostic,motivational",3,2,3,
1596461861073063,0,"diagnostic,prognostic,motivational",0,1,4,
866315409015403,0,"diagnostic,prognostic,motivational",3,3,3,
623467490275834,0,"diagnostic,prognostic,motivational",2,2,4,
1514306183216402,0,"diagnostic,prognostic,motivational",0,1,4,
1015009384469536,0,"diagnostic,prognostic,motivational",2,1,4,
443764781869374,0,"diagnostic,prognostic,motivational",2,3,4,
1408457043445048,0,"diagnostic,prognostic,motivational",3,2,4,
1744153463406976,0,"diagnostic,prognostic,motivational",1,2,4,
1842297899508614,0,"diagnostic,prognostic,motivational",0,0,2,
920306709889225,0,"diagnostic,prognostic,motivational",3,3,3,
1375689677775852,0,"diagnostic,prognostic,motivational",2,3,3,
596081206468549,0,"diagnostic,prognostic,motivational",0,1,4,
1992725481503756,0,"diagnostic,prognostic,motivational",2,2,4,
471761559147616,0,"diagnostic,prognostic,motivational",0,1,4,
1776876496486344,0,"diagnostic,prognostic,motivational",3,1,3,
24679996915001602,0,"diagnostic,prognostic,motivational",4,4,4,
473791479106948,0,"diagnostic,prognostic,motivational",0,0,0,
1693150701551734,0,"diagnostic,prognostic,motivational",3,2,4,
1510909723690629,0,"diagnostic,prognostic,motivational",4,3,4,
1590931678482939,0,"diagnostic,prognostic,motivational",3,2,4,
598297086160296,0,"diagnostic,prognostic,motivational",3,2,4,
1148545780314022,0,"diagnostic,prognostic,motivational",0,0,3,
989701979725469,0,"diagnostic,prognostic,motivational",0,0,0,
1830143677788157,0,"diagnostic,prognostic,motivational",1,2,4,
602282142558517,0,"diagnostic,prognostic,motivational",0,1,4,
619046604231016,0,"diagnostic,prognostic,motivational",0,1,3,
1034848342244274,0,"diagnostic,prognostic,motivational",0,0,0,
492621239825612,0,"diagnostic,prognostic,motivational",0,0,4,
4275978315964899,0,"diagnostic,prognostic,motivational",1,0,0,
324715133739643,0,"diagnostic,prognostic,motivational",3,1,4,
2612998049047136,0,"diagnostic,prognostic,motivational",2,4,4,
838438471416006,0,"diagnostic,prognostic,motivational",2,2,3,
1202587894175745,0,"diagnostic,prognostic,motivational",3,2,3,
861941400209791,0,"diagnostic,prognostic,motivational",1,1,1,
1666697700922484,0,"diagnostic,prognostic,motivational",2,2,4,
963081928677045,0,"diagnostic,prognostic,motivational",4,2,4,
1047060954457939,0,"diagnostic,prognostic,motivational",0,1,3,
1467120287206208,0,"diagnostic,prognostic,motivational",1,1,3,
1156474766037332,0,"diagnostic,prognostic,motivational",1,0,2,
1654458612114372,0,"diagnostic,prognostic,motivational",0,1,4,
27444131088539193,0,"diagnostic,prognostic,motivational",1,2,4,
1664714238996685,0,"diagnostic,prognostic,motivational",2,2,4,
1174378884020022,0,"diagnostic,prognostic,motivational",1,2,3,
616554067446868,0,"diagnostic,prognostic,motivational",1,2,4,
1384999402909325,0,"diagnostic,prognostic,motivational",3,2,3,
781216904865154,0,"diagnostic,prognostic,motivational",2,3,4,
1053984950914220,0,"diagnostic,prognostic,motivational",0,0,2,
1541507243225095,0,"diagnostic,prognostic,motivational",3,2,3,
912912760936284,0,"diagnostic,prognostic,motivational",3,1,3,
1835032003933491,0,"diagnostic,prognostic,motivational",1,1,3,
1273792983903431,0,"diagnostic,prognostic,motivational",1,2,4,
1341291163962380,0,"diagnostic,prognostic,motivational",1,2,4,
975092294541669,0,"diagnostic,prognostic,motivational",3,1,3,
1323487428984613,0,"diagnostic,prognostic,motivational",0,0,3,
589273970237907,0,"diagnostic,prognostic,motivational",2,3,4,
1036780938494383,0,"diagnostic,prognostic,motivational",0,0,3,
1130119396342417,0,"diagnostic,prognostic,motivational",1,0,1,
2936141996746504,0,"diagnostic,prognostic,motivational",0,0,4,
2292817127915719,0,"diagnostic,prognostic,motivational",1,2,3,
1473361836551436,0,"diagnostic,prognostic,motivational",3,2,4,
1087860509693015,0,"diagnostic,prognostic,motivational",1,1,4,
587994484154984,0,"diagnostic,prognostic,motivational",0,0,1,
604363578898563,0,"diagnostic,prognostic,motivational",0,0,2,
1278685856754043,0,"diagnostic,prognostic,motivational",0,0,2,
1100883008344767,0,"diagnostic,prognostic,motivational",1,2,4,
1118186226442029,0,"diagnostic,prognostic,motivational",2,1,4,
480789531734925,0,"diagnostic,prognostic,motivational",2,0,2,
1354142630136075,0,"diagnostic,prognostic,motivational",3,1,1,
1349031336465847,0,"diagnostic,prognostic,motivational",2,1,4,
1550667759775210,0,"diagnostic,prognostic,motivational",0,1,3,
2922718441220229,0,"diagnostic,prognostic,motivational",3,2,4,
970358864550319,0,"diagnostic,prognostic,motivational",0,1,3,
631683535999753,0,"diagnostic,prognostic,motivational",0,0,0,
475587768926209,0,"diagnostic,prognostic,motivational",4,1,2,
918967117016330,0,"diagnostic,prognostic,motivational",1,4,3,
604524499292447,0,"diagnostic,prognostic,motivational",1,1,4,
2367618000253213,0,"diagnostic,prognostic,motivational",3,2,4,
596508662995269,0,"diagnostic,prognostic,motivational",0,1,4,
1088863178921274,0,"diagnostic,prognostic,motivational",2,2,4,
1785726811969846,0,"diagnostic,prognostic,motivational",3,1,4,
3905636399752923,0,"diagnostic,prognostic,motivational",4,3,4,
486118821197022,0,"diagnostic,prognostic,motivational",2,1,4,
795067709946741,0,"diagnostic,prognostic,motivational",3,3,2,
1223263452765031,0,"diagnostic,prognostic,motivational",0,1,3,
1699466780637799,0,"diagnostic,prognostic,motivational",2,3,4,
1671342880404065,0,"diagnostic,prognostic,motivational",3,3,4,
642785391491531,0,"diagnostic,prognostic,motivational",3,3,4,
638887898617914,0,"diagnostic,prognostic,motivational",4,1,3,
399726656536198,0,"diagnostic,prognostic,motivational",3,3,1,
599450316020468,0,"diagnostic,prognostic,motivational",0,1,4,
1315020476201761,0,"diagnostic,prognostic,motivational",0,0,0,
314357591627895,0,"diagnostic,prognostic,motivational",4,3,4,
590334327230197,0,"diagnostic,prognostic,motivational",0,1,3,
587830234403496,0,"diagnostic,prognostic,motivational",0,1,4,
1745392366539637,0,"diagnostic,prognostic,motivational",3,2,4,
27337918919234161,0,"diagnostic,prognostic,motivational",0,1,4,
2488872728207443,0,"diagnostic,prognostic,motivational",0,0,2,
958594556230217,0,"diagnostic,prognostic,motivational",4,3,4,
639203795235518,0,"diagnostic,prognostic,motivational",3,2,4,
542988022102772,0,"diagnostic,prognostic,motivational",2,0,1,
1282129196423246,0,"diagnostic,prognostic,motivational",1,1,4,
1331256016490142,0,"diagnostic,prognostic,motivational",0,0,3,
2088570391594488,0,"diagnostic,prognostic,motivational",1,2,3,
1014943717961464,0,"diagnostic,prognostic,motivational",0,0,1,
1085303306423209,0,"diagnostic,prognostic,motivational",0,1,4,
582372721274716,0,"diagnostic,prognostic,motivational",1,2,4,
1077582551352850,0,"diagnostic,prognostic,motivational",2,0,0,
2355801208122838,0,"diagnostic,prognostic,motivational",4,1,3,
1069414314895222,0,"diagnostic,prognostic,motivational",3,2,4,
3067837476697905,0,"diagnostic,prognostic,motivational",4,3,4,
599657749076443,0,"diagnostic,prognostic,motivational",3,2,4,
1388811016641777,0,"diagnostic,prognostic,motivational",2,3,4,
488802673949516,0,"diagnostic,prognostic,motivational",0,1,2,
1452929612658613,0,"diagnostic,prognostic,motivational",0,0,4,
660332316522459,0,"diagnostic,prognostic,motivational",4,3,4,
2413951005609031,0,"diagnostic,prognostic,motivational",2,3,4,
1704673213358536,0,"diagnostic,prognostic,motivational",2,1,4,
954839269648726,0,"diagnostic,prognostic,motivational",2,2,4,
962864519123005,0,"diagnostic,prognostic,motivational",0,0,0,
584467274549026,0,"diagnostic,prognostic,motivational",2,1,2,
242749248699325,0,"diagnostic,prognostic,motivational",0,0,0,
2064271974037979,0,"diagnostic,prognostic,motivational",4,3,4,
1051831714190280,0,"diagnostic,prognostic,motivational",1,2,2,
9415499608489876,0,"diagnostic,prognostic,motivational",3,3,4,
581804394672282,0,"diagnostic,prognostic,motivational",3,2,4,
842832121253359,0,"diagnostic,prognostic,motivational",2,2,3,
1904185617207866,0,"diagnostic,prognostic,motivational",0,1,3,
491699056957488,0,"diagnostic,prognostic,motivational",2,3,3,
1608344846441449,0,"diagnostic,prognostic,motivational",4,2,4,
1145210427384222,0,"diagnostic,prognostic,motivational",0,1,4,
1292388618615900,0,"diagnostic,prognostic,motivational",0,0,2,
556534650872934,0,"diagnostic,prognostic,motivational",3,2,4,
9957261067642073,0,"diagnostic,prognostic,motivational",2,1,4,
1780858042755262,0,"diagnostic,prognostic,motivational",3,3,4,
921124793559096,0,"diagnostic,prognostic,motivational",3,1,4,
1373798020968494,0,"diagnostic,prognostic,motivational",2,1,2,
669096998906901,0,"diagnostic,prognostic,motivational",2,1,3,
869062385202726,0,"diagnostic,prognostic,motivational",3,1,4,
1675035050115031,0,"diagnostic,prognostic,motivational",0,1,4,
913167700637693,0,"diagnostic,prognostic,motivational",1,2,4,
1140836627493575,0,"diagnostic,prognostic,motivational",2,2,3,
605582065666741,0,"diagnostic,prognostic,motivational",0,1,4,
604917105622740,0,"diagnostic,prognostic,motivational",1,2,3,
3946954868894211,0,"diagnostic,prognostic,motivational",2,3,3,
1565984661461129,0,"diagnostic,prognostic,motivational",0,2,3,
485263034332216,0,"diagnostic,prognostic,motivational",0,1,3,
2062667110830736,0,"diagnostic,prognostic,motivational",3,2,4,
3796014083993882,0,"diagnostic,prognostic,motivational",0,0,1,
556579700418579,0,"diagnostic,prognostic,motivational",4,1,3,
1329653458054263,0,"diagnostic,prognostic,motivational",1,0,3,
628242919682757,0,"diagnostic,prognostic,motivational",2,2,4,
1329708298432959,0,"diagnostic,prognostic,motivational",3,3,4,
2082138255577256,0,"diagnostic,prognostic,motivational",4,2,3,
633468645881105,0,"diagnostic,prognostic,motivational",1,2,4,
1391368888969906,0,"diagnostic,prognostic,motivational",1,2,4,
964739745120503,0,"diagnostic,prognostic,motivational",0,0,1,
1447612855795462,0,"diagnostic,prognostic,motivational",4,2,4,
1158843005768713,0,"diagnostic,prognostic,motivational",1,2,4,
1420547588813716,0,"diagnostic,prognostic,motivational",2,1,4,
9440161989327864,0,"diagnostic,prognostic,motivational",2,3,4,
952825333701386,0,"diagnostic,prognostic,motivational",3,2,2,
1295232321586383,0,"diagnostic,prognostic,motivational",1,2,4,
1995349734508904,0,"diagnostic,prognostic,motivational",1,1,3,
1080927393126491,0,"diagnostic,prognostic,motivational",1,0,3,
1152998946170073,0,"diagnostic,prognostic,motivational",2,2,1,
941895102237536,0,"diagnostic,prognostic,motivational",1,2,4,
2016049182608492,0,"diagnostic,prognostic,motivational",4,2,3,
1123632219870745,0,"diagnostic,prognostic,motivational",0,1,4,
848846180511882,0,"diagnostic,prognostic,motivational",1,1,4,
884449200561198,0,"diagnostic,prognostic,motivational",0,0,0,
622532510259029,0,"diagnostic,prognostic,motivational",3,4,3,
2120194405206969,0,"diagnostic,prognostic,motivational",3,4,2,
628426219598812,0,"diagnostic,prognostic,motivational",2,3,4,
373796122336276,0,"diagnostic,prognostic,motivational",2,2,3,
487712657403543,0,"diagnostic,prognostic,motivational",3,1,4,
1307090617007433,0,"diagnostic,prognostic,motivational",1,3,4,
1610944200587941,0,"diagnostic,prognostic,motivational",3,3,2,
483235424096923,0,"diagnostic,prognostic,motivational",2,1,4,
962859182207994,0,"diagnostic,prognostic,motivational",3,2,4,
971876277695852,0,"diagnostic,prognostic,motivational",3,2,4,
941998208892822,0,"diagnostic,prognostic,motivational",2,1,4,
1413223779743915,0,"diagnostic,prognostic,motivational",2,3,4,
2319097668622328,0,"diagnostic,prognostic,motivational",2,0,3,
732486623198065,0,"diagnostic,prognostic,motivational",1,2,4,
1567520901502536,0,"diagnostic,prognostic,motivational",0,0,3,
484991460555995,0,"diagnostic,prognostic,motivational",3,2,3,
1362330588705738,0,"diagnostic,prognostic,motivational",2,2,3,
1194615320401772,0,"diagnostic,prognostic,motivational",1,2,4,
2020725001770250,0,"diagnostic,prognostic,motivational",3,2,4,
1581901713438123,0,"diagnostic,prognostic,motivational",3,2,4,
1142086794365723,0,"diagnostic,prognostic,motivational",3,3,3,
1745716216828277,0,"diagnostic,prognostic,motivational",0,1,3,
1274401577201311,0,"diagnostic,prognostic,motivational",0,0,3,
646670041356749,0,"diagnostic,prognostic,motivational",1,1,3,
467069309189776,0,"diagnostic,prognostic,motivational",0,1,3,
1375938729784183,0,"diagnostic,prognostic,motivational",3,2,4,
1365846982093944,0,"diagnostic,prognostic,motivational",1,2,4,
971073831049861,0,"diagnostic,prognostic,motivational",3,3,4,
1025189083429263,0,"diagnostic,prognostic,motivational",0,1,4,
562687792797844,0,"diagnostic,prognostic,motivational",4,1,3,
472666991840738,0,"diagnostic,prognostic,motivational",0,1,3,
543541258294798,0,"diagnostic,prognostic,motivational",0,0,3,
2771196933265776,0,"diagnostic,prognostic,motivational",2,2,3,
1904823576861450,0,"diagnostic,prognostic,motivational",2,3,4,
1199053815683542,0,"diagnostic,prognostic,motivational",0,0,0,
1443675796612227,0,"diagnostic,prognostic,motivational",0,0,0,
962684919162004,0,"diagnostic,prognostic,motivational",2,2,4,
784780093959053,0,"diagnostic,prognostic,motivational",0,0,2,
2146682909587986,0,"diagnostic,prognostic,motivational",0,0,2,
362946583112219,0,"diagnostic,prognostic,motivational",3,1,3,
2530276157414773,0,"diagnostic,prognostic,motivational",1,2,4,
853079583322426,0,"diagnostic,prognostic,motivational",4,3,4,
1942410626211029,0,"diagnostic,prognostic,motivational",1,2,4,
1734045977153288,0,"diagnostic,prognostic,motivational",3,2,4,
917136051398825,0,"diagnostic,prognostic,motivational",1,2,4,
2092020758330485,0,"diagnostic,prognostic,motivational",0,0,1,
8834809209975063,0,"diagnostic,prognostic,motivational",1,2,4,
870686416110328,0,"diagnostic,prognostic,motivational",3,2,4,
349229891430150,0,"diagnostic,prognostic,motivational",3,1,4,
565573689496390,0,"diagnostic,prognostic,motivational",2,3,4,
1457468888501840,0,"diagnostic,prognostic,motivational",1,1,3,
966005778801879,0,"diagnostic,prognostic,motivational",2,1,1,
561492046937138,0,"diagnostic,prognostic,motivational",2,1,4,
2347783768951460,0,"diagnostic,prognostic,motivational",2,1,4,
1087078743662381,0,"diagnostic,prognostic,motivational",0,0,3,
1550308922998056,0,"diagnostic,prognostic,motivational",3,3,3,
1003282811849059,0,"diagnostic,prognostic,motivational",1,2,4,
1316518670654211,0,"diagnostic,prognostic,motivational",4,4,3,
2229147617943788,0,"diagnostic,prognostic,motivational",3,2,3,
2067158137058354,0,"diagnostic,prognostic,motivational",1,2,2,
1530822600962540,0,"diagnostic,prognostic,motivational",2,2,4,
1102300311575772,0,"diagnostic,prognostic,motivational",1,3,4,
1061117608654910,0,"diagnostic,prognostic,motivational",4,2,4,
1450188760206644,0,"diagnostic,prognostic,motivational",0,1,3,
1376312160020123,0,"diagnostic,prognostic,motivational",3,3,2,
1722585111989390,0,"diagnostic,prognostic,motivational",2,2,4,
1063694509657135,0,"diagnostic,prognostic,motivational",0,0,1,
2012797319471157,0,"diagnostic,prognostic,motivational",2,1,4,
1132049498021939,0,"diagnostic,prognostic,motivational",0,1,3,
1343599451070628,0,"diagnostic,prognostic,motivational",3,0,3,
1152404916585203,0,"diagnostic,prognostic,motivational",1,3,4,
2559671247811957,0,"diagnostic,prognostic,motivational",1,1,4,
2090466428469931,0,"diagnostic,prognostic,motivational",2,2,4,
2115946859278089,0,"diagnostic,prognostic,motivational",4,3,4,
600356382950375,0,"diagnostic,prognostic,motivational",1,2,4,
918961343751998,0,"diagnostic,prognostic,motivational",0,1,3,
1144666673583895,0,"diagnostic,prognostic,motivational",2,0,1,
2723322174519317,0,"diagnostic,prognostic,motivational",0,0,3,
927938095742076,0,"diagnostic,prognostic,motivational",1,2,4,
1098449118679029,0,"diagnostic,prognostic,motivational",4,2,4,
1806581486547612,0,"diagnostic,prognostic,motivational",0,2,4,
1132709174708606,0,"diagnostic,prognostic,motivational",0,1,4,
1611029850263910,0,"diagnostic,prognostic,motivational",3,0,2,
474045169110035,0,"diagnostic,prognostic,motivational",3,2,3,
1486238359251135,0,"diagnostic,prognostic,motivational",0,1,4,
3329357400701910,0,"diagnostic,prognostic,motivational",0,1,4,
1506496943357660,0,"diagnostic,prognostic,motivational",0,0,2,
965513651816359,0,"diagnostic,prognostic,motivational",0,1,3,
788427536373053,0,"diagnostic,prognostic,motivational",4,3,4,
1097429858849963,0,"diagnostic,prognostic,motivational",1,2,4,
1551275112246044,0,"diagnostic,prognostic,motivational",3,2,4,
28059107713714546,0,"diagnostic,prognostic,motivational",3,2,4,
1530980000800011,0,"diagnostic,prognostic,motivational",3,1,4,
3451887901645079,0,"diagnostic,prognostic,motivational",0,0,1,
788205253822282,0,"diagnostic,prognostic,motivational",2,2,4,
1153695905977242,0,"diagnostic,prognostic,motivational",1,2,3,
3001464893344887,0,"diagnostic,prognostic,motivational",3,2,4,
1562735515201696,0,"diagnostic,prognostic,motivational",0,1,2,
976379730938531,0,"diagnostic,prognostic,motivational",0,1,3,
798816909562890,0,"diagnostic,prognostic,motivational",0,1,4,
1008271025276666,0,"diagnostic,prognostic,motivational",0,1,4,
1507458371062799,0,"diagnostic,prognostic,motivational",0,1,3,
734198646109280,0,"diagnostic,prognostic,motivational",3,3,4,
2064125574507477,0,"diagnostic,prognostic,motivational",1,3,4,
4108090222656636,0,"diagnostic,prognostic,motivational",2,3,4,
1294087411616860,0,"diagnostic,prognostic,motivational",4,3,4,
2342376572785320,0,"diagnostic,prognostic,motivational",1,4,4,
1552423282777266,0,"diagnostic,prognostic,motivational",2,1,4,
2010648582912746,0,"diagnostic,prognostic,motivational",0,1,4,
1457249752898978,0,"diagnostic,prognostic,motivational",1,2,4,
663944139403675,0,"diagnostic,prognostic,motivational",1,0,3,
3942825259309591,0,"diagnostic,prognostic,motivational",1,2,4,
1524219395101722,0,"diagnostic,prognostic,motivational",1,0,3,
2050978312089251,0,"diagnostic,prognostic,motivational",4,1,2,
3438969699605976,0,"diagnostic,prognostic,motivational",3,3,4,
1119586585749497,0,"diagnostic,prognostic,motivational",3,2,4,
2011865955947422,0,"diagnostic,prognostic,motivational",1,2,4,
1370356705077304,0,"diagnostic,prognostic,motivational",3,2,4,
413225937903966,0,"diagnostic,prognostic,motivational",3,2,3,
1725890605114878,0,"diagnostic,prognostic,motivational",3,3,4,
928516692523767,0,"diagnostic,prognostic,motivational",1,1,4,
1557788621592144,0,"diagnostic,prognostic,motivational",3,2,4,
3459517980881045,0,"diagnostic,prognostic,motivational",4,1,2,
964011325155229,0,"diagnostic,prognostic,motivational",2,1,3,
1127478965543348,0,"diagnostic,prognostic,motivational",0,1,3,
659938999852103,0,"diagnostic,prognostic,motivational",3,3,4,
1451874179046350,0,"diagnostic,prognostic,motivational",4,3,4,
1337873533888064,0,"diagnostic,prognostic,motivational",0,2,4,
984551146921794,0,"diagnostic,prognostic,motivational",1,2,4,
1554768439694507,0,"diagnostic,prognostic,motivational",4,4,3,
913088213652909,0,"diagnostic,prognostic,motivational",4,2,4,
1204913700473774,0,"diagnostic,prognostic,motivational",3,0,1,
1021535170272890,0,"diagnostic,prognostic,motivational",0,1,4,
635384005727700,0,"diagnostic,prognostic,motivational",0,1,2,
503559242339003,0,"diagnostic,prognostic,motivational",2,1,4,
1001998559413129,0,"diagnostic,prognostic,motivational",0,1,3,
581984257525893,0,"diagnostic,prognostic,motivational",2,2,4,
1676822056590515,0,"diagnostic,prognostic,motivational",4,1,2,
1798825444080518,0,"diagnostic,prognostic,motivational",3,2,4,
1023300567357151,0,"diagnostic,prognostic,motivational",0,0,0,
1345003696964733,0,"diagnostic,prognostic,motivational",2,1,4,
1396151405673775,0,"diagnostic,prognostic,motivational",2,3,4,
2666498876881823,0,"diagnostic,prognostic,motivational",0,0,2,
660446009755075,0,"diagnostic,prognostic,motivational",1,1,3,
1765167931323633,0,"diagnostic,prognostic,motivational",4,3,3,
965404731799799,0,"diagnostic,prognostic,motivational",0,1,4,
1546981080150330,0,"diagnostic,prognostic,motivational",1,2,4,
1779203532865049,0,"diagnostic,prognostic,motivational",1,0,2,
1254845358940493,0,"diagnostic,prognostic,motivational",0,1,4,
1025206482709324,0,"diagnostic,prognostic,motivational",3,2,3,
3590053204625528,0,"diagnostic,prognostic,motivational",0,1,4,
2124179184651776,0,"diagnostic,prognostic,motivational",1,3,4,
2307087463032131,0,"diagnostic,prognostic,motivational",2,2,3,
1114361183525768,0,"diagnostic,prognostic,motivational",2,1,4,
1787764931979719,0,"diagnostic,prognostic,motivational",3,2,4,
502331429498729,0,"diagnostic,prognostic,motivational",2,1,4,
862264216454796,0,"diagnostic,prognostic,motivational",2,2,3,
1120924859827946,0,"diagnostic,prognostic,motivational",1,2,3,
3697563997165529,0,"diagnostic,prognostic,motivational",1,2,4,
563361333525402,0,"diagnostic,prognostic,motivational",0,1,3,
836008519201456,0,"diagnostic,prognostic,motivational",0,1,3,
1795838157939383,0,"diagnostic,prognostic,motivational",3,1,3,
1105377081337626,0,"diagnostic,prognostic,motivational",1,0,3,
1583268090174808,0,"diagnostic,prognostic,motivational",0,0,2,
960480162718522,0,"diagnostic,prognostic,motivational",0,1,4,
1114348719675022,0,"diagnostic,prognostic,motivational",0,1,3,
641879825071949,0,"diagnostic,prognostic,motivational",2,2,4,
770032595345971,0,"diagnostic,prognostic,motivational",1,2,4,
2506644846521720,0,"diagnostic,prognostic,motivational",0,1,4,
1505631080644426,0,"diagnostic,prognostic,motivational",4,4,3,
644989057920877,0,"diagnostic,prognostic,motivational",3,3,4,
1119291902651222,0,"diagnostic,prognostic,motivational",1,2,3,
1359392422161104,0,"diagnostic,prognostic,motivational",0,1,4,
2223917595072359,0,"diagnostic,prognostic,motivational",1,1,4,
1173736320758697,0,"diagnostic,prognostic,motivational",2,4,3,
1020256376513898,0,"diagnostic,prognostic,motivational",2,2,4,
2045465819387827,0,"diagnostic,prognostic,motivational",1,0,1,
1557308712606998,0,"diagnostic,prognostic,motivational",4,4,3,
1075790187003539,0,"diagnostic,prognostic,motivational",4,2,4,
1727704968251662,0,"diagnostic,prognostic,motivational",0,1,4,
3909694869309277,0,"diagnostic,prognostic,motivational",2,4,4,
1037131452184619,0,"diagnostic,prognostic,motivational",3,3,4,
1343881667947562,0,"diagnostic,prognostic,motivational",3,2,4,
1688501955404341,0,"diagnostic,prognostic,motivational",1,0,3,
4532354583682699,0,"diagnostic,prognostic,motivational",3,3,4,
643011201495247,0,"diagnostic,prognostic,motivational",2,2,4,
1004503131723055,1,"diagnostic,motivational,prognostic",2,1,4,
986576306633702,1,"diagnostic,motivational,prognostic",0,0,1,
3770522479929599,1,"diagnostic,motivational,prognostic",0,1,4,
1571666100173668,1,"diagnostic,motivational,prognostic",1,2,4,
872900928251532,1,"diagnostic,motivational,prognostic",3,2,3,
1096722516120605,1,"diagnostic,motivational,prognostic",0,1,4,
8388365957959416,1,"diagnostic,motivational,prognostic",0,0,3,
1734432077346478,1,"diagnostic,motivational,prognostic",2,2,4,
9292622500788338,1,"diagnostic,motivational,prognostic",1,2,4,
994247570097633,1,"diagnostic,motivational,prognostic",0,1,4,
3540266812806293,1,"diagnostic,motivational,prognostic",0,0,0,
1542669927123464,1,"diagnostic,motivational,prognostic",1,2,4,
1017416917705634,1,"diagnostic,motivational,prognostic",1,1,4,
588384047454457,1,"diagnostic,motivational,prognostic",0,0,2,
1580737097387377,1,"diagnostic,motivational,prognostic",1,1,4,
2163450137886845,1,"diagnostic,motivational,prognostic",1,1,4,
631569479650715,1,"diagnostic,motivational,prognostic",0,0,0,
2064243864001823,1,"diagnostic,motivational,prognostic",1,0,4,
1044729717424759,1,"diagnostic,motivational,prognostic",3,0,1,
1605124060129247,1,"diagnostic,motivational,prognostic",0,2,4,
1047446551611297,1,"diagnostic,motivational,prognostic",3,3,2,
2124890891298383,1,"diagnostic,motivational,prognostic",1,1,4,
1205944201669093,1,"diagnostic,motivational,prognostic",3,2,3,
4059316084314035,1,"diagnostic,motivational,prognostic",1,2,4,
627060880017098,1,"diagnostic,motivational,prognostic",2,0,2,
1285820719203630,1,"diagnostic,motivational,prognostic",3,2,3,
1132601994734297,1,"diagnostic,motivational,prognostic",3,1,3,
1953508441820544,1,"diagnostic,motivational,prognostic",0,1,4,
523327920743101,1,"diagnostic,motivational,prognostic",0,0,3,
8750420001660989,1,"diagnostic,motivational,prognostic",3,1,4,
1149026473675176,1,"diagnostic,motivational,prognostic",0,1,4,
875692301191517,1,"diagnostic,motivational,prognostic",0,0,2,
1030871629491993,1,"diagnostic,motivational,prognostic",1,0,3,
1129880068691719,1,"diagnostic,motivational,prognostic",1,3,4,
990544830666031,1,"diagnostic,motivational,prognostic",0,0,3,
582727901332121,1,"diagnostic,motivational,prognostic",2,1,4,
1671847013728676,1,"diagnostic,motivational,prognostic",0,0,2,
1686700248572943,1,"diagnostic,motivational,prognostic",3,2,3,
1546487366060737,1,"diagnostic,motivational,prognostic",0,0,3,
791333399785537,1,"diagnostic,motivational,prognostic",0,0,4,
1699226327600860,1,"diagnostic,motivational,prognostic",0,1,3,
1036451052270601,1,"diagnostic,motivational,prognostic",0,0,2,
920381006909236,1,"diagnostic,motivational,prognostic",3,1,4,
557908700459769,1,"diagnostic,motivational,prognostic",1,1,4,
578026645101465,1,"diagnostic,motivational,prognostic",0,1,4,
1737555863938513,1,"diagnostic,motivational,prognostic",1,2,4,
1357674042363606,1,"diagnostic,motivational,prognostic",0,1,4,
1617063929244758,1,"diagnostic,motivational,prognostic",3,2,3,
1294673574865485,1,"diagnostic,motivational,prognostic",1,1,3,
947888484102797,1,"diagnostic,motivational,prognostic",3,1,4,
564802376558581,1,"diagnostic,motivational,prognostic",2,2,4,
1143430384059784,1,"diagnostic,motivational,prognostic",1,1,4,
586195010884644,1,"diagnostic,motivational,prognostic",0,0,3,
973064850823591,1,"diagnostic,motivational,prognostic",1,0,2,
968057634769764,1,"diagnostic,motivational,prognostic",1,0,3,
1421199075520655,1,"diagnostic,motivational,prognostic",0,1,4,
702303428767640,1,"diagnostic,motivational,prognostic",1,2,4,
613534517927897,1,"diagnostic,motivational,prognostic",2,0,3,
951184693632090,1,"diagnostic,motivational,prognostic",1,0,3,
913475451788936,1,"diagnostic,motivational,prognostic",0,1,3,
916628800456677,1,"diagnostic,motivational,prognostic",0,0,3,
1936586947059889,1,"diagnostic,motivational,prognostic",0,1,3,
1174482520943616,1,"diagnostic,motivational,prognostic",0,0,0,
1275871846977890,1,"diagnostic,motivational,prognostic",2,2,4,
8685466041539840,1,"diagnostic,motivational,prognostic",2,2,4,
971853418275144,1,"diagnostic,motivational,prognostic",0,0,1,
1427650952542789,1,"diagnostic,motivational,prognostic",2,2,4,
571309375845127,1,"diagnostic,motivational,prognostic",3,1,2,
1491957615574748,1,"diagnostic,motivational,prognostic",0,1,2,
2091032871346006,1,"diagnostic,motivational,prognostic",0,3,2,
977262944287748,1,"diagnostic,motivational,prognostic",3,0,1,
1557574411626706,1,"diagnostic,motivational,prognostic",1,2,4,
1244470629952506,1,"diagnostic,motivational,prognostic",2,4,3,
786746683597077,1,"diagnostic,motivational,prognostic",1,3,4,
584543591169281,1,"diagnostic,motivational,prognostic",1,1,3,
836718958419866,1,"diagnostic,motivational,prognostic",1,2,4,
551859234309198,1,"diagnostic,motivational,prognostic",2,2,4,
3421025354697136,1,"diagnostic,motivational,prognostic",0,0,2,
627085859973731,1,"diagnostic,motivational,prognostic",2,0,3,
605274878606992,1,"diagnostic,motivational,prognostic",3,1,3,
1416222146014719,1,"diagnostic,motivational,prognostic",2,3,3,
1555401288311089,1,"diagnostic,motivational,prognostic",0,1,4,
3807106556218299,1,"diagnostic,motivational,prognostic",2,3,3,
560941893598180,1,"diagnostic,motivational,prognostic",3,1,4,
597452026057296,1,"diagnostic,motivational,prognostic",2,1,4,
1702022374449716,1,"diagnostic,motivational,prognostic",3,1,3,
1767750004039041,1,"diagnostic,motivational,prognostic",3,3,2,
1110219197467528,1,"diagnostic,motivational,prognostic",1,0,0,
1748640132374601,1,"diagnostic,motivational,prognostic",0,0,3,
1139497823863554,1,"diagnostic,motivational,prognostic",2,2,4,
1276093303522189,1,"diagnostic,motivational,prognostic",3,2,2,
928300469414178,1,"diagnostic,motivational,prognostic",2,4,4,
1279950183027422,1,"diagnostic,motivational,prognostic",0,1,3,
971524815081454,1,"diagnostic,motivational,prognostic",0,0,4,
1346945740004711,1,"diagnostic,motivational,prognostic",2,2,4,
939444218069995,1,"diagnostic,motivational,prognostic",0,0,0,
615035201479571,1,"diagnostic,motivational,prognostic",1,2,4,
881341791159172,1,"diagnostic,motivational,prognostic",2,3,4,
565107919574753,1,"diagnostic,motivational,prognostic",2,1,4,
560593973644457,1,"diagnostic,motivational,prognostic",2,1,3,
1018416317613877,1,"diagnostic,motivational,prognostic",4,1,4,
1106563191011420,1,"diagnostic,motivational,prognostic",0,0,0,
927058139357131,1,"diagnostic,motivational,prognostic",1,2,4,
1112390856767024,1,"diagnostic,motivational,prognostic",1,1,3,
582883781381555,1,"diagnostic,motivational,prognostic",2,3,3,
4028668074085365,1,"diagnostic,motivational,prognostic",3,2,4,
1252668219343606,1,"diagnostic,motivational,prognostic",2,2,4,
1569643657979640,1,"diagnostic,motivational,prognostic",3,3,2,
595628010034644,1,"diagnostic,motivational,prognostic",0,1,4,
2667351190139885,1,"diagnostic,motivational,prognostic",3,2,4,
912902757216883,1,"diagnostic,motivational,prognostic",1,1,4,
644112671377272,1,"diagnostic,motivational,prognostic",2,1,4,
1582272139347305,1,"diagnostic,motivational,prognostic",3,3,4,
1353261469374916,1,"diagnostic,motivational,prognostic",3,1,4,
927619040412042,1,"diagnostic,motivational,prognostic",0,0,4,
1344277863585581,1,"diagnostic,motivational,prognostic",0,0,3,
591358187098194,1,"diagnostic,motivational,prognostic",0,0,4,
2244860386086839,1,"diagnostic,motivational,prognostic",3,1,2,
1162612125534440,1,"diagnostic,motivational,prognostic",2,2,3,
1744992209393757,1,"diagnostic,motivational,prognostic",2,1,3,
27229796373361422,1,"diagnostic,motivational,prognostic",1,2,4,
1088944663580758,1,"diagnostic,motivational,prognostic",3,1,2,
1087856537092968,1,"diagnostic,motivational,prognostic",1,1,4,
1164087405115870,1,"diagnostic,motivational,prognostic",2,1,4,
1061415150152448,1,"diagnostic,motivational,prognostic",0,1,4,
1110507631310855,1,"diagnostic,motivational,prognostic",0,1,4,
1596139554347776,1,"diagnostic,motivational,prognostic",2,2,4,
959604232902091,1,"diagnostic,motivational,prognostic",3,2,4,
522633413580839,1,"diagnostic,motivational,prognostic",1,0,2,
1335670100800098,1,"diagnostic,motivational,prognostic",4,3,4,
1324873738528449,1,"diagnostic,motivational,prognostic",0,0,1,
1778368512934265,1,"diagnostic,motivational,prognostic",0,1,3,
1726719777876126,1,"diagnostic,motivational,prognostic",1,1,4,
2505204226646655,1,"diagnostic,motivational,prognostic",2,1,3,
1256277215486290,1,"diagnostic,motivational,prognostic",1,1,3,
981885247163115,1,"diagnostic,motivational,prognostic",3,1,4,
1323518098695358,1,"diagnostic,motivational,prognostic",2,1,4,
897014192511331,1,"diagnostic,motivational,prognostic",1,1,4,
1121712089436205,1,"diagnostic,motivational,prognostic",1,1,3,
900593781806901,1,"diagnostic,motivational,prognostic",0,0,3,
1343327011266200,1,"diagnostic,motivational,prognostic",0,0,0,
1090513839393778,1,"diagnostic,motivational,prognostic",0,0,1,
882847390499437,1,"diagnostic,motivational,prognostic",1,2,4,
3887390728182134,1,"diagnostic,motivational,prognostic",0,0,1,
1138759677904405,1,"diagnostic,motivational,prognostic",1,0,2,
1071213912153437,1,"diagnostic,motivational,prognostic",0,1,4,
1340645520257229,1,"diagnostic,motivational,prognostic",0,0,4,
1465668141989085,1,"diagnostic,motivational,prognostic",4,4,3,
1128953431964646,1,"diagnostic,motivational,prognostic",0,1,4,
1024275190195657,1,"diagnostic,motivational,prognostic",3,1,4,
1356881359055488,1,"diagnostic,motivational,prognostic",2,1,4,
1511553430517498,1,"diagnostic,motivational,prognostic",2,1,4,
940957347906174,1,"diagnostic,motivational,prognostic",2,2,4,
2967528553596876,1,"diagnostic,motivational,prognostic",0,0,3,
872031595983597,1,"diagnostic,motivational,prognostic",0,1,3,
1109007447272549,1,"diagnostic,motivational,prognostic",2,2,4,
492540757167632,1,"diagnostic,motivational,prognostic",1,2,4,
565416772796633,1,"diagnostic,motivational,prognostic",1,1,4,
1597111978679445,1,"diagnostic,motivational,prognostic",1,1,3,
1638576126868599,1,"diagnostic,motivational,prognostic",0,1,4,
557778480333701,1,"diagnostic,motivational,prognostic",2,1,4,
1360219564981610,1,"diagnostic,motivational,prognostic",1,2,4,
1248409136221533,1,"diagnostic,motivational,prognostic",0,0,3,
3529636417200068,1,"diagnostic,motivational,prognostic",0,0,2,
9601224049898588,1,"diagnostic,motivational,prognostic",2,2,4,
1526113364720481,1,"diagnostic,motivational,prognostic",2,1,4,
1676037026673195,1,"diagnostic,motivational,prognostic",3,2,4,
2101762656945810,1,"diagnostic,motivational,prognostic",3,2,4,
1141252850895414,1,"diagnostic,motivational,prognostic",2,1,4,
2394097104260963,1,"diagnostic,motivational,prognostic",3,0,1,
1644391329485160,1,"diagnostic,motivational,prognostic",0,0,2,
1316560759461741,1,"diagnostic,motivational,prognostic",2,3,4,
889437226633583,1,"diagnostic,motivational,prognostic",1,2,4,
1001838399500594,1,"diagnostic,motivational,prognostic",2,1,3,
1167817991425214,1,"diagnostic,motivational,prognostic",3,1,4,
583139774690684,1,"diagnostic,motivational,prognostic",3,1,4,
505358838820540,1,"diagnostic,motivational,prognostic",0,1,3,
1219975549306951,1,"diagnostic,motivational,prognostic",2,1,3,
637956195411379,1,"diagnostic,motivational,prognostic",2,3,3,
505915048765304,1,"diagnostic,motivational,prognostic",0,1,3,
1268507504387158,1,"diagnostic,motivational,prognostic",2,2,3,
2025523264749711,1,"diagnostic,motivational,prognostic",0,1,3,
1325615295305651,1,"diagnostic,motivational,prognostic",0,0,1,
1307177300274832,1,"diagnostic,motivational,prognostic",3,2,3,
1105849271555367,1,"diagnostic,motivational,prognostic",1,0,3,
1001643848486680,1,"diagnostic,motivational,prognostic",0,0,1,
1620819912646444,1,"diagnostic,motivational,prognostic",0,0,2,
1093980203013513,1,"diagnostic,motivational,prognostic",0,0,2,
1182140856693729,1,"diagnostic,motivational,prognostic",0,0,3,
3533550263611316,1,"diagnostic,motivational,prognostic",1,1,3,
964937362349500,1,"diagnostic,motivational,prognostic",0,0,2,
1101604428209522,1,"diagnostic,motivational,prognostic",0,0,4,
2623426021440535,1,"diagnostic,motivational,prognostic",1,1,3,
642728508434396,1,"diagnostic,motivational,prognostic",3,0,1,
1807212613443727,1,"diagnostic,motivational,prognostic",0,0,3,
528306336934715,1,"diagnostic,motivational,prognostic",2,3,4,
1154825166021316,1,"diagnostic,motivational,prognostic",4,3,4,
4009220552542785,1,"diagnostic,motivational,prognostic",2,0,3,
1159752695741605,1,"diagnostic,motivational,prognostic",1,3,4,
2096597247439552,1,"diagnostic,motivational,prognostic",0,0,3,
729446615937609,1,"diagnostic,motivational,prognostic",3,3,4,
28234056732947945,1,"diagnostic,motivational,prognostic",3,2,4,
1381871880799391,1,"diagnostic,motivational,prognostic",0,0,3,
3865517963722937,1,"diagnostic,motivational,prognostic",0,0,2,
941101031489902,1,"diagnostic,motivational,prognostic",0,1,3,
1385680270121895,1,"diagnostic,motivational,prognostic",2,1,3,
452377094571215,1,"diagnostic,motivational,prognostic",0,0,2,
1162445539214549,1,"diagnostic,motivational,prognostic",0,0,3,
1751921222823815,1,"diagnostic,motivational,prognostic",3,1,4,
1135432314950335,1,"diagnostic,motivational,prognostic",1,1,4,
1861314848232913,1,"diagnostic,motivational,prognostic",1,2,3,
1298287954646256,1,"diagnostic,motivational,prognostic",0,0,1,
1785107202221602,1,"diagnostic,motivational,prognostic",3,2,4,
1047061054919364,1,"diagnostic,motivational,prognostic",3,3,2,
1240274750402472,1,"diagnostic,motivational,prognostic",0,1,4,
1839775530111085,1,"diagnostic,motivational,prognostic",0,1,4,
1314081963337788,1,"diagnostic,motivational,prognostic",3,1,4,
1153676506462062,1,"diagnostic,motivational,prognostic",3,2,4,
9094544347328343,1,"diagnostic,motivational,prognostic",0,1,3,
2078894792626765,1,"diagnostic,motivational,prognostic",4,4,3,
1167803648065392,1,"diagnostic,motivational,prognostic",0,0,2,
642855184831307,1,"diagnostic,motivational,prognostic",3,2,3,
1180226723461521,1,"diagnostic,motivational,prognostic",3,4,3,
2010790526420926,1,"diagnostic,motivational,prognostic",3,2,2,
613954871215289,1,"diagnostic,motivational,prognostic",1,2,4,
1023177319840343,1,"diagnostic,motivational,prognostic",3,0,1,
961695723586392,1,"diagnostic,motivational,prognostic",1,2,4,
2948217645332897,1,"diagnostic,motivational,prognostic",2,3,4,
1300809004490571,1,"diagnostic,motivational,prognostic",3,3,2,
1139405321746766,1,"diagnostic,motivational,prognostic",0,0,3,
587537370312703,1,"diagnostic,motivational,prognostic",4,3,4,
918158767027646,1,"diagnostic,motivational,prognostic",3,1,4,
1172593521119516,1,"diagnostic,motivational,prognostic",2,2,4,
1013492410600438,1,"diagnostic,motivational,prognostic",0,1,4,
926437556285879,1,"diagnostic,motivational,prognostic",1,1,4,
789095773523166,1,"diagnostic,motivational,prognostic",1,1,4,
1369654392003292,1,"diagnostic,motivational,prognostic",3,1,4,
538147732576294,1,"diagnostic,motivational,prognostic",0,1,3,
1530318172180937,1,"diagnostic,motivational,prognostic",3,2,4,
1019994400674907,1,"diagnostic,motivational,prognostic",2,2,4,
1737670004108398,1,"diagnostic,motivational,prognostic",2,4,3,
496535876797581,1,"diagnostic,motivational,prognostic",2,1,3,
628789132881989,1,"diagnostic,motivational,prognostic",0,0,2,
1144430307123709,1,"diagnostic,motivational,prognostic",3,0,1,
1123379499503686,1,"diagnostic,motivational,prognostic",0,2,3,
1090866280264783,1,"diagnostic,motivational,prognostic",0,0,4,
912698694775418,1,"diagnostic,motivational,prognostic",1,1,4,
1102078804756730,1,"diagnostic,motivational,prognostic",2,2,4,
999733152043771,1,"diagnostic,motivational,prognostic",1,0,4,
627348723115228,1,"diagnostic,motivational,prognostic",1,2,4,
2305187093551012,1,"diagnostic,motivational,prognostic",1,1,3,
1602616590647060,1,"diagnostic,motivational,prognostic",4,0,1,
1313940563145758,1,"diagnostic,motivational,prognostic",3,2,4,
1494132641233963,1,"diagnostic,motivational,prognostic",4,3,4,
27836035999327933,1,"diagnostic,motivational,prognostic",4,2,1,
1631990224379637,1,"diagnostic,motivational,prognostic",0,0,2,
964847671778996,1,"diagnostic,motivational,prognostic",4,3,3,
1130896785190840,1,"diagnostic,motivational,prognostic",1,1,3,
1153575379658603,1,"diagnostic,motivational,prognostic",0,0,0,
577694035076389,1,"diagnostic,motivational,prognostic",1,1,4,
1522978445526284,1,"diagnostic,motivational,prognostic",2,2,4,
1150201079927301,1,"diagnostic,motivational,prognostic",0,0,2,
31916417661305278,1,"diagnostic,motivational,prognostic",1,2,4,
1355758026482657,1,"diagnostic,motivational,prognostic",0,0,3,
1753527622329876,1,"diagnostic,motivational,prognostic",4,1,4,
628912389807029,1,"diagnostic,motivational,prognostic",2,2,2,
1765908070772859,1,"diagnostic,motivational,prognostic",4,3,3,
2377068735970342,1,"diagnostic,motivational,prognostic",3,2,1,
1349791203909489,1,"diagnostic,motivational,prognostic",2,2,4,
246590181839932,1,"diagnostic,motivational,prognostic",4,3,3,
1860002394535768,1,"diagnostic,motivational,prognostic",4,2,2,
1268687247577115,1,"diagnostic,motivational,prognostic",0,0,1,
1527203968089244,1,"diagnostic,motivational,prognostic",3,1,3,
29141681145420997,1,"diagnostic,motivational,prognostic",1,2,4,
1103470104513057,1,"diagnostic,motivational,prognostic",4,2,4,
1171885334845908,1,"diagnostic,motivational,prognostic",0,1,3,
1323650455427629,1,"diagnostic,motivational,prognostic",2,3,4,
1159213252055146,1,"diagnostic,motivational,prognostic",1,2,4,
942806181333797,1,"diagnostic,motivational,prognostic",0,1,3,
1132472591645347,1,"diagnostic,motivational,prognostic",3,3,4,
1608009133159434,1,"diagnostic,motivational,prognostic",3,3,4,
610001105316843,1,"diagnostic,motivational,prognostic",0,1,3,
2287009621769492,1,"diagnostic,motivational,prognostic",2,3,3,
1164544125235730,1,"diagnostic,motivational,prognostic",2,1,3,
1325254518632241,1,"diagnostic,motivational,prognostic",2,1,4,
3307650739425087,1,"diagnostic,motivational,prognostic",1,1,4,
4149346405286858,1,"diagnostic,motivational,prognostic",1,3,4,
488295704009004,1,"diagnostic,motivational,prognostic",1,2,3,
996053905897322,1,"diagnostic,motivational,prognostic",2,2,4,
2871941139860992,1,"diagnostic,motivational,prognostic",1,2,4,
1112127563124094,1,"diagnostic,motivational,prognostic",3,3,3,
1464775691476590,1,"diagnostic,motivational,prognostic",3,2,4,
1378973854302100,1,"diagnostic,motivational,prognostic",2,1,3,
2060264901062971,1,"diagnostic,motivational,prognostic",3,1,3,
1572544274268360,1,"diagnostic,motivational,prognostic",1,2,4,
810171201464405,1,"diagnostic,motivational,prognostic",4,2,4,
1513546742641351,1,"diagnostic,motivational,prognostic",3,3,4,
1322499352226405,1,"diagnostic,motivational,prognostic",1,1,4,
973228711436163,1,"diagnostic,motivational,prognostic",3,2,3,
928163632119708,1,"diagnostic,motivational,prognostic",3,1,2,
1415618119847636,1,"diagnostic,motivational,prognostic",1,1,4,
1434647893756140,1,"diagnostic,motivational,prognostic",1,1,4,
1125669819042012,1,"diagnostic,motivational,prognostic",3,2,4,
869378952074780,1,"diagnostic,motivational,prognostic",3,4,3,
1481052259892568,1,"diagnostic,motivational,prognostic",0,1,3,
634373459059649,1,"diagnostic,motivational,prognostic",3,2,3,
588564834147391,1,"diagnostic,motivational,prognostic",1,2,4,
1363961424973333,1,"diagnostic,motivational,prognostic",2,2,4,
1249699146124138,1,"diagnostic,motivational,prognostic",0,0,3,
1138561157910979,1,"diagnostic,motivational,prognostic",1,0,1,
595776006650840,1,"diagnostic,motivational,prognostic",0,0,0,
1619147075359567,1,"diagnostic,motivational,prognostic",3,1,4,
504048502299324,1,"diagnostic,motivational,prognostic",2,0,1,
1376603564616886,1,"diagnostic,motivational,prognostic",0,0,1,
1375290781336448,1,"diagnostic,motivational,prognostic",0,2,4,
8917507201693780,1,"diagnostic,motivational,prognostic",3,4,2,
3829000734018338,1,"diagnostic,motivational,prognostic",2,2,4,
28369188422695937,1,"diagnostic,motivational,prognostic",0,0,1,
1151206256562760,1,"diagnostic,motivational,prognostic",0,0,1,
971275821732948,1,"diagnostic,motivational,prognostic",1,3,4,
477323358559881,1,"diagnostic,motivational,prognostic",0,1,4,
1178325543960476,1,"diagnostic,motivational,prognostic",3,1,4,
1264671691444781,1,"diagnostic,motivational,prognostic",2,1,1,
3226818764186422,1,"diagnostic,motivational,prognostic",0,1,4,
1890737954798536,1,"diagnostic,motivational,prognostic",0,1,4,
1017901496839436,1,"diagnostic,motivational,prognostic",3,4,3,
1695275168081109,1,"diagnostic,motivational,prognostic",2,2,3,
923270146061347,1,"diagnostic,motivational,prognostic",0,3,2,
936637641925537,1,"diagnostic,motivational,prognostic",3,1,2,
1009525087604267,1,"diagnostic,motivational,prognostic",3,2,4,
599340886138963,1,"diagnostic,motivational,prognostic",2,0,1,
1132713511827830,1,"diagnostic,motivational,prognostic",3,2,4,
625771769960010,1,"diagnostic,motivational,prognostic",1,2,4,
1752338969339867,1,"diagnostic,motivational,prognostic",3,0,4,
1068702505657605,1,"diagnostic,motivational,prognostic",1,2,4,
1153568076284988,1,"diagnostic,motivational,prognostic",3,4,3,
650560300877069,1,"diagnostic,motivational,prognostic",3,1,4,
1312915886854911,1,"diagnostic,motivational,prognostic",3,2,4,
1141802087303652,1,"diagnostic,motivational,prognostic",2,3,4,
1584916386239678,1,"diagnostic,motivational,prognostic",2,0,2,
1467728542037250,1,"diagnostic,motivational,prognostic",1,2,4,
1295223151601261,1,"diagnostic,motivational,prognostic",1,1,4,
1119338906184572,1,"diagnostic,motivational,prognostic",2,2,3,
1046849940818421,1,"diagnostic,motivational,prognostic",2,3,4,
871191371882687,1,"diagnostic,motivational,prognostic",0,0,4,
1338342257520870,1,"diagnostic,motivational,prognostic",1,2,3,
1668594454360042,1,"diagnostic,motivational,prognostic",1,0,2,
933380451728405,1,"diagnostic,motivational,prognostic",4,4,3,
1807152293373908,1,"diagnostic,motivational,prognostic",0,0,2,
1751866736140220,1,"diagnostic,motivational,prognostic",0,0,1,
1105115374523422,1,"diagnostic,motivational,prognostic",0,1,3,
1745224453085480,1,"diagnostic,motivational,prognostic",0,0,3,
1075582450977167,1,"diagnostic,motivational,prognostic",3,3,4,
27795093930134591,1,"diagnostic,motivational,prognostic",2,1,3,
1119702199625097,1,"diagnostic,motivational,prognostic",3,2,4,
1103997415620093,1,"diagnostic,motivational,prognostic",0,0,2,
3544551529036184,1,"diagnostic,motivational,prognostic",3,1,4,
496511290143531,1,"diagnostic,motivational,prognostic",4,3,4,
1167473458130701,1,"diagnostic,motivational,prognostic",2,3,2,
1552432082134915,1,"diagnostic,motivational,prognostic",3,3,4,
876363891122073,1,"diagnostic,motivational,prognostic",4,4,4,
881900324120115,1,"diagnostic,motivational,prognostic",0,0,3,
1092590829335100,1,"diagnostic,motivational,prognostic",3,2,4,
1454095730088187,1,"diagnostic,motivational,prognostic",2,1,3,
2120473025179735,1,"diagnostic,motivational,prognostic",1,2,4,
628358093497779,1,"diagnostic,motivational,prognostic",2,2,4,
587863230320742,1,"diagnostic,motivational,prognostic",2,3,4,
1163408241797386,1,"diagnostic,motivational,prognostic",0,0,3,
1753388552327919,1,"diagnostic,motivational,prognostic",2,3,3,
625008463314844,1,"diagnostic,motivational,prognostic",3,2,3,
1064587625433616,1,"diagnostic,motivational,prognostic",2,2,3,
24899504139702726,1,"diagnostic,motivational,prognostic",4,2,4,
7625946067438176,1,"diagnostic,motivational,prognostic",1,1,3,
544916901695234,1,"diagnostic,motivational,prognostic",2,3,4,
1060197759683088,1,"diagnostic,motivational,prognostic",0,1,3,
849157107151746,1,"diagnostic,motivational,prognostic",0,1,4,
826341583837601,1,"diagnostic,motivational,prognostic",1,1,4,
1687554141840343,1,"diagnostic,motivational,prognostic",2,3,4,
1101356455100730,1,"diagnostic,motivational,prognostic",3,2,4,
1136857761240979,1,"diagnostic,motivational,prognostic",1,1,3,
962485069150922,1,"diagnostic,motivational,prognostic",1,2,4,
1342706304485324,1,"diagnostic,motivational,prognostic",2,1,4,
1627762551459970,1,"diagnostic,motivational,prognostic",3,3,4,
638455512423468,1,"diagnostic,motivational,prognostic",0,0,3,
2437239313464978,1,"diagnostic,motivational,prognostic",2,3,3,
475743548920299,1,"diagnostic,motivational,prognostic",0,0,4,
980824964756129,1,"diagnostic,motivational,prognostic",0,1,4,
1309349340159926,1,"diagnostic,motivational,prognostic",4,3,4,
1742117206362491,1,"diagnostic,motivational,prognostic",0,0,3,
1607626360173005,1,"diagnostic,motivational,prognostic",1,2,3,
1517607965598211,1,"diagnostic,motivational,prognostic",0,0,1,
3879800372293659,1,"diagnostic,motivational,prognostic",0,0,3,
1338244810647906,1,"diagnostic,motivational,prognostic",0,0,2,
27738599622421661,1,"diagnostic,motivational,prognostic",2,3,4,
543485655157961,1,"diagnostic,motivational,prognostic",3,3,4,
1722298418413010,1,"diagnostic,motivational,prognostic",1,1,4,
324405636756110,1,"diagnostic,motivational,prognostic",2,2,4,
1347207780158364,1,"diagnostic,motivational,prognostic",3,2,4,
568436806349176,1,"diagnostic,motivational,prognostic",0,0,4,
1146913779706662,1,"diagnostic,motivational,prognostic",3,2,4,
650709654185903,1,"diagnostic,motivational,prognostic",0,0,2,
522659246897684,1,"diagnostic,motivational,prognostic",3,1,4,
927742912885174,1,"diagnostic,motivational,prognostic",3,1,4,
946283730400848,1,"diagnostic,motivational,prognostic",0,1,4,
3794586830792819,1,"diagnostic,motivational,prognostic",0,0,2,
2082049612706684,1,"diagnostic,motivational,prognostic",0,1,3,
2155741614845758,1,"diagnostic,motivational,prognostic",4,3,3,
960755249346351,1,"diagnostic,motivational,prognostic",3,2,4,
1155427983254169,1,"diagnostic,motivational,prognostic",1,2,4,
1793547724831765,1,"diagnostic,motivational,prognostic",4,3,4,
1698029974389893,1,"diagnostic,motivational,prognostic",3,1,2,
2599019460296232,1,"diagnostic,motivational,prognostic",0,0,2,
1047908584804946,1,"diagnostic,motivational,prognostic",2,2,3,
1006763272214551,1,"diagnostic,motivational,prognostic",0,1,4,
600519346017928,1,"diagnostic,motivational,prognostic",3,1,3,
4604518506463144,1,"diagnostic,motivational,prognostic",2,1,4,
946853370418614,1,"diagnostic,motivational,prognostic",3,3,3,
2482323105309504,1,"diagnostic,motivational,prognostic",0,1,4,
581574761078245,1,"diagnostic,motivational,prognostic",2,2,4,
1343176103358713,1,"diagnostic,motivational,prognostic",1,1,3,
947538870601602,1,"diagnostic,motivational,prognostic",0,1,3,
576178875416265,1,"diagnostic,motivational,prognostic",3,3,2,
595262939806991,1,"diagnostic,motivational,prognostic",3,3,4,
1695119571431099,1,"diagnostic,motivational,prognostic",3,1,4,
1068860116076585,1,"diagnostic,motivational,prognostic",0,0,2,
1288043192546444,1,"diagnostic,motivational,prognostic",1,0,4,
636471479048324,1,"diagnostic,motivational,prognostic",2,1,4,
1785683608894947,1,"diagnostic,motivational,prognostic",3,1,3,
636455442657867,1,"diagnostic,motivational,prognostic",0,1,3,
584897268031340,1,"diagnostic,motivational,prognostic",1,2,4,
960620502234230,1,"diagnostic,motivational,prognostic",0,0,1,
1162250172264952,1,"diagnostic,motivational,prognostic",4,4,4,
593841340275645,1,"diagnostic,motivational,prognostic",4,2,4,
2923963877759784,1,"diagnostic,motivational,prognostic",1,2,4,
3560512714251617,1,"diagnostic,motivational,prognostic",2,0,0,
1312601259770344,1,"diagnostic,motivational,prognostic",0,0,2,
1397816257854996,1,"diagnostic,motivational,prognostic",3,2,4,
1139906064511067,1,"diagnostic,motivational,prognostic",1,2,4,
1548387863394886,1,"diagnostic,motivational,prognostic",0,0,4,
1282925939636044,1,"diagnostic,motivational,prognostic",3,1,4,
2886501091686351,1,"diagnostic,motivational,prognostic",3,4,4,
1756604011794560,1,"diagnostic,motivational,prognostic",0,2,3,
835672528671875,1,"diagnostic,motivational,prognostic",2,0,4,
2682079961999500,1,"diagnostic,motivational,prognostic",3,2,4,
1557503174941787,1,"diagnostic,motivational,prognostic",3,1,4,
1159598182243369,1,"diagnostic,motivational,prognostic",0,1,4,
1376247050643634,1,"diagnostic,motivational,prognostic",3,2,4,
472872475689313,1,"diagnostic,motivational,prognostic",0,1,4,
1534868720510659,1,"diagnostic,motivational,prognostic",4,3,4,
28055589927437528,1,"diagnostic,motivational,prognostic",0,1,4,
1331711658568816,1,"diagnostic,motivational,prognostic",2,1,2,
966678818265906,1,"diagnostic,motivational,prognostic",3,1,3,
2132085920561958,1,"diagnostic,motivational,prognostic",0,0,4,
1684709418759066,1,"diagnostic,motivational,prognostic",0,1,4,
3212967505759929,1,"diagnostic,motivational,prognostic",0,1,4,
2809177186136059,1,"diagnostic,motivational,prognostic",4,3,4,
1088767682969099,1,"diagnostic,motivational,prognostic",0,1,4,
520926931003086,1,"diagnostic,motivational,prognostic",1,3,4,
1194400998915350,1,"diagnostic,motivational,prognostic",4,1,3,
1338233697601165,1,"diagnostic,motivational,prognostic",3,2,4,
1826700731463016,1,"diagnostic,motivational,prognostic",3,2,3,
1306747133969324,1,"diagnostic,motivational,prognostic",2,2,4,
626448026518453,1,"diagnostic,motivational,prognostic",1,0,3,
1587760448551064,1,"diagnostic,motivational,prognostic",4,3,4,
508854305103985,1,"diagnostic,motivational,prognostic",1,1,4,
1572138990115190,1,"diagnostic,motivational,prognostic",1,2,4,
9047592588695695,1,"diagnostic,motivational,prognostic",1,0,3,
523749446799261,1,"diagnostic,motivational,prognostic",2,4,3,
2752288754958328,1,"diagnostic,motivational,prognostic",4,3,4,
1661400697783308,1,"diagnostic,motivational,prognostic",2,2,4,
1542251537654170,1,"diagnostic,motivational,prognostic",2,1,2,
792076536457329,1,"diagnostic,motivational,prognostic",1,1,4,
8998014366930279,1,"diagnostic,motivational,prognostic",0,1,4,
633597492377179,1,"diagnostic,motivational,prognostic",0,0,1,
1659836121893490,1,"diagnostic,motivational,prognostic",0,0,3,
634201975726685,1,"diagnostic,motivational,prognostic",1,1,4,
587894070754705,1,"diagnostic,motivational,prognostic",0,0,3,
1714997212765680,1,"diagnostic,motivational,prognostic",0,0,3,
1034558675100354,1,"diagnostic,motivational,prognostic",3,3,4,
1364196918087501,1,"diagnostic,motivational,prognostic",0,0,0,
538809485868846,1,"diagnostic,motivational,prognostic",0,0,2,
635330319149259,1,"diagnostic,motivational,prognostic",2,1,4,
1089607840420451,1,"diagnostic,motivational,prognostic",3,3,4,
1180654983670108,1,"diagnostic,motivational,prognostic",3,3,3,
1015003297121861,1,"diagnostic,motivational,prognostic",4,3,3,
610035641759187,1,"diagnostic,motivational,prognostic",1,1,4,
1379558054135765,1,"diagnostic,motivational,prognostic",0,0,3,
1976951792803502,1,"diagnostic,motivational,prognostic",0,1,4,
1564372007557607,1,"diagnostic,motivational,prognostic",2,1,3,
1440889143167119,1,"diagnostic,motivational,prognostic",2,2,4,
638355381866380,1,"diagnostic,motivational,prognostic",3,2,3,
547322564995907,1,"diagnostic,motivational,prognostic",0,0,1,
2134388706978446,1,"diagnostic,motivational,prognostic",2,2,4,
3132531896894159,1,"diagnostic,motivational,prognostic",4,3,4,
9055276384566724,1,"diagnostic,motivational,prognostic",3,3,4,
1327727771567436,1,"diagnostic,motivational,prognostic",0,1,4,
579555931292939,1,"diagnostic,motivational,prognostic",1,1,4,
1475772606730267,1,"diagnostic,motivational,prognostic",2,1,4,
3882901041971953,1,"diagnostic,motivational,prognostic",0,1,3,
1358568702205411,1,"diagnostic,motivational,prognostic",3,2,3,
1071360968077004,1,"diagnostic,motivational,prognostic",3,3,4,
1811876849564837,1,"diagnostic,motivational,prognostic",0,1,4,
1846546673382304,1,"diagnostic,motivational,prognostic",0,0,4,
1633530743940987,1,"diagnostic,motivational,prognostic",0,0,1,
958124715892608,1,"diagnostic,motivational,prognostic",3,3,4,
1180543637059351,1,"diagnostic,motivational,prognostic",0,0,4,
933169514882637,1,"diagnostic,motivational,prognostic",2,3,4,
1154291039604762,1,"diagnostic,motivational,prognostic",4,2,4,
9114470175295400,1,"diagnostic,motivational,prognostic",0,0,2,
3393637324105532,1,"diagnostic,motivational,prognostic",0,1,2,
1173981434312320,1,"diagnostic,motivational,prognostic",1,1,4,
8980212418694167,1,"diagnostic,motivational,prognostic",3,0,1,
515428014372248,1,"diagnostic,motivational,prognostic",3,3,4,
1049599059461670,1,"diagnostic,motivational,prognostic",1,2,3,
3840336412779103,1,"diagnostic,motivational,prognostic",0,1,4,
2056688891411056,1,"diagnostic,motivational,prognostic",3,1,4,
360638860220672,1,"diagnostic,motivational,prognostic",4,3,3,
1006673771315119,1,"diagnostic,motivational,prognostic",1,0,4,
1333389804337138,1,"diagnostic,motivational,prognostic",0,1,4,
914314723366904,1,"diagnostic,motivational,prognostic",4,0,1,
873749384924899,1,"diagnostic,motivational,prognostic",0,1,4,
598459456489878,1,"diagnostic,motivational,prognostic",2,4,4,
933822265549352,1,"diagnostic,motivational,prognostic",3,2,4,
1515241282489669,1,"diagnostic,motivational,prognostic",2,1,4,
587016040924199,1,"diagnostic,motivational,prognostic",1,1,3,
1537633216947607,1,"diagnostic,motivational,prognostic",3,1,4,
827011356444623,1,"diagnostic,motivational,prognostic",3,1,4,
1346543896705986,1,"diagnostic,motivational,prognostic",0,1,4,
1302104844314553,1,"diagnostic,motivational,prognostic",1,1,4,
1255791389010513,1,"diagnostic,motivational,prognostic",0,1,3,
961167385370620,1,"diagnostic,motivational,prognostic",4,4,4,
1202695668151339,1,"diagnostic,motivational,prognostic",3,1,4,
559489620166115,1,"diagnostic,motivational,prognostic",1,1,4,
1561307458046039,1,"diagnostic,motivational,prognostic",2,1,3,
1672512949971288,1,"diagnostic,motivational,prognostic",1,1,3,
2827621167397521,1,"diagnostic,motivational,prognostic",2,3,4,
585790967696364,1,"diagnostic,motivational,prognostic",3,3,4,
1277293756813316,1,"diagnostic,motivational,prognostic",2,1,4,
609325648201418,1,"diagnostic,motivational,prognostic",3,3,3,
1134658984835680,1,"diagnostic,motivational,prognostic",0,0,1,
1041442765461611,1,"diagnostic,motivational,prognostic",0,1,4,
895486739356537,1,"diagnostic,motivational,prognostic",2,3,4,
1720456419409838,1,"diagnostic,motivational,prognostic",1,0,3,
1613125325978380,1,"diagnostic,motivational,prognostic",3,3,4,
526650520153024,1,"diagnostic,motivational,prognostic",0,0,1,
1725532181792914,1,"diagnostic,motivational,prognostic",0,0,2,
1614416165843361,1,"diagnostic,motivational,prognostic",2,0,2,
1142801667468407,1,"diagnostic,motivational,prognostic",1,2,3,
958685859797658,1,"diagnostic,motivational,prognostic",1,1,4,
583894344436220,1,"diagnostic,motivational,prognostic",1,3,4,
1314877529935664,1,"diagnostic,motivational,prognostic",0,0,4,
2425312574537750,1,"diagnostic,motivational,prognostic",0,1,3,
1087444226406189,1,"diagnostic,motivational,prognostic",2,4,3,
1338104730439348,1,"diagnostic,motivational,prognostic",0,0,3,
779394308199571,1,"diagnostic,motivational,prognostic",0,1,4,
1672589620273440,1,"diagnostic,motivational,prognostic",4,2,4,
633591589133702,1,"diagnostic,motivational,prognostic",0,0,1,
1662079031048157,1,"diagnostic,motivational,prognostic",1,2,4,
414515324411471,1,"diagnostic,motivational,prognostic",3,1,1,
1290984838850680,1,"diagnostic,motivational,prognostic",2,1,3,
1778257966326597,1,"diagnostic,motivational,prognostic",0,0,1,
822084626722536,1,"diagnostic,motivational,prognostic",3,3,4,
1127204155369035,1,"diagnostic,motivational,prognostic",4,3,4,
593346286786907,1,"diagnostic,motivational,prognostic",1,0,4,
429298543507772,1,"diagnostic,motivational,prognostic",1,2,4,
439799842290683,1,"diagnostic,motivational,prognostic",2,3,4,
2280201212364794,1,"diagnostic,motivational,prognostic",3,3,4,
1811190153024111,1,"diagnostic,motivational,prognostic",3,1,4,
1624249384970057,1,"diagnostic,motivational,prognostic",3,2,4,
1344250603597746,1,"diagnostic,motivational,prognostic",4,2,4,
1764237197749497,1,"diagnostic,motivational,prognostic",0,2,4,
638767411940431,1,"diagnostic,motivational,prognostic",2,1,4,
1701003677148504,1,"diagnostic,motivational,prognostic",2,1,4,
1021415510004833,1,"diagnostic,motivational,prognostic",3,2,4,
1003427188273125,1,"diagnostic,motivational,prognostic",2,2,4,
8999727590122819,1,"diagnostic,motivational,prognostic",2,0,1,
2765323030527576,1,"diagnostic,motivational,prognostic",0,0,3,
1278158756731694,1,"diagnostic,motivational,prognostic",0,0,1,
9405654456152333,1,"diagnostic,motivational,prognostic",0,1,4,
1625184371438425,1,"diagnostic,motivational,prognostic",3,1,4,
1508444343184352,1,"diagnostic,motivational,prognostic",1,1,4,
2030191094059735,1,"diagnostic,motivational,prognostic",0,0,1,
1683730972178979,1,"diagnostic,motivational,prognostic",4,2,4,
604564485611975,1,"diagnostic,motivational,prognostic",1,1,4,
1137550961252839,1,"diagnostic,motivational,prognostic",3,2,4,
1298223494659498,1,"diagnostic,motivational,prognostic",3,2,2,
1554937718524511,1,"diagnostic,motivational,prognostic",4,2,4,
1651498185466984,1,"diagnostic,motivational,prognostic",3,4,3,
977103624526802,1,"diagnostic,motivational,prognostic",2,2,3,
967151299724765,1,"diagnostic,motivational,prognostic",1,1,2,
627826272994347,1,"diagnostic,motivational,prognostic",0,0,3,
2864674767077028,1,"diagnostic,motivational,prognostic",3,3,2,
373623262125302,1,"diagnostic,motivational,prognostic",3,1,4,
795521402768059,1,"diagnostic,motivational,prognostic",2,1,1,
308797011822434,1,"diagnostic,motivational,prognostic",1,4,4,
2085979901997400,1,"diagnostic,motivational,prognostic",0,0,2,
1118539566638090,1,"diagnostic,motivational,prognostic",0,0,0,
1308477520172183,1,"diagnostic,motivational,prognostic",1,0,0,
1400610815220594,1,"diagnostic,motivational,prognostic",0,0,3,
3015703085251906,1,"diagnostic,motivational,prognostic",3,3,4,
315416178126117,1,"diagnostic,motivational,prognostic",2,2,4,
594411406365307,1,"diagnostic,motivational,prognostic",0,0,3,
978050490413988,1,"diagnostic,motivational,prognostic",2,3,3,
854700756410365,1,"diagnostic,motivational,prognostic",4,2,3,
980757587266208,1,"diagnostic,motivational,prognostic",1,2,4,
1794467628072580,1,"diagnostic,motivational,prognostic",0,2,3,
918614553293789,1,"diagnostic,motivational,prognostic",3,3,4,
1285854235993389,1,"diagnostic,motivational,prognostic",3,1,2,
2644508029687648,1,"diagnostic,motivational,prognostic",1,1,3,
2001394133661743,1,"diagnostic,motivational,prognostic",3,3,4,
378473108223970,1,"diagnostic,motivational,prognostic",4,3,4,
365190452739535,1,"diagnostic,motivational,prognostic",4,1,2,
2122646278181832,1,"diagnostic,motivational,prognostic",3,1,3,
1550497362929348,1,"diagnostic,motivational,prognostic",1,2,4,
243035242144898,1,"diagnostic,motivational,prognostic",2,0,2,
2640637069659799,1,"diagnostic,motivational,prognostic",3,3,4,
2371568689695186,1,"diagnostic,motivational,prognostic",3,1,3,
4341409302795035,1,"diagnostic,motivational,prognostic",4,1,2,
1573112560008763,1,"diagnostic,motivational,prognostic",0,0,0,
1581681482803577,1,"diagnostic,motivational,prognostic",0,0,3,
1734664617109929,1,"diagnostic,motivational,prognostic",0,1,3,
987326573290137,1,"diagnostic,motivational,prognostic",3,2,1,
945466170785106,1,"diagnostic,motivational,prognostic",0,2,4,
2614148855709708,1,"diagnostic,motivational,prognostic",4,2,4,
4037421899912527,1,"diagnostic,motivational,prognostic",0,0,3,
2240447803425595,1,"diagnostic,motivational,prognostic",0,1,4,
1285847159361405,1,"diagnostic,motivational,prognostic",2,2,4,
9060383254008888,1,"diagnostic,motivational,prognostic",2,1,4,
1325938385388823,1,"diagnostic,motivational,prognostic",2,1,4,
690127840172654,1,"diagnostic,motivational,prognostic",0,0,2,
1611924403657672,1,"diagnostic,motivational,prognostic",1,0,2,
1157314285973209,1,"diagnostic,motivational,prognostic",3,1,3,
1596461861073063,1,"diagnostic,motivational,prognostic",0,0,4,
866315409015403,1,"diagnostic,motivational,prognostic",3,3,2,
623467490275834,1,"diagnostic,motivational,prognostic",2,1,4,
1514306183216402,1,"diagnostic,motivational,prognostic",0,0,4,
1015009384469536,1,"diagnostic,motivational,prognostic",2,1,4,
443764781869374,1,"diagnostic,motivational,prognostic",2,3,4,
1408457043445048,1,"diagnostic,motivational,prognostic",3,1,4,
1744153463406976,1,"diagnostic,motivational,prognostic",1,1,4,
1842297899508614,1,"diagnostic,motivational,prognostic",0,0,2,
920306709889225,1,"diagnostic,motivational,prognostic",3,3,3,
1375689677775852,1,"diagnostic,motivational,prognostic",2,2,3,
596081206468549,1,"diagnostic,motivational,prognostic",0,1,4,
1992725481503756,1,"diagnostic,motivational,prognostic",2,1,4,
471761559147616,1,"diagnostic,motivational,prognostic",0,0,4,
1776876496486344,1,"diagnostic,motivational,prognostic",3,1,3,
24679996915001602,1,"diagnostic,motivational,prognostic",4,4,4,
473791479106948,1,"diagnostic,motivational,prognostic",0,0,1,
1693150701551734,1,"diagnostic,motivational,prognostic",3,2,4,
1510909723690629,1,"diagnostic,motivational,prognostic",4,2,4,
1590931678482939,1,"diagnostic,motivational,prognostic",3,1,4,
598297086160296,1,"diagnostic,motivational,prognostic",3,2,4,
1148545780314022,1,"diagnostic,motivational,prognostic",0,0,3,
989701979725469,1,"diagnostic,motivational,prognostic",0,0,0,
1830143677788157,1,"diagnostic,motivational,prognostic",1,2,4,
602282142558517,1,"diagnostic,motivational,prognostic",0,1,4,
619046604231016,1,"diagnostic,motivational,prognostic",0,1,3,
1034848342244274,1,"diagnostic,motivational,prognostic",0,0,0,
492621239825612,1,"diagnostic,motivational,prognostic",0,0,4,
4275978315964899,1,"diagnostic,motivational,prognostic",1,0,0,
324715133739643,1,"diagnostic,motivational,prognostic",3,1,4,
2612998049047136,1,"diagnostic,motivational,prognostic",2,4,4,
838438471416006,1,"diagnostic,motivational,prognostic",2,2,3,
1202587894175745,1,"diagnostic,motivational,prognostic",3,2,3,
861941400209791,1,"diagnostic,motivational,prognostic",1,1,1,
1666697700922484,1,"diagnostic,motivational,prognostic",2,1,4,
963081928677045,1,"diagnostic,motivational,prognostic",3,1,3,
1047060954457939,1,"diagnostic,motivational,prognostic",0,1,3,
1467120287206208,1,"diagnostic,motivational,prognostic",1,1,3,
1156474766037332,1,"diagnostic,motivational,prognostic",1,0,2,
1654458612114372,1,"diagnostic,motivational,prognostic",0,1,4,
27444131088539193,1,"diagnostic,motivational,prognostic",1,1,4,
1664714238996685,1,"diagnostic,motivational,prognostic",2,2,4,
1174378884020022,1,"diagnostic,motivational,prognostic",1,0,4,
616554067446868,1,"diagnostic,motivational,prognostic",1,2,4,
1384999402909325,1,"diagnostic,motivational,prognostic",3,2,3,
781216904865154,1,"diagnostic,motivational,prognostic",2,3,4,
1053984950914220,1,"diagnostic,motivational,prognostic",0,0,2,
1541507243225095,1,"diagnostic,motivational,prognostic",3,2,3,
912912760936284,1,"diagnostic,motivational,prognostic",3,1,3,
1835032003933491,1,"diagnostic,motivational,prognostic",1,1,3,
1273792983903431,1,"diagnostic,motivational,prognostic",1,2,4,
1341291163962380,1,"diagnostic,motivational,prognostic",1,2,4,
975092294541669,1,"diagnostic,motivational,prognostic",3,1,3,
1323487428984613,1,"diagnostic,motivational,prognostic",0,0,3,
589273970237907,1,"diagnostic,motivational,prognostic",2,2,4,
1036780938494383,1,"diagnostic,motivational,prognostic",0,0,3,
1130119396342417,1,"diagnostic,motivational,prognostic",1,0,1,
2936141996746504,1,"diagnostic,motivational,prognostic",0,0,4,
2292817127915719,1,"diagnostic,motivational,prognostic",1,2,3,
1473361836551436,1,"diagnostic,motivational,prognostic",3,2,4,
1087860509693015,1,"diagnostic,motivational,prognostic",1,1,4,
587994484154984,1,"diagnostic,motivational,prognostic",0,0,1,
604363578898563,1,"diagnostic,motivational,prognostic",0,0,3,
1278685856754043,1,"diagnostic,motivational,prognostic",0,0,2,
1100883008344767,1,"diagnostic,motivational,prognostic",1,2,4,
1118186226442029,1,"diagnostic,motivational,prognostic",2,1,4,
480789531734925,1,"diagnostic,motivational,prognostic",2,0,1,
1354142630136075,1,"diagnostic,motivational,prognostic",3,0,1,
1349031336465847,1,"diagnostic,motivational,prognostic",2,2,4,
1550667759775210,1,"diagnostic,motivational,prognostic",0,1,3,
2922718441220229,1,"diagnostic,motivational,prognostic",3,1,4,
970358864550319,1,"diagnostic,motivational,prognostic",0,1,3,
631683535999753,1,"diagnostic,motivational,prognostic",0,0,0,
475587768926209,1,"diagnostic,motivational,prognostic",4,2,3,
918967117016330,1,"diagnostic,motivational,prognostic",1,4,3,
604524499292447,1,"diagnostic,motivational,prognostic",1,0,4,
2367618000253213,1,"diagnostic,motivational,prognostic",3,2,4,
596508662995269,1,"diagnostic,motivational,prognostic",0,0,4,
1088863178921274,1,"diagnostic,motivational,prognostic",2,2,4,
1785726811969846,1,"diagnostic,motivational,prognostic",3,1,3,
3905636399752923,1,"diagnostic,motivational,prognostic",4,3,4,
486118821197022,1,"diagnostic,motivational,prognostic",2,1,4,
795067709946741,1,"diagnostic,motivational,prognostic",3,3,2,
1223263452765031,1,"diagnostic,motivational,prognostic",0,1,2,
1699466780637799,1,"diagnostic,motivational,prognostic",2,3,4,
1671342880404065,1,"diagnostic,motivational,prognostic",3,3,4,
642785391491531,1,"diagnostic,motivational,prognostic",3,2,3,
638887898617914,1,"diagnostic,motivational,prognostic",4,1,3,
399726656536198,1,"diagnostic,motivational,prognostic",3,2,1,
599450316020468,1,"diagnostic,motivational,prognostic",0,1,4,
1315020476201761,1,"diagnostic,motivational,prognostic",0,0,0,
314357591627895,1,"diagnostic,motivational,prognostic",4,3,4,
590334327230197,1,"diagnostic,motivational,prognostic",0,1,3,
587830234403496,1,"diagnostic,motivational,prognostic",0,1,3,
1745392366539637,1,"diagnostic,motivational,prognostic",3,1,4,
27337918919234161,1,"diagnostic,motivational,prognostic",0,1,4,
2488872728207443,1,"diagnostic,motivational,prognostic",0,0,2,
958594556230217,1,"diagnostic,motivational,prognostic",4,2,4,
639203795235518,1,"diagnostic,motivational,prognostic",3,2,4,
542988022102772,1,"diagnostic,motivational,prognostic",2,0,1,
1282129196423246,1,"diagnostic,motivational,prognostic",1,1,4,
1331256016490142,1,"diagnostic,motivational,prognostic",0,0,3,
2088570391594488,1,"diagnostic,motivational,prognostic",1,2,3,
1014943717961464,1,"diagnostic,motivational,prognostic",0,0,1,
1085303306423209,1,"diagnostic,motivational,prognostic",0,1,4,
582372721274716,1,"diagnostic,motivational,prognostic",1,2,4,
1077582551352850,1,"diagnostic,motivational,prognostic",2,0,0,
2355801208122838,1,"diagnostic,motivational,prognostic",4,1,3,
1069414314895222,1,"diagnostic,motivational,prognostic",3,2,4,
3067837476697905,1,"diagnostic,motivational,prognostic",4,3,4,
599657749076443,1,"diagnostic,motivational,prognostic",3,2,4,
1388811016641777,1,"diagnostic,motivational,prognostic",2,3,4,
488802673949516,1,"diagnostic,motivational,prognostic",0,0,2,
1452929612658613,1,"diagnostic,motivational,prognostic",0,0,4,
660332316522459,1,"diagnostic,motivational,prognostic",4,3,4,
2413951005609031,1,"diagnostic,motivational,prognostic",2,2,4,
1704673213358536,1,"diagnostic,motivational,prognostic",2,1,4,
954839269648726,1,"diagnostic,motivational,prognostic",2,3,4,
962864519123005,1,"diagnostic,motivational,prognostic",0,0,0,
584467274549026,1,"diagnostic,motivational,prognostic",2,1,2,
242749248699325,1,"diagnostic,motivational,prognostic",0,0,0,
2064271974037979,1,"diagnostic,motivational,prognostic",4,3,4,
1051831714190280,1,"diagnostic,motivational,prognostic",1,2,2,
9415499608489876,1,"diagnostic,motivational,prognostic",3,3,4,
581804394672282,1,"diagnostic,motivational,prognostic",3,2,4,
842832121253359,1,"diagnostic,motivational,prognostic",2,2,4,
1904185617207866,1,"diagnostic,motivational,prognostic",0,1,3,
491699056957488,1,"diagnostic,motivational,prognostic",2,3,3,
1608344846441449,1,"diagnostic,motivational,prognostic",4,2,4,
1145210427384222,1,"diagnostic,motivational,prognostic",0,1,4,
1292388618615900,1,"diagnostic,motivational,prognostic",0,0,1,
556534650872934,1,"diagnostic,motivational,prognostic",3,2,4,
9957261067642073,1,"diagnostic,motivational,prognostic",2,1,4,
1780858042755262,1,"diagnostic,motivational,prognostic",3,2,4,
921124793559096,1,"diagnostic,motivational,prognostic",3,2,4,
1373798020968494,1,"diagnostic,motivational,prognostic",2,1,2,
669096998906901,1,"diagnostic,motivational,prognostic",2,0,3,
869062385202726,1,"diagnostic,motivational,prognostic",3,1,4,
1675035050115031,1,"diagnostic,motivational,prognostic",1,1,4,
913167700637693,1,"diagnostic,motivational,prognostic",1,2,4,
1140836627493575,1,"diagnostic,motivational,prognostic",1,2,3,
605582065666741,1,"diagnostic,motivational,prognostic",0,1,4,
604917105622740,1,"diagnostic,motivational,prognostic",1,2,4,
3946954868894211,1,"diagnostic,motivational,prognostic",2,4,3,
1565984661461129,1,"diagnostic,motivational,prognostic",0,3,2,
485263034332216,1,"diagnostic,motivational,prognostic",0,1,3,
2062667110830736,1,"diagnostic,motivational,prognostic",3,2,4,
3796014083993882,1,"diagnostic,motivational,prognostic",0,0,1,
556579700418579,1,"diagnostic,motivational,prognostic",4,1,3,
1329653458054263,1,"diagnostic,motivational,prognostic",0,0,3,
628242919682757,1,"diagnostic,motivational,prognostic",2,2,4,
1329708298432959,1,"diagnostic,motivational,prognostic",3,2,4,
2082138255577256,1,"diagnostic,motivational,prognostic",4,1,3,
633468645881105,1,"diagnostic,motivational,prognostic",1,1,4,
1391368888969906,1,"diagnostic,motivational,prognostic",1,2,4,
964739745120503,1,"diagnostic,motivational,prognostic",0,0,2,
1447612855795462,1,"diagnostic,motivational,prognostic",4,2,4,
1158843005768713,1,"diagnostic,motivational,prognostic",1,1,4,
1420547588813716,1,"diagnostic,motivational,prognostic",2,1,4,
9440161989327864,1,"diagnostic,motivational,prognostic",2,3,4,
952825333701386,1,"diagnostic,motivational,prognostic",3,2,2,
1295232321586383,1,"diagnostic,motivational,prognostic",1,1,4,
1995349734508904,1,"diagnostic,motivational,prognostic",1,1,3,
1080927393126491,1,"diagnostic,motivational,prognostic",1,0,3,
1152998946170073,1,"diagnostic,motivational,prognostic",2,3,2,
941895102237536,1,"diagnostic,motivational,prognostic",1,1,4,
2016049182608492,1,"diagnostic,motivational,prognostic",4,2,3,
1123632219870745,1,"diagnostic,motivational,prognostic",0,1,4,
848846180511882,1,"diagnostic,motivational,prognostic",1,0,4,
884449200561198,1,"diagnostic,motivational,prognostic",0,0,0,
622532510259029,1,"diagnostic,motivational,prognostic",2,3,3,
2120194405206969,1,"diagnostic,motivational,prognostic",3,4,2,
628426219598812,1,"diagnostic,motivational,prognostic",2,2,4,
373796122336276,1,"diagnostic,motivational,prognostic",2,2,3,
487712657403543,1,"diagnostic,motivational,prognostic",3,1,3,
1307090617007433,1,"diagnostic,motivational,prognostic",1,2,4,
1610944200587941,1,"diagnostic,motivational,prognostic",3,3,2,
483235424096923,1,"diagnostic,motivational,prognostic",2,1,4,
962859182207994,1,"diagnostic,motivational,prognostic",3,2,4,
971876277695852,1,"diagnostic,motivational,prognostic",3,2,4,
941998208892822,1,"diagnostic,motivational,prognostic",2,1,4,
1413223779743915,1,"diagnostic,motivational,prognostic",2,3,4,
2319097668622328,1,"diagnostic,motivational,prognostic",3,0,3,
732486623198065,1,"diagnostic,motivational,prognostic",1,2,4,
1567520901502536,1,"diagnostic,motivational,prognostic",0,0,3,
484991460555995,1,"diagnostic,motivational,prognostic",3,1,2,
1362330588705738,1,"diagnostic,motivational,prognostic",2,2,3,
1194615320401772,1,"diagnostic,motivational,prognostic",1,2,4,
2020725001770250,1,"diagnostic,motivational,prognostic",3,1,4,
1581901713438123,1,"diagnostic,motivational,prognostic",3,2,4,
1142086794365723,1,"diagnostic,motivational,prognostic",3,3,3,
1745716216828277,1,"diagnostic,motivational,prognostic",0,0,2,
1274401577201311,1,"diagnostic,motivational,prognostic",0,0,2,
646670041356749,1,"diagnostic,motivational,prognostic",2,0,3,
467069309189776,1,"diagnostic,motivational,prognostic",0,1,2,
1375938729784183,1,"diagnostic,motivational,prognostic",3,2,4,
1365846982093944,1,"diagnostic,motivational,prognostic",1,2,4,
971073831049861,1,"diagnostic,motivational,prognostic",2,3,4,
1025189083429263,1,"diagnostic,motivational,prognostic",0,0,4,
562687792797844,1,"diagnostic,motivational,prognostic",4,1,2,
472666991840738,1,"diagnostic,motivational,prognostic",0,0,3,
543541258294798,1,"diagnostic,motivational,prognostic",0,0,3,
2771196933265776,1,"diagnostic,motivational,prognostic",2,2,3,
1904823576861450,1,"diagnostic,motivational,prognostic",2,3,4,
1199053815683542,1,"diagnostic,motivational,prognostic",0,0,0,
1443675796612227,1,"diagnostic,motivational,prognostic",0,0,1,
962684919162004,1,"diagnostic,motivational,prognostic",2,2,4,
784780093959053,1,"diagnostic,motivational,prognostic",0,0,2,
2146682909587986,1,"diagnostic,motivational,prognostic",0,0,1,
362946583112219,1,"diagnostic,motivational,prognostic",3,2,3,
2530276157414773,1,"diagnostic,motivational,prognostic",1,2,4,
853079583322426,1,"diagnostic,motivational,prognostic",4,2,3,
1942410626211029,1,"diagnostic,motivational,prognostic",1,2,4,
1734045977153288,1,"diagnostic,motivational,prognostic",3,2,4,
917136051398825,1,"diagnostic,motivational,prognostic",1,2,4,
2092020758330485,1,"diagnostic,motivational,prognostic",0,0,2,
8834809209975063,1,"diagnostic,motivational,prognostic",1,2,4,
870686416110328,1,"diagnostic,motivational,prognostic",3,2,4,
349229891430150,1,"diagnostic,motivational,prognostic",3,1,4,
565573689496390,1,"diagnostic,motivational,prognostic",2,3,4,
1457468888501840,1,"diagnostic,motivational,prognostic",1,1,3,
966005778801879,1,"diagnostic,motivational,prognostic",1,0,1,
561492046937138,1,"diagnostic,motivational,prognostic",2,1,4,
2347783768951460,1,"diagnostic,motivational,prognostic",2,1,4,
1087078743662381,1,"diagnostic,motivational,prognostic",0,0,3,
1550308922998056,1,"diagnostic,motivational,prognostic",3,2,3,
1003282811849059,1,"diagnostic,motivational,prognostic",1,2,4,
1316518670654211,1,"diagnostic,motivational,prognostic",4,4,3,
2229147617943788,1,"diagnostic,motivational,prognostic",3,1,3,
2067158137058354,1,"diagnostic,motivational,prognostic",1,1,2,
1530822600962540,1,"diagnostic,motivational,prognostic",2,1,4,
1102300311575772,1,"diagnostic,motivational,prognostic",1,3,4,
1061117608654910,1,"diagnostic,motivational,prognostic",4,2,4,
1450188760206644,1,"diagnostic,motivational,prognostic",0,1,3,
1376312160020123,1,"diagnostic,motivational,prognostic",3,3,2,
1722585111989390,1,"diagnostic,motivational,prognostic",2,1,4,
1063694509657135,1,"diagnostic,motivational,prognostic",0,0,2,
2012797319471157,1,"diagnostic,motivational,prognostic",2,1,4,
1132049498021939,1,"diagnostic,motivational,prognostic",0,1,3,
1343599451070628,1,"diagnostic,motivational,prognostic",3,0,3,
1152404916585203,1,"diagnostic,motivational,prognostic",1,3,4,
2559671247811957,1,"diagnostic,motivational,prognostic",1,1,4,
2090466428469931,1,"diagnostic,motivational,prognostic",2,1,4,
2115946859278089,1,"diagnostic,motivational,prognostic",3,3,4,
600356382950375,1,"diagnostic,motivational,prognostic",1,2,4,
918961343751998,1,"diagnostic,motivational,prognostic",0,0,2,
1144666673583895,1,"diagnostic,motivational,prognostic",2,0,1,
2723322174519317,1,"diagnostic,motivational,prognostic",0,0,3,
927938095742076,1,"diagnostic,motivational,prognostic",1,1,4,
1098449118679029,1,"diagnostic,motivational,prognostic",4,2,4,
1806581486547612,1,"diagnostic,motivational,prognostic",0,2,4,
1132709174708606,1,"diagnostic,motivational,prognostic",1,1,4,
1611029850263910,1,"diagnostic,motivational,prognostic",3,0,3,
474045169110035,1,"diagnostic,motivational,prognostic",3,1,3,
1486238359251135,1,"diagnostic,motivational,prognostic",0,1,4,
3329357400701910,1,"diagnostic,motivational,prognostic",0,1,4,
1506496943357660,1,"diagnostic,motivational,prognostic",0,0,2,
965513651816359,1,"diagnostic,motivational,prognostic",1,1,4,
788427536373053,1,"diagnostic,motivational,prognostic",4,3,4,
1097429858849963,1,"diagnostic,motivational,prognostic",1,2,4,
1551275112246044,1,"diagnostic,motivational,prognostic",3,1,4,
28059107713714546,1,"diagnostic,motivational,prognostic",3,2,4,
1530980000800011,1,"diagnostic,motivational,prognostic",3,1,4,
3451887901645079,1,"diagnostic,motivational,prognostic",0,0,1,
788205253822282,1,"diagnostic,motivational,prognostic",2,2,4,
1153695905977242,1,"diagnostic,motivational,prognostic",1,1,3,
3001464893344887,1,"diagnostic,motivational,prognostic",3,2,4,
1562735515201696,1,"diagnostic,motivational,prognostic",0,1,2,
976379730938531,1,"diagnostic,motivational,prognostic",0,0,3,
798816909562890,1,"diagnostic,motivational,prognostic",0,1,4,
1008271025276666,1,"diagnostic,motivational,prognostic",0,1,4,
1507458371062799,1,"diagnostic,motivational,prognostic",0,0,3,
734198646109280,1,"diagnostic,motivational,prognostic",3,2,4,
2064125574507477,1,"diagnostic,motivational,prognostic",1,2,3,
4108090222656636,1,"diagnostic,motivational,prognostic",2,2,4,
1294087411616860,1,"diagnostic,motivational,prognostic",3,2,4,
2342376572785320,1,"diagnostic,motivational,prognostic",1,4,4,
1552423282777266,1,"diagnostic,motivational,prognostic",2,2,4,
2010648582912746,1,"diagnostic,motivational,prognostic",0,1,4,
1457249752898978,1,"diagnostic,motivational,prognostic",1,1,4,
663944139403675,1,"diagnostic,motivational,prognostic",1,0,3,
3942825259309591,1,"diagnostic,motivational,prognostic",1,2,3,
1524219395101722,1,"diagnostic,motivational,prognostic",1,1,3,
2050978312089251,1,"diagnostic,motivational,prognostic",4,1,1,
3438969699605976,1,"diagnostic,motivational,prognostic",3,3,4,
1119586585749497,1,"diagnostic,motivational,prognostic",3,2,4,
2011865955947422,1,"diagnostic,motivational,prognostic",1,2,4,
1370356705077304,1,"diagnostic,motivational,prognostic",3,2,4,
413225937903966,1,"diagnostic,motivational,prognostic",3,2,3,
1725890605114878,1,"diagnostic,motivational,prognostic",3,3,4,
928516692523767,1,"diagnostic,motivational,prognostic",1,1,3,
1557788621592144,1,"diagnostic,motivational,prognostic",3,2,4,
3459517980881045,1,"diagnostic,motivational,prognostic",4,1,2,
964011325155229,1,"diagnostic,motivational,prognostic",2,1,3,
1127478965543348,1,"diagnostic,motivational,prognostic",1,1,4,
659938999852103,1,"diagnostic,motivational,prognostic",3,3,4,
1451874179046350,1,"diagnostic,motivational,prognostic",3,2,4,
1337873533888064,1,"diagnostic,motivational,prognostic",0,1,4,
984551146921794,1,"diagnostic,motivational,prognostic",2,1,4,
1554768439694507,1,"diagnostic,motivational,prognostic",4,4,3,
913088213652909,1,"diagnostic,motivational,prognostic",4,2,4,
1204913700473774,1,"diagnostic,motivational,prognostic",3,0,1,
1021535170272890,1,"diagnostic,motivational,prognostic",0,1,4,
635384005727700,1,"diagnostic,motivational,prognostic",0,2,2,
503559242339003,1,"diagnostic,motivational,prognostic",2,1,4,
1001998559413129,1,"diagnostic,motivational,prognostic",0,1,3,
581984257525893,1,"diagnostic,motivational,prognostic",1,2,4,
1676822056590515,1,"diagnostic,motivational,prognostic",4,0,1,
1798825444080518,1,"diagnostic,motivational,prognostic",3,2,4,
1023300567357151,1,"diagnostic,motivational,prognostic",0,0,1,
1345003696964733,1,"diagnostic,motivational,prognostic",2,1,4,
1396151405673775,1,"diagnostic,motivational,prognostic",2,2,4,
2666498876881823,1,"diagnostic,motivational,prognostic",0,0,2,
660446009755075,1,"diagnostic,motivational,prognostic",0,0,3,
1765167931323633,1,"diagnostic,motivational,prognostic",4,2,3,
965404731799799,1,"diagnostic,motivational,prognostic",0,1,3,
1546981080150330,1,"diagnostic,motivational,prognostic",1,2,4,
1779203532865049,1,"diagnostic,motivational,prognostic",1,0,2,
1254845358940493,1,"diagnostic,motivational,prognostic",0,1,3,
1025206482709324,1,"diagnostic,motivational,prognostic",3,2,3,
3590053204625528,1,"diagnostic,motivational,prognostic",0,1,4,
2124179184651776,1,"diagnostic,motivational,prognostic",1,2,4,
2307087463032131,1,"diagnostic,motivational,prognostic",2,2,3,
1114361183525768,1,"diagnostic,motivational,prognostic",2,1,4,
1787764931979719,1,"diagnostic,motivational,prognostic",3,2,4,
502331429498729,1,"diagnostic,motivational,prognostic",2,1,3,
862264216454796,1,"diagnostic,motivational,prognostic",2,2,3,
1120924859827946,1,"diagnostic,motivational,prognostic",1,2,3,
3697563997165529,1,"diagnostic,motivational,prognostic",1,2,4,
563361333525402,1,"diagnostic,motivational,prognostic",0,1,3,
836008519201456,1,"diagnostic,motivational,prognostic",0,0,3,
1795838157939383,1,"diagnostic,motivational,prognostic",3,0,2,
1105377081337626,1,"diagnostic,motivational,prognostic",1,0,3,
1583268090174808,1,"diagnostic,motivational,prognostic",0,0,2,
960480162718522,1,"diagnostic,motivational,prognostic",0,1,4,
1114348719675022,1,"diagnostic,motivational,prognostic",0,1,3,
641879825071949,1,"diagnostic,motivational,prognostic",2,1,4,
770032595345971,1,"diagnostic,motivational,prognostic",1,2,4,
2506644846521720,1,"diagnostic,motivational,prognostic",0,0,4,
1505631080644426,1,"diagnostic,motivational,prognostic",4,4,3,
644989057920877,1,"diagnostic,motivational,prognostic",3,2,4,
1119291902651222,1,"diagnostic,motivational,prognostic",1,2,3,
1359392422161104,1,"diagnostic,motivational,prognostic",1,1,4,
2223917595072359,1,"diagnostic,motivational,prognostic",1,1,4,
1173736320758697,1,"diagnostic,motivational,prognostic",1,4,3,
1020256376513898,1,"diagnostic,motivational,prognostic",2,2,4,
2045465819387827,1,"diagnostic,motivational,prognostic",2,0,1,
1557308712606998,1,"diagnostic,motivational,prognostic",4,4,2,
1075790187003539,1,"diagnostic,motivational,prognostic",4,2,4,
1727704968251662,1,"diagnostic,motivational,prognostic",0,1,3,
3909694869309277,1,"diagnostic,motivational,prognostic",2,4,4,
1037131452184619,1,"diagnostic,motivational,prognostic",3,3,4,
1343881667947562,1,"diagnostic,motivational,prognostic",3,2,4,
1688501955404341,1,"diagnostic,motivational,prognostic",1,0,3,
4532354583682699,1,"diagnostic,motivational,prognostic",3,3,4,
643011201495247,1,"diagnostic,motivational,prognostic",2,1,4,
1004503131723055,2,"prognostic,diagnostic,motivational",2,2,4,
986576306633702,2,"prognostic,diagnostic,motivational",0,0,1,
3770522479929599,2,"prognostic,diagnostic,motivational",0,1,4,
1571666100173668,2,"prognostic,diagnostic,motivational",1,1,4,
872900928251532,2,"prognostic,diagnostic,motivational",3,2,3,
1096722516120605,2,"prognostic,diagnostic,motivational",1,1,4,
8388365957959416,2,"prognostic,diagnostic,motivational",0,0,3,
1734432077346478,2,"prognostic,diagnostic,motivational",2,2,4,
9292622500788338,2,"prognostic,diagnostic,motivational",1,1,4,
994247570097633,2,"prognostic,diagnostic,motivational",0,0,4,
3540266812806293,2,"prognostic,diagnostic,motivational",0,0,0,
1542669927123464,2,"prognostic,diagnostic,motivational",1,2,4,
1017416917705634,2,"prognostic,diagnostic,motivational",1,1,4,
588384047454457,2,"prognostic,diagnostic,motivational",0,0,2,
1580737097387377,2,"prognostic,diagnostic,motivational",2,1,4,
2163450137886845,2,"prognostic,diagnostic,motivational",0,0,4,
631569479650715,2,"prognostic,diagnostic,motivational",0,0,0,
2064243864001823,2,"prognostic,diagnostic,motivational",1,0,4,
1044729717424759,2,"prognostic,diagnostic,motivational",4,1,2,
1605124060129247,2,"prognostic,diagnostic,motivational",0,1,4,
1047446551611297,2,"prognostic,diagnostic,motivational",3,3,2,
2124890891298383,2,"prognostic,diagnostic,motivational",0,1,4,
1205944201669093,2,"prognostic,diagnostic,motivational",3,3,4,
4059316084314035,2,"prognostic,diagnostic,motivational",1,2,4,
627060880017098,2,"prognostic,diagnostic,motivational",2,0,1,
1285820719203630,2,"prognostic,diagnostic,motivational",3,2,3,
1132601994734297,2,"prognostic,diagnostic,motivational",3,1,3,
1953508441820544,2,"prognostic,diagnostic,motivational",0,0,4,
523327920743101,2,"prognostic,diagnostic,motivational",0,0,4,
8750420001660989,2,"prognostic,diagnostic,motivational",3,1,4,
1149026473675176,2,"prognostic,diagnostic,motivational",0,0,4,
875692301191517,2,"prognostic,diagnostic,motivational",0,0,2,
1030871629491993,2,"prognostic,diagnostic,motivational",1,0,3,
1129880068691719,2,"prognostic,diagnostic,motivational",1,3,4,
990544830666031,2,"prognostic,diagnostic,motivational",0,0,3,
582727901332121,2,"prognostic,diagnostic,motivational",2,1,4,
1671847013728676,2,"prognostic,diagnostic,motivational",0,0,2,
1686700248572943,2,"prognostic,diagnostic,motivational",3,3,4,
1546487366060737,2,"prognostic,diagnostic,motivational",0,0,3,
791333399785537,2,"prognostic,diagnostic,motivational",1,1,4,
1699226327600860,2,"prognostic,diagnostic,motivational",1,1,4,
1036451052270601,2,"prognostic,diagnostic,motivational",0,0,2,
920381006909236,2,"prognostic,diagnostic,motivational",3,2,4,
557908700459769,2,"prognostic,diagnostic,motivational",1,1,4,
578026645101465,2,"prognostic,diagnostic,motivational",0,1,4,
1737555863938513,2,"prognostic,diagnostic,motivational",1,2,4,
1357674042363606,2,"prognostic,diagnostic,motivational",0,0,4,
1617063929244758,2,"prognostic,diagnostic,motivational",3,3,3,
1294673574865485,2,"prognostic,diagnostic,motivational",1,0,3,
947888484102797,2,"prognostic,diagnostic,motivational",3,1,3,
564802376558581,2,"prognostic,diagnostic,motivational",2,2,4,
1143430384059784,2,"prognostic,diagnostic,motivational",1,2,4,
586195010884644,2,"prognostic,diagnostic,motivational",0,0,2,
973064850823591,2,"prognostic,diagnostic,motivational",2,0,1,
968057634769764,2,"prognostic,diagnostic,motivational",1,0,3,
1421199075520655,2,"prognostic,diagnostic,motivational",0,1,4,
702303428767640,2,"prognostic,diagnostic,motivational",1,2,4,
613534517927897,2,"prognostic,diagnostic,motivational",2,1,3,
951184693632090,2,"prognostic,diagnostic,motivational",1,1,3,
913475451788936,2,"prognostic,diagnostic,motivational",0,0,3,
916628800456677,2,"prognostic,diagnostic,motivational",0,0,3,
1936586947059889,2,"prognostic,diagnostic,motivational",0,1,4,
1174482520943616,2,"prognostic,diagnostic,motivational",0,0,0,
1275871846977890,2,"prognostic,diagnostic,motivational",1,2,4,
8685466041539840,2,"prognostic,diagnostic,motivational",2,2,4,
971853418275144,2,"prognostic,diagnostic,motivational",0,0,1,
1427650952542789,2,"prognostic,diagnostic,motivational",2,2,4,
571309375845127,2,"prognostic,diagnostic,motivational",3,1,2,
1491957615574748,2,"prognostic,diagnostic,motivational",0,1,2,
2091032871346006,2,"prognostic,diagnostic,motivational",1,3,2,
977262944287748,2,"prognostic,diagnostic,motivational",3,0,1,
1557574411626706,2,"prognostic,diagnostic,motivational",1,1,4,
1244470629952506,2,"prognostic,diagnostic,motivational",2,4,3,
786746683597077,2,"prognostic,diagnostic,motivational",2,3,4,
584543591169281,2,"prognostic,diagnostic,motivational",1,0,3,
836718958419866,2,"prognostic,diagnostic,motivational",1,1,4,
551859234309198,2,"prognostic,diagnostic,motivational",2,2,4,
3421025354697136,2,"prognostic,diagnostic,motivational",0,0,2,
627085859973731,2,"prognostic,diagnostic,motivational",1,0,2,
605274878606992,2,"prognostic,diagnostic,motivational",3,0,3,
1416222146014719,2,"prognostic,diagnostic,motivational",2,3,3,
1555401288311089,2,"prognostic,diagnostic,motivational",0,0,4,
3807106556218299,2,"prognostic,diagnostic,motivational",2,3,3,
560941893598180,2,"prognostic,diagnostic,motivational",2,2,4,
597452026057296,2,"prognostic,diagnostic,motivational",3,2,4,
1702022374449716,2,"prognostic,diagnostic,motivational",3,2,3,
1767750004039041,2,"prognostic,diagnostic,motivational",2,3,2,
1110219197467528,2,"prognostic,diagnostic,motivational",1,0,0,
1748640132374601,2,"prognostic,diagnostic,motivational",0,1,3,
1139497823863554,2,"prognostic,diagnostic,motivational",2,3,4,
1276093303522189,2,"prognostic,diagnostic,motivational",3,2,2,
928300469414178,2,"prognostic,diagnostic,motivational",2,4,4,
1279950183027422,2,"prognostic,diagnostic,motivational",0,1,3,
971524815081454,2,"prognostic,diagnostic,motivational",1,0,4,
1346945740004711,2,"prognostic,diagnostic,motivational",2,1,4,
939444218069995,2,"prognostic,diagnostic,motivational",0,0,0,
615035201479571,2,"prognostic,diagnostic,motivational",1,2,4,
881341791159172,2,"prognostic,diagnostic,motivational",1,3,4,
565107919574753,2,"prognostic,diagnostic,motivational",2,1,4,
560593973644457,2,"prognostic,diagnostic,motivational",2,1,3,
1018416317613877,2,"prognostic,diagnostic,motivational",4,2,4,
1106563191011420,2,"prognostic,diagnostic,motivational",0,0,0,
927058139357131,2,"prognostic,diagnostic,motivational",1,2,4,
1112390856767024,2,"prognostic,diagnostic,motivational",1,1,3,
582883781381555,2,"prognostic,diagnostic,motivational",2,3,2,
4028668074085365,2,"prognostic,diagnostic,motivational",3,2,4,
1252668219343606,2,"prognostic,diagnostic,motivational",2,3,4,
1569643657979640,2,"prognostic,diagnostic,motivational",3,3,2,
595628010034644,2,"prognostic,diagnostic,motivational",0,0,4,
2667351190139885,2,"prognostic,diagnostic,motivational",2,3,4,
912902757216883,2,"prognostic,diagnostic,motivational",1,1,4,
644112671377272,2,"prognostic,diagnostic,motivational",2,1,4,
1582272139347305,2,"prognostic,diagnostic,motivational",3,4,4,
1353261469374916,2,"prognostic,diagnostic,motivational",3,1,4,
927619040412042,2,"prognostic,diagnostic,motivational",0,0,4,
1344277863585581,2,"prognostic,diagnostic,motivational",0,1,3,
591358187098194,2,"prognostic,diagnostic,motivational",0,0,4,
2244860386086839,2,"prognostic,diagnostic,motivational",3,1,2,
1162612125534440,2,"prognostic,diagnostic,motivational",2,2,3,
1744992209393757,2,"prognostic,diagnostic,motivational",2,1,3,
27229796373361422,2,"prognostic,diagnostic,motivational",1,2,4,
1088944663580758,2,"prognostic,diagnostic,motivational",3,1,2,
1087856537092968,2,"prognostic,diagnostic,motivational",0,1,4,
1164087405115870,2,"prognostic,diagnostic,motivational",2,1,4,
1061415150152448,2,"prognostic,diagnostic,motivational",0,0,4,
1110507631310855,2,"prognostic,diagnostic,motivational",0,0,4,
1596139554347776,2,"prognostic,diagnostic,motivational",2,1,4,
959604232902091,2,"prognostic,diagnostic,motivational",3,2,4,
522633413580839,2,"prognostic,diagnostic,motivational",1,0,1,
1335670100800098,2,"prognostic,diagnostic,motivational",4,3,4,
1324873738528449,2,"prognostic,diagnostic,motivational",0,0,1,
1778368512934265,2,"prognostic,diagnostic,motivational",0,0,3,
1726719777876126,2,"prognostic,diagnostic,motivational",2,1,4,
2505204226646655,2,"prognostic,diagnostic,motivational",2,1,3,
1256277215486290,2,"prognostic,diagnostic,motivational",1,1,3,
981885247163115,2,"prognostic,diagnostic,motivational",3,1,4,
1323518098695358,2,"prognostic,diagnostic,motivational",2,1,4,
897014192511331,2,"prognostic,diagnostic,motivational",1,1,4,
1121712089436205,2,"prognostic,diagnostic,motivational",1,1,3,
900593781806901,2,"prognostic,diagnostic,motivational",0,0,3,
1343327011266200,2,"prognostic,diagnostic,motivational",0,0,0,
1090513839393778,2,"prognostic,diagnostic,motivational",0,0,1,
882847390499437,2,"prognostic,diagnostic,motivational",1,2,4,
3887390728182134,2,"prognostic,diagnostic,motivational",0,0,1,
1138759677904405,2,"prognostic,diagnostic,motivational",2,0,2,
1071213912153437,2,"prognostic,diagnostic,motivational",0,0,4,
1340645520257229,2,"prognostic,diagnostic,motivational",0,0,4,
1465668141989085,2,"prognostic,diagnostic,motivational",3,4,2,
1128953431964646,2,"prognostic,diagnostic,motivational",0,1,4,
1024275190195657,2,"prognostic,diagnostic,motivational",3,1,4,
1356881359055488,2,"prognostic,diagnostic,motivational",1,1,4,
1511553430517498,2,"prognostic,diagnostic,motivational",2,0,4,
940957347906174,2,"prognostic,diagnostic,motivational",2,1,4,
2967528553596876,2,"prognostic,diagnostic,motivational",0,0,3,
872031595983597,2,"prognostic,diagnostic,motivational",0,1,3,
1109007447272549,2,"prognostic,diagnostic,motivational",2,2,4,
492540757167632,2,"prognostic,diagnostic,motivational",1,2,4,
565416772796633,2,"prognostic,diagnostic,motivational",1,1,4,
1597111978679445,2,"prognostic,diagnostic,motivational",1,1,3,
1638576126868599,2,"prognostic,diagnostic,motivational",0,1,4,
557778480333701,2,"prognostic,diagnostic,motivational",2,2,4,
1360219564981610,2,"prognostic,diagnostic,motivational",1,1,4,
1248409136221533,2,"prognostic,diagnostic,motivational",0,1,4,
3529636417200068,2,"prognostic,diagnostic,motivational",0,0,2,
9601224049898588,2,"prognostic,diagnostic,motivational",2,1,4,
1526113364720481,2,"prognostic,diagnostic,motivational",2,1,4,
1676037026673195,2,"prognostic,diagnostic,motivational",3,3,4,
2101762656945810,2,"prognostic,diagnostic,motivational",3,2,4,
1141252850895414,2,"prognostic,diagnostic,motivational",2,1,4,
2394097104260963,2,"prognostic,diagnostic,motivational",2,0,1,
1644391329485160,2,"prognostic,diagnostic,motivational",0,0,2,
1316560759461741,2,"prognostic,diagnostic,motivational",2,3,4,
889437226633583,2,"prognostic,diagnostic,motivational",1,1,4,
1001838399500594,2,"prognostic,diagnostic,motivational",2,1,3,
1167817991425214,2,"prognostic,diagnostic,motivational",3,2,4,
583139774690684,2,"prognostic,diagnostic,motivational",3,1,4,
505358838820540,2,"prognostic,diagnostic,motivational",0,0,4,
1219975549306951,2,"prognostic,diagnostic,motivational",2,1,3,
637956195411379,2,"prognostic,diagnostic,motivational",2,3,4,
505915048765304,2,"prognostic,diagnostic,motivational",0,1,3,
1268507504387158,2,"prognostic,diagnostic,motivational",2,3,4,
2025523264749711,2,"prognostic,diagnostic,motivational",0,0,3,
1325615295305651,2,"prognostic,diagnostic,motivational",0,0,0,
1307177300274832,2,"prognostic,diagnostic,motivational",3,2,3,
1105849271555367,2,"prognostic,diagnostic,motivational",1,1,2,
1001643848486680,2,"prognostic,diagnostic,motivational",0,0,1,
1620819912646444,2,"prognostic,diagnostic,motivational",0,0,1,
1093980203013513,2,"prognostic,diagnostic,motivational",0,0,1,
1182140856693729,2,"prognostic,diagnostic,motivational",0,0,3,
3533550263611316,2,"prognostic,diagnostic,motivational",2,1,4,
964937362349500,2,"prognostic,diagnostic,motivational",1,0,3,
1101604428209522,2,"prognostic,diagnostic,motivational",0,0,4,
2623426021440535,2,"prognostic,diagnostic,motivational",1,1,3,
642728508434396,2,"prognostic,diagnostic,motivational",3,0,1,
1807212613443727,2,"prognostic,diagnostic,motivational",0,0,3,
528306336934715,2,"prognostic,diagnostic,motivational",2,3,4,
1154825166021316,2,"prognostic,diagnostic,motivational",3,3,4,
4009220552542785,2,"prognostic,diagnostic,motivational",1,0,3,
1159752695741605,2,"prognostic,diagnostic,motivational",1,3,4,
2096597247439552,2,"prognostic,diagnostic,motivational",0,0,3,
729446615937609,2,"prognostic,diagnostic,motivational",3,4,4,
28234056732947945,2,"prognostic,diagnostic,motivational",3,2,4,
1381871880799391,2,"prognostic,diagnostic,motivational",0,0,3,
3865517963722937,2,"prognostic,diagnostic,motivational",0,0,1,
941101031489902,2,"prognostic,diagnostic,motivational",0,1,3,
1385680270121895,2,"prognostic,diagnostic,motivational",2,1,3,
452377094571215,2,"prognostic,diagnostic,motivational",0,0,3,
1162445539214549,2,"prognostic,diagnostic,motivational",0,0,4,
1751921222823815,2,"prognostic,diagnostic,motivational",3,1,4,
1135432314950335,2,"prognostic,diagnostic,motivational",1,1,4,
1861314848232913,2,"prognostic,diagnostic,motivational",1,2,3,
1298287954646256,2,"prognostic,diagnostic,motivational",0,0,1,
1785107202221602,2,"prognostic,diagnostic,motivational",2,2,4,
1047061054919364,2,"prognostic,diagnostic,motivational",3,3,2,
1240274750402472,2,"prognostic,diagnostic,motivational",1,1,4,
1839775530111085,2,"prognostic,diagnostic,motivational",0,2,4,
1314081963337788,2,"prognostic,diagnostic,motivational",3,1,4,
1153676506462062,2,"prognostic,diagnostic,motivational",3,2,4,
9094544347328343,2,"prognostic,diagnostic,motivational",0,1,3,
2078894792626765,2,"prognostic,diagnostic,motivational",3,4,3,
1167803648065392,2,"prognostic,diagnostic,motivational",0,0,2,
642855184831307,2,"prognostic,diagnostic,motivational",3,2,3,
1180226723461521,2,"prognostic,diagnostic,motivational",3,4,3,
2010790526420926,2,"prognostic,diagnostic,motivational",3,2,2,
613954871215289,2,"prognostic,diagnostic,motivational",2,3,4,
1023177319840343,2,"prognostic,diagnostic,motivational",3,0,1,
961695723586392,2,"prognostic,diagnostic,motivational",1,2,4,
2948217645332897,2,"prognostic,diagnostic,motivational",2,4,4,
1300809004490571,2,"prognostic,diagnostic,motivational",3,3,2,
1139405321746766,2,"prognostic,diagnostic,motivational",0,0,3,
587537370312703,2,"prognostic,diagnostic,motivational",4,4,4,
918158767027646,2,"prognostic,diagnostic,motivational",3,1,4,
1172593521119516,2,"prognostic,diagnostic,motivational",1,2,4,
1013492410600438,2,"prognostic,diagnostic,motivational",0,1,4,
926437556285879,2,"prognostic,diagnostic,motivational",1,1,4,
789095773523166,2,"prognostic,diagnostic,motivational",1,0,4,
1369654392003292,2,"prognostic,diagnostic,motivational",3,1,4,
538147732576294,2,"prognostic,diagnostic,motivational",0,0,3,
1530318172180937,2,"prognostic,diagnostic,motivational",3,1,4,
1019994400674907,2,"prognostic,diagnostic,motivational",2,1,4,
1737670004108398,2,"prognostic,diagnostic,motivational",2,4,3,
496535876797581,2,"prognostic,diagnostic,motivational",2,1,3,
628789132881989,2,"prognostic,diagnostic,motivational",0,0,2,
1144430307123709,2,"prognostic,diagnostic,motivational",2,0,1,
1123379499503686,2,"prognostic,diagnostic,motivational",0,2,3,
1090866280264783,2,"prognostic,diagnostic,motivational",0,0,4,
912698694775418,2,"prognostic,diagnostic,motivational",1,0,3,
1102078804756730,2,"prognostic,diagnostic,motivational",2,2,4,
999733152043771,2,"prognostic,diagnostic,motivational",1,0,4,
627348723115228,2,"prognostic,diagnostic,motivational",1,2,4,
2305187093551012,2,"prognostic,diagnostic,motivational",1,1,3,
1602616590647060,2,"prognostic,diagnostic,motivational",3,0,1,
1313940563145758,2,"prognostic,diagnostic,motivational",3,3,4,
1494132641233963,2,"prognostic,diagnostic,motivational",4,3,4,
27836035999327933,2,"prognostic,diagnostic,motivational",4,2,1,
1631990224379637,2,"prognostic,diagnostic,motivational",0,0,2,
964847671778996,2,"prognostic,diagnostic,motivational",3,3,3,
1130896785190840,2,"prognostic,diagnostic,motivational",1,1,3,
1153575379658603,2,"prognostic,diagnostic,motivational",0,0,0,
577694035076389,2,"prognostic,diagnostic,motivational",1,1,4,
1522978445526284,2,"prognostic,diagnostic,motivational",2,3,4,
1150201079927301,2,"prognostic,diagnostic,motivational",0,0,2,
31916417661305278,2,"prognostic,diagnostic,motivational",1,2,3,
1355758026482657,2,"prognostic,diagnostic,motivational",0,0,3,
1753527622329876,2,"prognostic,diagnostic,motivational",4,1,4,
628912389807029,2,"prognostic,diagnostic,motivational",2,2,2,
1765908070772859,2,"prognostic,diagnostic,motivational",3,3,3,
2377068735970342,2,"prognostic,diagnostic,motivational",3,2,1,
1349791203909489,2,"prognostic,diagnostic,motivational",2,2,4,
246590181839932,2,"prognostic,diagnostic,motivational",3,3,2,
1860002394535768,2,"prognostic,diagnostic,motivational",4,2,3,
1268687247577115,2,"prognostic,diagnostic,motivational",0,0,1,
1527203968089244,2,"prognostic,diagnostic,motivational",3,1,2,
29141681145420997,2,"prognostic,diagnostic,motivational",1,1,4,
1103470104513057,2,"prognostic,diagnostic,motivational",4,3,4,
1171885334845908,2,"prognostic,diagnostic,motivational",0,0,3,
1323650455427629,2,"prognostic,diagnostic,motivational",2,4,4,
1159213252055146,2,"prognostic,diagnostic,motivational",2,1,4,
942806181333797,2,"prognostic,diagnostic,motivational",0,0,3,
1132472591645347,2,"prognostic,diagnostic,motivational",3,4,4,
1608009133159434,2,"prognostic,diagnostic,motivational",2,3,4,
610001105316843,2,"prognostic,diagnostic,motivational",0,1,4,
2287009621769492,2,"prognostic,diagnostic,motivational",3,3,3,
1164544125235730,2,"prognostic,diagnostic,motivational",2,1,3,
1325254518632241,2,"prognostic,diagnostic,motivational",2,1,4,
3307650739425087,2,"prognostic,diagnostic,motivational",1,1,4,
4149346405286858,2,"prognostic,diagnostic,motivational",1,3,4,
488295704009004,2,"prognostic,diagnostic,motivational",1,1,3,
996053905897322,2,"prognostic,diagnostic,motivational",1,2,3,
2871941139860992,2,"prognostic,diagnostic,motivational",1,2,4,
1112127563124094,2,"prognostic,diagnostic,motivational",3,3,3,
1464775691476590,2,"prognostic,diagnostic,motivational",3,3,4,
1378973854302100,2,"prognostic,diagnostic,motivational",2,0,3,
2060264901062971,2,"prognostic,diagnostic,motivational",3,2,3,
1572544274268360,2,"prognostic,diagnostic,motivational",1,1,4,
810171201464405,2,"prognostic,diagnostic,motivational",3,2,4,
1513546742641351,2,"prognostic,diagnostic,motivational",3,3,4,
1322499352226405,2,"prognostic,diagnostic,motivational",1,1,4,
973228711436163,2,"prognostic,diagnostic,motivational",3,3,2,
928163632119708,2,"prognostic,diagnostic,motivational",3,2,3,
1415618119847636,2,"prognostic,diagnostic,motivational",1,1,4,
1434647893756140,2,"prognostic,diagnostic,motivational",1,1,4,
1125669819042012,2,"prognostic,diagnostic,motivational",2,3,4,
869378952074780,2,"prognostic,diagnostic,motivational",2,4,3,
1481052259892568,2,"prognostic,diagnostic,motivational",0,1,4,
634373459059649,2,"prognostic,diagnostic,motivational",3,2,3,
588564834147391,2,"prognostic,diagnostic,motivational",1,2,4,
1363961424973333,2,"prognostic,diagnostic,motivational",2,1,4,
1249699146124138,2,"prognostic,diagnostic,motivational",1,0,3,
1138561157910979,2,"prognostic,diagnostic,motivational",1,0,1,
595776006650840,2,"prognostic,diagnostic,motivational",0,0,0,
1619147075359567,2,"prognostic,diagnostic,motivational",2,2,4,
504048502299324,2,"prognostic,diagnostic,motivational",2,0,1,
1376603564616886,2,"prognostic,diagnostic,motivational",0,0,0,
1375290781336448,2,"prognostic,diagnostic,motivational",0,1,4,
8917507201693780,2,"prognostic,diagnostic,motivational",3,4,2,
3829000734018338,2,"prognostic,diagnostic,motivational",2,2,4,
28369188422695937,2,"prognostic,diagnostic,motivational",0,0,1,
1151206256562760,2,"prognostic,diagnostic,motivational",0,0,1,
971275821732948,2,"prognostic,diagnostic,motivational",1,3,4,
477323358559881,2,"prognostic,diagnostic,motivational",0,1,4,
1178325543960476,2,"prognostic,diagnostic,motivational",3,1,4,
1264671691444781,2,"prognostic,diagnostic,motivational",2,1,0,
3226818764186422,2,"prognostic,diagnostic,motivational",0,1,4,
1890737954798536,2,"prognostic,diagnostic,motivational",0,0,4,
1017901496839436,2,"prognostic,diagnostic,motivational",3,4,3,
1695275168081109,2,"prognostic,diagnostic,motivational",2,2,3,
923270146061347,2,"prognostic,diagnostic,motivational",1,3,2,
936637641925537,2,"prognostic,diagnostic,motivational",3,0,2,
1009525087604267,2,"prognostic,diagnostic,motivational",3,3,4,
599340886138963,2,"prognostic,diagnostic,motivational",1,0,1,
1132713511827830,2,"prognostic,diagnostic,motivational",3,2,4,
625771769960010,2,"prognostic,diagnostic,motivational",1,3,4,
1752338969339867,2,"prognostic,diagnostic,motivational",3,1,4,
1068702505657605,2,"prognostic,diagnostic,motivational",1,1,4,
1153568076284988,2,"prognostic,diagnostic,motivational",3,4,2,
650560300877069,2,"prognostic,diagnostic,motivational",3,1,4,
1312915886854911,2,"prognostic,diagnostic,motivational",3,2,4,
1141802087303652,2,"prognostic,diagnostic,motivational",3,3,4,
1584916386239678,2,"prognostic,diagnostic,motivational",2,0,1,
1467728542037250,2,"prognostic,diagnostic,motivational",1,1,4,
1295223151601261,2,"prognostic,diagnostic,motivational",1,1,4,
1119338906184572,2,"prognostic,diagnostic,motivational",2,2,2,
1046849940818421,2,"prognostic,diagnostic,motivational",2,2,4,
871191371882687,2,"prognostic,diagnostic,motivational",0,0,4,
1338342257520870,2,"prognostic,diagnostic,motivational",1,3,4,
1668594454360042,2,"prognostic,diagnostic,motivational",1,0,2,
933380451728405,2,"prognostic,diagnostic,motivational",3,4,3,
1807152293373908,2,"prognostic,diagnostic,motivational",0,0,2,
1751866736140220,2,"prognostic,diagnostic,motivational",0,0,1,
1105115374523422,2,"prognostic,diagnostic,motivational",0,1,4,
1745224453085480,2,"prognostic,diagnostic,motivational",0,0,3,
1075582450977167,2,"prognostic,diagnostic,motivational",3,3,4,
27795093930134591,2,"prognostic,diagnostic,motivational",2,1,3,
1119702199625097,2,"prognostic,diagnostic,motivational",2,3,4,
1103997415620093,2,"prognostic,diagnostic,motivational",0,0,2,
3544551529036184,2,"prognostic,diagnostic,motivational",3,1,4,
496511290143531,2,"prognostic,diagnostic,motivational",4,3,4,
1167473458130701,2,"prognostic,diagnostic,motivational",2,3,1,
1552432082134915,2,"prognostic,diagnostic,motivational",3,3,4,
876363891122073,2,"prognostic,diagnostic,motivational",4,4,4,
881900324120115,2,"prognostic,diagnostic,motivational",0,0,2,
1092590829335100,2,"prognostic,diagnostic,motivational",3,2,4,
1454095730088187,2,"prognostic,diagnostic,motivational",2,1,3,
2120473025179735,2,"prognostic,diagnostic,motivational",1,2,4,
628358093497779,2,"prognostic,diagnostic,motivational",2,2,4,
587863230320742,2,"prognostic,diagnostic,motivational",2,3,4,
1163408241797386,2,"prognostic,diagnostic,motivational",0,0,4,
1753388552327919,2,"prognostic,diagnostic,motivational",2,3,2,
625008463314844,2,"prognostic,diagnostic,motivational",2,3,3,
1064587625433616,2,"prognostic,diagnostic,motivational",2,2,2,
24899504139702726,2,"prognostic,diagnostic,motivational",3,2,4,
7625946067438176,2,"prognostic,diagnostic,motivational",1,1,3,
544916901695234,2,"prognostic,diagnostic,motivational",2,2,4,
1060197759683088,2,"prognostic,diagnostic,motivational",0,1,4,
849157107151746,2,"prognostic,diagnostic,motivational",0,0,4,
826341583837601,2,"prognostic,diagnostic,motivational",1,1,4,
1687554141840343,2,"prognostic,diagnostic,motivational",2,4,4,
1101356455100730,2,"prognostic,diagnostic,motivational",3,2,4,
1136857761240979,2,"prognostic,diagnostic,motivational",0,1,3,
962485069150922,2,"prognostic,diagnostic,motivational",1,2,4,
1342706304485324,2,"prognostic,diagnostic,motivational",2,1,4,
1627762551459970,2,"prognostic,diagnostic,motivational",3,4,4,
638455512423468,2,"prognostic,diagnostic,motivational",0,0,3,
2437239313464978,2,"prognostic,diagnostic,motivational",2,2,3,
475743548920299,2,"prognostic,diagnostic,motivational",0,1,4,
980824964756129,2,"prognostic,diagnostic,motivational",0,0,4,
1309349340159926,2,"prognostic,diagnostic,motivational",4,3,4,
1742117206362491,2,"prognostic,diagnostic,motivational",0,0,4,
1607626360173005,2,"prognostic,diagnostic,motivational",1,2,3,
1517607965598211,2,"prognostic,diagnostic,motivational",0,0,1,
3879800372293659,2,"prognostic,diagnostic,motivational",0,0,3,
1338244810647906,2,"prognostic,diagnostic,motivational",0,0,2,
27738599622421661,2,"prognostic,diagnostic,motivational",2,4,4,
543485655157961,2,"prognostic,diagnostic,motivational",3,4,4,
1722298418413010,2,"prognostic,diagnostic,motivational",1,1,4,
324405636756110,2,"prognostic,diagnostic,motivational",2,3,4,
1347207780158364,2,"prognostic,diagnostic,motivational",3,2,4,
568436806349176,2,"prognostic,diagnostic,motivational",0,0,4,
1146913779706662,2,"prognostic,diagnostic,motivational",3,3,4,
650709654185903,2,"prognostic,diagnostic,motivational",0,1,3,
522659246897684,2,"prognostic,diagnostic,motivational",3,2,4,
927742912885174,2,"prognostic,diagnostic,motivational",3,2,4,
946283730400848,2,"prognostic,diagnostic,motivational",0,1,4,
3794586830792819,2,"prognostic,diagnostic,motivational",0,0,2,
2082049612706684,2,"prognostic,diagnostic,motivational",0,0,4,
2155741614845758,2,"prognostic,diagnostic,motivational",4,3,3,
960755249346351,2,"prognostic,diagnostic,motivational",3,2,4,
1155427983254169,2,"prognostic,diagnostic,motivational",1,2,4,
1793547724831765,2,"prognostic,diagnostic,motivational",3,3,4,
1698029974389893,2,"prognostic,diagnostic,motivational",3,1,2,
2599019460296232,2,"prognostic,diagnostic,motivational",0,0,2,
1047908584804946,2,"prognostic,diagnostic,motivational",2,2,3,
1006763272214551,2,"prognostic,diagnostic,motivational",0,0,4,
600519346017928,2,"prognostic,diagnostic,motivational",3,1,4,
4604518506463144,2,"prognostic,diagnostic,motivational",2,1,3,
946853370418614,2,"prognostic,diagnostic,motivational",3,4,4,
2482323105309504,2,"prognostic,diagnostic,motivational",0,1,4,
581574761078245,2,"prognostic,diagnostic,motivational",2,2,4,
1343176103358713,2,"prognostic,diagnostic,motivational",1,0,3,
947538870601602,2,"prognostic,diagnostic,motivational",0,0,3,
576178875416265,2,"prognostic,diagnostic,motivational",2,3,2,
595262939806991,2,"prognostic,diagnostic,motivational",3,3,4,
1695119571431099,2,"prognostic,diagnostic,motivational",3,1,4,
1068860116076585,2,"prognostic,diagnostic,motivational",0,0,2,
1288043192546444,2,"prognostic,diagnostic,motivational",1,0,3,
636471479048324,2,"prognostic,diagnostic,motivational",2,1,4,
1785683608894947,2,"prognostic,diagnostic,motivational",3,1,3,
636455442657867,2,"prognostic,diagnostic,motivational",0,0,3,
584897268031340,2,"prognostic,diagnostic,motivational",1,0,4,
960620502234230,2,"prognostic,diagnostic,motivational",0,0,1,
1162250172264952,2,"prognostic,diagnostic,motivational",3,4,4,
593841340275645,2,"prognostic,diagnostic,motivational",4,3,4,
2923963877759784,2,"prognostic,diagnostic,motivational",1,1,4,
3560512714251617,2,"prognostic,diagnostic,motivational",1,0,0,
1312601259770344,2,"prognostic,diagnostic,motivational",0,0,2,
1397816257854996,2,"prognostic,diagnostic,motivational",3,1,4,
1139906064511067,2,"prognostic,diagnostic,motivational",1,1,4,
1548387863394886,2,"prognostic,diagnostic,motivational",1,0,4,
1282925939636044,2,"prognostic,diagnostic,motivational",3,1,4,
2886501091686351,2,"prognostic,diagnostic,motivational",3,4,4,
1756604011794560,2,"prognostic,diagnostic,motivational",1,0,4,
835672528671875,2,"prognostic,diagnostic,motivational",2,0,4,
2682079961999500,2,"prognostic,diagnostic,motivational",3,2,4,
1557503174941787,2,"prognostic,diagnostic,motivational",3,1,4,
1159598182243369,2,"prognostic,diagnostic,motivational",0,0,4,
1376247050643634,2,"prognostic,diagnostic,motivational",3,3,4,
472872475689313,2,"prognostic,diagnostic,motivational",0,0,4,
1534868720510659,2,"prognostic,diagnostic,motivational",4,3,4,
28055589927437528,2,"prognostic,diagnostic,motivational",0,2,4,
1331711658568816,2,"prognostic,diagnostic,motivational",2,0,1,
966678818265906,2,"prognostic,diagnostic,motivational",3,1,3,
2132085920561958,2,"prognostic,diagnostic,motivational",0,0,4,
1684709418759066,2,"prognostic,diagnostic,motivational",0,0,4,
3212967505759929,2,"prognostic,diagnostic,motivational",0,1,4,
2809177186136059,2,"prognostic,diagnostic,motivational",4,4,4,
1088767682969099,2,"prognostic,diagnostic,motivational",1,2,4,
520926931003086,2,"prognostic,diagnostic,motivational",1,3,4,
1194400998915350,2,"prognostic,diagnostic,motivational",4,1,3,
1338233697601165,2,"prognostic,diagnostic,motivational",2,2,4,
1826700731463016,2,"prognostic,diagnostic,motivational",3,3,3,
1306747133969324,2,"prognostic,diagnostic,motivational",3,2,4,
626448026518453,2,"prognostic,diagnostic,motivational",2,1,3,
1587760448551064,2,"prognostic,diagnostic,motivational",3,3,4,
508854305103985,2,"prognostic,diagnostic,motivational",1,0,4,
1572138990115190,2,"prognostic,diagnostic,motivational",1,1,4,
9047592588695695,2,"prognostic,diagnostic,motivational",2,1,4,
523749446799261,2,"prognostic,diagnostic,motivational",2,4,3,
2752288754958328,2,"prognostic,diagnostic,motivational",3,4,4,
1661400697783308,2,"prognostic,diagnostic,motivational",2,2,4,
1542251537654170,2,"prognostic,diagnostic,motivational",2,1,3,
792076536457329,2,"prognostic,diagnostic,motivational",1,1,4,
8998014366930279,2,"prognostic,diagnostic,motivational",0,1,4,
633597492377179,2,"prognostic,diagnostic,motivational",0,0,1,
1659836121893490,2,"prognostic,diagnostic,motivational",1,0,3,
634201975726685,2,"prognostic,diagnostic,motivational",1,0,4,
587894070754705,2,"prognostic,diagnostic,motivational",0,0,3,
1714997212765680,2,"prognostic,diagnostic,motivational",0,1,4,
1034558675100354,2,"prognostic,diagnostic,motivational",3,3,4,
1364196918087501,2,"prognostic,diagnostic,motivational",0,0,0,
538809485868846,2,"prognostic,diagnostic,motivational",0,0,2,
635330319149259,2,"prognostic,diagnostic,motivational",2,1,4,
1089607840420451,2,"prognostic,diagnostic,motivational",3,4,4,
1180654983670108,2,"prognostic,diagnostic,motivational",3,3,2,
1015003297121861,2,"prognostic,diagnostic,motivational",3,3,3,
610035641759187,2,"prognostic,diagnostic,motivational",1,0,4,
1379558054135765,2,"prognostic,diagnostic,motivational",0,0,3,
1976951792803502,2,"prognostic,diagnostic,motivational",0,0,4,
1564372007557607,2,"prognostic,diagnostic,motivational",2,0,3,
1440889143167119,2,"prognostic,diagnostic,motivational",2,3,4,
638355381866380,2,"prognostic,diagnostic,motivational",3,2,3,
547322564995907,2,"prognostic,diagnostic,motivational",0,0,1,
2134388706978446,2,"prognostic,diagnostic,motivational",2,2,4,
3132531896894159,2,"prognostic,diagnostic,motivational",4,3,4,
9055276384566724,2,"prognostic,diagnostic,motivational",2,3,4,
1327727771567436,2,"prognostic,diagnostic,motivational",0,0,4,
579555931292939,2,"prognostic,diagnostic,motivational",0,1,4,
1475772606730267,2,"prognostic,diagnostic,motivational",2,1,4,
3882901041971953,2,"prognostic,diagnostic,motivational",0,0,2,
1358568702205411,2,"prognostic,diagnostic,motivational",3,2,3,
1071360968077004,2,"prognostic,diagnostic,motivational",3,3,4,
1811876849564837,2,"prognostic,diagnostic,motivational",0,0,4,
1846546673382304,2,"prognostic,diagnostic,motivational",0,0,4,
1633530743940987,2,"prognostic,diagnostic,motivational",0,0,1,
958124715892608,2,"prognostic,diagnostic,motivational",3,3,4,
1180543637059351,2,"prognostic,diagnostic,motivational",0,0,4,
933169514882637,2,"prognostic,diagnostic,motivational",2,2,4,
1154291039604762,2,"prognostic,diagnostic,motivational",4,2,4,
9114470175295400,2,"prognostic,diagnostic,motivational",0,0,2,
3393637324105532,2,"prognostic,diagnostic,motivational",0,0,2,
1173981434312320,2,"prognostic,diagnostic,motivational",1,0,4,
8980212418694167,2,"prognostic,diagnostic,motivational",3,1,1,
515428014372248,2,"prognostic,diagnostic,motivational",3,4,4,
1049599059461670,2,"prognostic,diagnostic,motivational",1,2,2,
3840336412779103,2,"prognostic,diagnostic,motivational",0,0,4,
2056688891411056,2,"prognostic,diagnostic,motivational",3,2,4,
360638860220672,2,"prognostic,diagnostic,motivational",4,3,3,
1006673771315119,2,"prognostic,diagnostic,motivational",1,0,3,
1333389804337138,2,"prognostic,diagnostic,motivational",0,0,4,
914314723366904,2,"prognostic,diagnostic,motivational",4,0,1,
873749384924899,2,"prognostic,diagnostic,motivational",0,1,4,
598459456489878,2,"prognostic,diagnostic,motivational",2,4,4,
933822265549352,2,"prognostic,diagnostic,motivational",3,3,4,
1515241282489669,2,"prognostic,diagnostic,motivational",2,2,4,
587016040924199,2,"prognostic,diagnostic,motivational",1,0,2,
1537633216947607,2,"prognostic,diagnostic,motivational",3,2,4,
827011356444623,2,"prognostic,diagnostic,motivational",3,1,4,
1346543896705986,2,"prognostic,diagnostic,motivational",1,0,4,
1302104844314553,2,"prognostic,diagnostic,motivational",1,0,4,
1255791389010513,2,"prognostic,diagnostic,motivational",0,1,3,
961167385370620,2,"prognostic,diagnostic,motivational",4,4,4,
1202695668151339,2,"prognostic,diagnostic,motivational",3,1,4,
559489620166115,2,"prognostic,diagnostic,motivational",0,1,4,
1561307458046039,2,"prognostic,diagnostic,motivational",2,1,3,
1672512949971288,2,"prognostic,diagnostic,motivational",1,1,4,
2827621167397521,2,"prognostic,diagnostic,motivational",2,4,4,
585790967696364,2,"prognostic,diagnostic,motivational",3,3,4,
1277293756813316,2,"prognostic,diagnostic,motivational",2,1,4,
609325648201418,2,"prognostic,diagnostic,motivational",3,3,3,
1134658984835680,2,"prognostic,diagnostic,motivational",0,0,1,
1041442765461611,2,"prognostic,diagnostic,motivational",0,0,4,
895486739356537,2,"prognostic,diagnostic,motivational",2,3,4,
1720456419409838,2,"prognostic,diagnostic,motivational",2,1,3,
1613125325978380,2,"prognostic,diagnostic,motivational",3,4,4,
526650520153024,2,"prognostic,diagnostic,motivational",0,0,1,
1725532181792914,2,"prognostic,diagnostic,motivational",0,0,2,
1614416165843361,2,"prognostic,diagnostic,motivational",1,0,2,
1142801667468407,2,"prognostic,diagnostic,motivational",1,1,3,
958685859797658,2,"prognostic,diagnostic,motivational",1,1,4,
583894344436220,2,"prognostic,diagnostic,motivational",1,4,4,
1314877529935664,2,"prognostic,diagnostic,motivational",0,0,4,
2425312574537750,2,"prognostic,diagnostic,motivational",0,0,3,
1087444226406189,2,"prognostic,diagnostic,motivational",2,4,3,
1338104730439348,2,"prognostic,diagnostic,motivational",0,1,3,
779394308199571,2,"prognostic,diagnostic,motivational",0,0,4,
1672589620273440,2,"prognostic,diagnostic,motivational",4,2,4,
633591589133702,2,"prognostic,diagnostic,motivational",0,0,1,
1662079031048157,2,"prognostic,diagnostic,motivational",1,1,4,
414515324411471,2,"prognostic,diagnostic,motivational",3,1,1,
1290984838850680,2,"prognostic,diagnostic,motivational",2,1,3,
1778257966326597,2,"prognostic,diagnostic,motivational",0,0,1,
822084626722536,2,"prognostic,diagnostic,motivational",3,4,4,
1127204155369035,2,"prognostic,diagnostic,motivational",4,3,4,
593346286786907,2,"prognostic,diagnostic,motivational",0,0,4,
429298543507772,2,"prognostic,diagnostic,motivational",1,2,4,
439799842290683,2,"prognostic,diagnostic,motivational",2,3,4,
2280201212364794,2,"prognostic,diagnostic,motivational",2,3,4,
1811190153024111,2,"prognostic,diagnostic,motivational",2,2,4,
1624249384970057,2,"prognostic,diagnostic,motivational",2,3,4,
1344250603597746,2,"prognostic,diagnostic,motivational",4,2,4,
1764237197749497,2,"prognostic,diagnostic,motivational",1,2,4,
638767411940431,2,"prognostic,diagnostic,motivational",2,1,4,
1701003677148504,2,"prognostic,diagnostic,motivational",2,0,3,
1021415510004833,2,"prognostic,diagnostic,motivational",3,2,4,
1003427188273125,2,"prognostic,diagnostic,motivational",3,3,4,
8999727590122819,2,"prognostic,diagnostic,motivational",2,0,1,
2765323030527576,2,"prognostic,diagnostic,motivational",0,0,3,
1278158756731694,2,"prognostic,diagnostic,motivational",0,0,1,
9405654456152333,2,"prognostic,diagnostic,motivational",0,0,4,
1625184371438425,2,"prognostic,diagnostic,motivational",3,1,4,
1508444343184352,2,"prognostic,diagnostic,motivational",2,1,4,
2030191094059735,2,"prognostic,diagnostic,motivational",0,0,1,
1683730972178979,2,"prognostic,diagnostic,motivational",3,3,4,
604564485611975,2,"prognostic,diagnostic,motivational",2,1,4,
1137550961252839,2,"prognostic,diagnostic,motivational",2,3,4,
1298223494659498,2,"prognostic,diagnostic,motivational",3,2,2,
1554937718524511,2,"prognostic,diagnostic,motivational",4,2,4,
1651498185466984,2,"prognostic,diagnostic,motivational",3,4,3,
977103624526802,2,"prognostic,diagnostic,motivational",2,2,4,
967151299724765,2,"prognostic,diagnostic,motivational",1,1,2,
627826272994347,2,"prognostic,diagnostic,motivational",0,0,3,
2864674767077028,2,"prognostic,diagnostic,motivational",2,3,3,
373623262125302,2,"prognostic,diagnostic,motivational",3,2,4,
795521402768059,2,"prognostic,diagnostic,motivational",2,1,1,
308797011822434,2,"prognostic,diagnostic,motivational",2,4,4,
2085979901997400,2,"prognostic,diagnostic,motivational",0,0,2,
1118539566638090,2,"prognostic,diagnostic,motivational",0,0,0,
1308477520172183,2,"prognostic,diagnostic,motivational",1,0,0,
1400610815220594,2,"prognostic,diagnostic,motivational",0,0,3,
3015703085251906,2,"prognostic,diagnostic,motivational",3,3,4,
315416178126117,2,"prognostic,diagnostic,motivational",3,2,4,
594411406365307,2,"prognostic,diagnostic,motivational",0,0,3,
978050490413988,2,"prognostic,diagnostic,motivational",2,3,3,
854700756410365,2,"prognostic,diagnostic,motivational",4,3,3,
980757587266208,2,"prognostic,diagnostic,motivational",1,1,4,
1794467628072580,2,"prognostic,diagnostic,motivational",0,2,4,
918614553293789,2,"prognostic,diagnostic,motivational",3,3,4,
1285854235993389,2,"prognostic,diagnostic,motivational",3,1,2,
2644508029687648,2,"prognostic,diagnostic,motivational",1,1,3,
2001394133661743,2,"prognostic,diagnostic,motivational",3,3,4,
378473108223970,2,"prognostic,diagnostic,motivational",3,3,4,
365190452739535,2,"prognostic,diagnostic,motivational",4,1,2,
2122646278181832,2,"prognostic,diagnostic,motivational",3,2,3,
1550497362929348,2,"prognostic,diagnostic,motivational",1,2,4,
243035242144898,2,"prognostic,diagnostic,motivational",2,0,2,
2640637069659799,2,"prognostic,diagnostic,motivational",2,3,4,
2371568689695186,2,"prognostic,diagnostic,motivational",3,2,3,
4341409302795035,2,"prognostic,diagnostic,motivational",4,1,2,
1573112560008763,2,"prognostic,diagnostic,motivational",0,0,0,
1581681482803577,2,"prognostic,diagnostic,motivational",0,0,4,
1734664617109929,2,"prognostic,diagnostic,motivational",0,1,3,
987326573290137,2,"prognostic,diagnostic,motivational",3,2,1,
945466170785106,2,"prognostic,diagnostic,motivational",1,3,4,
2614148855709708,2,"prognostic,diagnostic,motivational",4,3,4,
4037421899912527,2,"prognostic,diagnostic,motivational",0,0,3,
2240447803425595,2,"prognostic,diagnostic,motivational",0,0,4,
1285847159361405,2,"prognostic,diagnostic,motivational",3,2,4,
9060383254008888,2,"prognostic,diagnostic,motivational",2,1,4,
1325938385388823,2,"prognostic,diagnostic,motivational",1,2,4,
690127840172654,2,"prognostic,diagnostic,motivational",0,0,2,
1611924403657672,2,"prognostic,diagnostic,motivational",1,0,2,
1157314285973209,2,"prognostic,diagnostic,motivational",3,2,3,
1596461861073063,2,"prognostic,diagnostic,motivational",0,0,4,
866315409015403,2,"prognostic,diagnostic,motivational",2,3,3,
623467490275834,2,"prognostic,diagnostic,motivational",2,2,4,
1514306183216402,2,"prognostic,diagnostic,motivational",0,0,4,
1015009384469536,2,"prognostic,diagnostic,motivational",2,1,4,
443764781869374,2,"prognostic,diagnostic,motivational",2,3,4,
1408457043445048,2,"prognostic,diagnostic,motivational",3,1,4,
1744153463406976,2,"prognostic,diagnostic,motivational",1,1,4,
1842297899508614,2,"prognostic,diagnostic,motivational",0,0,2,
920306709889225,2,"prognostic,diagnostic,motivational",3,3,3,
1375689677775852,2,"prognostic,diagnostic,motivational",2,2,3,
596081206468549,2,"prognostic,diagnostic,motivational",0,0,4,
1992725481503756,2,"prognostic,diagnostic,motivational",3,2,4,
471761559147616,2,"prognostic,diagnostic,motivational",0,0,4,
1776876496486344,2,"prognostic,diagnostic,motivational",3,1,3,
24679996915001602,2,"prognostic,diagnostic,motivational",4,4,4,
473791479106948,2,"prognostic,diagnostic,motivational",0,0,0,
1693150701551734,2,"prognostic,diagnostic,motivational",3,3,4,
1510909723690629,2,"prognostic,diagnostic,motivational",4,3,4,
1590931678482939,2,"prognostic,diagnostic,motivational",3,2,4,
598297086160296,2,"prognostic,diagnostic,motivational",2,3,4,
1148545780314022,2,"prognostic,diagnostic,motivational",0,0,3,
989701979725469,2,"prognostic,diagnostic,motivational",0,0,0,
1830143677788157,2,"prognostic,diagnostic,motivational",1,1,4,
602282142558517,2,"prognostic,diagnostic,motivational",0,0,4,
619046604231016,2,"prognostic,diagnostic,motivational",1,1,3,
1034848342244274,2,"prognostic,diagnostic,motivational",0,0,0,
492621239825612,2,"prognostic,diagnostic,motivational",0,0,4,
4275978315964899,2,"prognostic,diagnostic,motivational",1,0,0,
324715133739643,2,"prognostic,diagnostic,motivational",3,1,4,
2612998049047136,2,"prognostic,diagnostic,motivational",2,4,4,
838438471416006,2,"prognostic,diagnostic,motivational",2,2,3,
1202587894175745,2,"prognostic,diagnostic,motivational",3,2,3,
861941400209791,2,"prognostic,diagnostic,motivational",1,0,1,
1666697700922484,2,"prognostic,diagnostic,motivational",2,1,4,
963081928677045,2,"prognostic,diagnostic,motivational",3,2,4,
1047060954457939,2,"prognostic,diagnostic,motivational",0,0,3,
1467120287206208,2,"prognostic,diagnostic,motivational",1,0,3,
1156474766037332,2,"prognostic,diagnostic,motivational",1,0,1,
1654458612114372,2,"prognostic,diagnostic,motivational",0,1,4,
27444131088539193,2,"prognostic,diagnostic,motivational",1,1,4,
1664714238996685,2,"prognostic,diagnostic,motivational",2,2,4,
1174378884020022,2,"prognostic,diagnostic,motivational",2,1,4,
616554067446868,2,"prognostic,diagnostic,motivational",1,2,4,
1384999402909325,2,"prognostic,diagnostic,motivational",3,2,3,
781216904865154,2,"prognostic,diagnostic,motivational",2,2,4,
1053984950914220,2,"prognostic,diagnostic,motivational",0,0,2,
1541507243225095,2,"prognostic,diagnostic,motivational",3,2,3,
912912760936284,2,"prognostic,diagnostic,motivational",3,1,3,
1835032003933491,2,"prognostic,diagnostic,motivational",1,0,3,
1273792983903431,2,"prognostic,diagnostic,motivational",1,2,4,
1341291163962380,2,"prognostic,diagnostic,motivational",1,1,4,
975092294541669,2,"prognostic,diagnostic,motivational",3,1,3,
1323487428984613,2,"prognostic,diagnostic,motivational",0,0,3,
589273970237907,2,"prognostic,diagnostic,motivational",2,2,4,
1036780938494383,2,"prognostic,diagnostic,motivational",0,0,2,
1130119396342417,2,"prognostic,diagnostic,motivational",1,0,1,
2936141996746504,2,"prognostic,diagnostic,motivational",0,0,4,
2292817127915719,2,"prognostic,diagnostic,motivational",1,1,3,
1473361836551436,2,"prognostic,diagnostic,motivational",3,2,4,
1087860509693015,2,"prognostic,diagnostic,motivational",1,1,4,
587994484154984,2,"prognostic,diagnostic,motivational",0,0,1,
604363578898563,2,"prognostic,diagnostic,motivational",0,0,2,
1278685856754043,2,"prognostic,diagnostic,motivational",0,0,3,
1100883008344767,2,"prognostic,diagnostic,motivational",1,1,4,
1118186226442029,2,"prognostic,diagnostic,motivational",2,1,4,
480789531734925,2,"prognostic,diagnostic,motivational",2,0,2,
1354142630136075,2,"prognostic,diagnostic,motivational",3,1,1,
1349031336465847,2,"prognostic,diagnostic,motivational",2,2,4,
1550667759775210,2,"prognostic,diagnostic,motivational",0,0,3,
2922718441220229,2,"prognostic,diagnostic,motivational",3,2,4,
970358864550319,2,"prognostic,diagnostic,motivational",0,0,4,
631683535999753,2,"prognostic,diagnostic,motivational",1,0,0,
475587768926209,2,"prognostic,diagnostic,motivational",3,1,2,
918967117016330,2,"prognostic,diagnostic,motivational",2,4,3,
604524499292447,2,"prognostic,diagnostic,motivational",1,1,4,
2367618000253213,2,"prognostic,diagnostic,motivational",2,3,4,
596508662995269,2,"prognostic,diagnostic,motivational",0,0,4,
1088863178921274,2,"prognostic,diagnostic,motivational",2,2,4,
1785726811969846,2,"prognostic,diagnostic,motivational",3,1,3,
3905636399752923,2,"prognostic,diagnostic,motivational",4,3,4,
486118821197022,2,"prognostic,diagnostic,motivational",2,1,4,
795067709946741,2,"prognostic,diagnostic,motivational",3,3,2,
1223263452765031,2,"prognostic,diagnostic,motivational",0,1,2,
1699466780637799,2,"prognostic,diagnostic,motivational",2,3,4,
1671342880404065,2,"prognostic,diagnostic,motivational",3,3,4,
642785391491531,2,"prognostic,diagnostic,motivational",3,3,4,
638887898617914,2,"prognostic,diagnostic,motivational",4,1,3,
399726656536198,2,"prognostic,diagnostic,motivational",3,2,1,
599450316020468,2,"prognostic,diagnostic,motivational",0,1,4,
1315020476201761,2,"prognostic,diagnostic,motivational",0,0,0,
314357591627895,2,"prognostic,diagnostic,motivational",3,3,4,
590334327230197,2,"prognostic,diagnostic,motivational",0,1,3,
587830234403496,2,"prognostic,diagnostic,motivational",0,0,4,
1745392366539637,2,"prognostic,diagnostic,motivational",3,1,4,
27337918919234161,2,"prognostic,diagnostic,motivational",0,1,4,
2488872728207443,2,"prognostic,diagnostic,motivational",0,0,2,
958594556230217,2,"prognostic,diagnostic,motivational",4,3,4,
639203795235518,2,"prognostic,diagnostic,motivational",3,3,4,
542988022102772,2,"prognostic,diagnostic,motivational",1,0,0,
1282129196423246,2,"prognostic,diagnostic,motivational",1,1,4,
1331256016490142,2,"prognostic,diagnostic,motivational",0,0,3,
2088570391594488,2,"prognostic,diagnostic,motivational",1,2,3,
1014943717961464,2,"prognostic,diagnostic,motivational",0,0,1,
1085303306423209,2,"prognostic,diagnostic,motivational",0,0,4,
582372721274716,2,"prognostic,diagnostic,motivational",2,1,4,
1077582551352850,2,"prognostic,diagnostic,motivational",2,0,0,
2355801208122838,2,"prognostic,diagnostic,motivational",3,1,3,
1069414314895222,2,"prognostic,diagnostic,motivational",3,2,4,
3067837476697905,2,"prognostic,diagnostic,motivational",4,4,4,
599657749076443,2,"prognostic,diagnostic,motivational",3,2,4,
1388811016641777,2,"prognostic,diagnostic,motivational",2,3,4,
488802673949516,2,"prognostic,diagnostic,motivational",0,0,2,
1452929612658613,2,"prognostic,diagnostic,motivational",0,0,4,
660332316522459,2,"prognostic,diagnostic,motivational",4,3,4,
2413951005609031,2,"prognostic,diagnostic,motivational",2,2,4,
1704673213358536,2,"prognostic,diagnostic,motivational",2,1,4,
954839269648726,2,"prognostic,diagnostic,motivational",2,1,4,
962864519123005,2,"prognostic,diagnostic,motivational",0,0,0,
584467274549026,2,"prognostic,diagnostic,motivational",2,0,2,
242749248699325,2,"prognostic,diagnostic,motivational",0,0,0,
2064271974037979,2,"prognostic,diagnostic,motivational",4,3,4,
1051831714190280,2,"prognostic,diagnostic,motivational",1,2,2,
9415499608489876,2,"prognostic,diagnostic,motivational",3,3,4,
581804394672282,2,"prognostic,diagnostic,motivational",3,2,4,
842832121253359,2,"prognostic,diagnostic,motivational",2,1,4,
1904185617207866,2,"prognostic,diagnostic,motivational",0,1,3,
491699056957488,2,"prognostic,diagnostic,motivational",2,3,3,
1608344846441449,2,"prognostic,diagnostic,motivational",4,2,4,
1145210427384222,2,"prognostic,diagnostic,motivational",0,1,4,
1292388618615900,2,"prognostic,diagnostic,motivational",0,0,2,
556534650872934,2,"prognostic,diagnostic,motivational",3,2,4,
9957261067642073,2,"prognostic,diagnostic,motivational",2,1,4,
1780858042755262,2,"prognostic,diagnostic,motivational",3,3,4,
921124793559096,2,"prognostic,diagnostic,motivational",3,1,4,
1373798020968494,2,"prognostic,diagnostic,motivational",2,1,2,
669096998906901,2,"prognostic,diagnostic,motivational",2,1,3,
869062385202726,2,"prognostic,diagnostic,motivational",3,1,4,
1675035050115031,2,"prognostic,diagnostic,motivational",0,1,4,
913167700637693,2,"prognostic,diagnostic,motivational",2,2,4,
1140836627493575,2,"prognostic,diagnostic,motivational",2,2,3,
605582065666741,2,"prognostic,diagnostic,motivational",0,0,4,
604917105622740,2,"prognostic,diagnostic,motivational",2,1,4,
3946954868894211,2,"prognostic,diagnostic,motivational",1,3,3,
1565984661461129,2,"prognostic,diagnostic,motivational",1,3,3,
485263034332216,2,"prognostic,diagnostic,motivational",0,0,3,
2062667110830736,2,"prognostic,diagnostic,motivational",3,3,4,
3796014083993882,2,"prognostic,diagnostic,motivational",0,0,1,
556579700418579,2,"prognostic,diagnostic,motivational",3,1,3,
1329653458054263,2,"prognostic,diagnostic,motivational",1,0,3,
628242919682757,2,"prognostic,diagnostic,motivational",2,2,4,
1329708298432959,2,"prognostic,diagnostic,motivational",3,2,4,
2082138255577256,2,"prognostic,diagnostic,motivational",4,2,3,
633468645881105,2,"prognostic,diagnostic,motivational",0,1,4,
1391368888969906,2,"prognostic,diagnostic,motivational",0,1,4,
964739745120503,2,"prognostic,diagnostic,motivational",0,0,1,
1447612855795462,2,"prognostic,diagnostic,motivational",4,2,4,
1158843005768713,2,"prognostic,diagnostic,motivational",1,1,4,
1420547588813716,2,"prognostic,diagnostic,motivational",2,2,4,
9440161989327864,2,"prognostic,diagnostic,motivational",2,3,4,
952825333701386,2,"prognostic,diagnostic,motivational",3,2,2,
1295232321586383,2,"prognostic,diagnostic,motivational",1,1,4,
1995349734508904,2,"prognostic,diagnostic,motivational",1,1,4,
1080927393126491,2,"prognostic,diagnostic,motivational",1,0,2,
1152998946170073,2,"prognostic,diagnostic,motivational",1,2,2,
941895102237536,2,"prognostic,diagnostic,motivational",1,1,4,
2016049182608492,2,"prognostic,diagnostic,motivational",4,2,3,
1123632219870745,2,"prognostic,diagnostic,motivational",0,1,4,
848846180511882,2,"prognostic,diagnostic,motivational",2,1,4,
884449200561198,2,"prognostic,diagnostic,motivational",0,0,0,
622532510259029,2,"prognostic,diagnostic,motivational",3,4,3,
2120194405206969,2,"prognostic,diagnostic,motivational",3,4,2,
628426219598812,2,"prognostic,diagnostic,motivational",2,3,4,
373796122336276,2,"prognostic,diagnostic,motivational",1,2,3,
487712657403543,2,"prognostic,diagnostic,motivational",2,0,3,
1307090617007433,2,"prognostic,diagnostic,motivational",2,1,4,
1610944200587941,2,"prognostic,diagnostic,motivational",3,3,2,
483235424096923,2,"prognostic,diagnostic,motivational",2,1,4,
962859182207994,2,"prognostic,diagnostic,motivational",3,3,4,
971876277695852,2,"prognostic,diagnostic,motivational",3,2,4,
941998208892822,2,"prognostic,diagnostic,motivational",2,1,4,
1413223779743915,2,"prognostic,diagnostic,motivational",2,4,4,
2319097668622328,2,"prognostic,diagnostic,motivational",3,1,3,
732486623198065,2,"prognostic,diagnostic,motivational",1,1,4,
1567520901502536,2,"prognostic,diagnostic,motivational",0,0,3,
484991460555995,2,"prognostic,diagnostic,motivational",3,1,2,
1362330588705738,2,"prognostic,diagnostic,motivational",2,2,3,
1194615320401772,2,"prognostic,diagnostic,motivational",1,2,4,
2020725001770250,2,"prognostic,diagnostic,motivational",3,2,4,
1581901713438123,2,"prognostic,diagnostic,motivational",3,2,4,
1142086794365723,2,"prognostic,diagnostic,motivational",3,4,3,
1745716216828277,2,"prognostic,diagnostic,motivational",0,0,3,
1274401577201311,2,"prognostic,diagnostic,motivational",0,0,3,
646670041356749,2,"prognostic,diagnostic,motivational",2,1,3,
467069309189776,2,"prognostic,diagnostic,motivational",0,0,3,
1375938729784183,2,"prognostic,diagnostic,motivational",3,2,4,
1365846982093944,2,"prognostic,diagnostic,motivational",1,1,4,
971073831049861,2,"prognostic,diagnostic,motivational",3,3,4,
1025189083429263,2,"prognostic,diagnostic,motivational",0,0,4,
562687792797844,2,"prognostic,diagnostic,motivational",4,0,2,
472666991840738,2,"prognostic,diagnostic,motivational",0,1,3,
543541258294798,2,"prognostic,diagnostic,motivational",0,0,3,
2771196933265776,2,"prognostic,diagnostic,motivational",2,1,3,
1904823576861450,2,"prognostic,diagnostic,motivational",2,3,4,
1199053815683542,2,"prognostic,diagnostic,motivational",0,0,0,
1443675796612227,2,"prognostic,diagnostic,motivational",0,0,1,
962684919162004,2,"prognostic,diagnostic,motivational",2,2,4,
784780093959053,2,"prognostic,diagnostic,motivational",0,0,2,
2146682909587986,2,"prognostic,diagnostic,motivational",0,0,1,
362946583112219,2,"prognostic,diagnostic,motivational",3,1,2,
2530276157414773,2,"prognostic,diagnostic,motivational",1,1,4,
853079583322426,2,"prognostic,diagnostic,motivational",4,3,3,
1942410626211029,2,"prognostic,diagnostic,motivational",1,0,4,
1734045977153288,2,"prognostic,diagnostic,motivational",3,2,4,
917136051398825,2,"prognostic,diagnostic,motivational",1,1,4,
2092020758330485,2,"prognostic,diagnostic,motivational",0,0,1,
8834809209975063,2,"prognostic,diagnostic,motivational",1,2,4,
870686416110328,2,"prognostic,diagnostic,motivational",3,3,4,
349229891430150,2,"prognostic,diagnostic,motivational",3,1,4,
565573689496390,2,"prognostic,diagnostic,motivational",2,3,4,
1457468888501840,2,"prognostic,diagnostic,motivational",1,1,2,
966005778801879,2,"prognostic,diagnostic,motivational",2,1,1,
561492046937138,2,"prognostic,diagnostic,motivational",2,2,4,
2347783768951460,2,"prognostic,diagnostic,motivational",2,1,4,
1087078743662381,2,"prognostic,diagnostic,motivational",1,0,3,
1550308922998056,2,"prognostic,diagnostic,motivational",3,3,3,
1003282811849059,2,"prognostic,diagnostic,motivational",2,1,4,
1316518670654211,2,"prognostic,diagnostic,motivational",3,4,3,
2229147617943788,2,"prognostic,diagnostic,motivational",3,1,3,
2067158137058354,2,"prognostic,diagnostic,motivational",1,1,2,
1530822600962540,2,"prognostic,diagnostic,motivational",2,1,4,
1102300311575772,2,"prognostic,diagnostic,motivational",1,3,4,
1061117608654910,2,"prognostic,diagnostic,motivational",3,2,4,
1450188760206644,2,"prognostic,diagnostic,motivational",0,1,3,
1376312160020123,2,"prognostic,diagnostic,motivational",2,3,2,
1722585111989390,2,"prognostic,diagnostic,motivational",2,2,4,
1063694509657135,2,"prognostic,diagnostic,motivational",0,0,1,
2012797319471157,2,"prognostic,diagnostic,motivational",2,1,4,
1132049498021939,2,"prognostic,diagnostic,motivational",0,1,3,
1343599451070628,2,"prognostic,diagnostic,motivational",3,0,2,
1152404916585203,2,"prognostic,diagnostic,motivational",1,3,4,
2559671247811957,2,"prognostic,diagnostic,motivational",1,0,4,
2090466428469931,2,"prognostic,diagnostic,motivational",2,2,4,
2115946859278089,2,"prognostic,diagnostic,motivational",3,4,4,
600356382950375,2,"prognostic,diagnostic,motivational",1,2,4,
918961343751998,2,"prognostic,diagnostic,motivational",0,0,2,
1144666673583895,2,"prognostic,diagnostic,motivational",2,0,1,
2723322174519317,2,"prognostic,diagnostic,motivational",0,0,3,
927938095742076,2,"prognostic,diagnostic,motivational",1,1,4,
1098449118679029,2,"prognostic,diagnostic,motivational",3,2,4,
1806581486547612,2,"prognostic,diagnostic,motivational",0,1,4,
1132709174708606,2,"prognostic,diagnostic,motivational",0,1,4,
1611029850263910,2,"prognostic,diagnostic,motivational",2,0,3,
474045169110035,2,"prognostic,diagnostic,motivational",3,1,2,
1486238359251135,2,"prognostic,diagnostic,motivational",0,1,4,
3329357400701910,2,"prognostic,diagnostic,motivational",0,0,4,
1506496943357660,2,"prognostic,diagnostic,motivational",0,0,1,
965513651816359,2,"prognostic,diagnostic,motivational",0,1,4,
788427536373053,2,"prognostic,diagnostic,motivational",3,3,4,
1097429858849963,2,"prognostic,diagnostic,motivational",1,1,4,
1551275112246044,2,"prognostic,diagnostic,motivational",3,2,4,
28059107713714546,2,"prognostic,diagnostic,motivational",3,3,4,
1530980000800011,2,"prognostic,diagnostic,motivational",3,1,4,
3451887901645079,2,"prognostic,diagnostic,motivational",0,0,1,
788205253822282,2,"prognostic,diagnostic,motivational",2,2,4,
1153695905977242,2,"prognostic,diagnostic,motivational",1,1,3,
3001464893344887,2,"prognostic,diagnostic,motivational",4,3,4,
1562735515201696,2,"prognostic,diagnostic,motivational",0,0,2,
976379730938531,2,"prognostic,diagnostic,motivational",1,1,3,
798816909562890,2,"prognostic,diagnostic,motivational",0,0,4,
1008271025276666,2,"prognostic,diagnostic,motivational",0,0,4,
1507458371062799,2,"prognostic,diagnostic,motivational",0,0,3,
734198646109280,2,"prognostic,diagnostic,motivational",3,3,4,
2064125574507477,2,"prognostic,diagnostic,motivational",1,2,3,
4108090222656636,2,"prognostic,diagnostic,motivational",2,2,4,
1294087411616860,2,"prognostic,diagnostic,motivational",3,3,4,
2342376572785320,2,"prognostic,diagnostic,motivational",2,4,4,
1552423282777266,2,"prognostic,diagnostic,motivational",2,1,4,
2010648582912746,2,"prognostic,diagnostic,motivational",0,1,4,
1457249752898978,2,"prognostic,diagnostic,motivational",1,1,4,
663944139403675,2,"prognostic,diagnostic,motivational",1,0,3,
3942825259309591,2,"prognostic,diagnostic,motivational",1,0,4,
1524219395101722,2,"prognostic,diagnostic,motivational",1,0,2,
2050978312089251,2,"prognostic,diagnostic,motivational",4,1,2,
3438969699605976,2,"prognostic,diagnostic,motivational",3,3,4,
1119586585749497,2,"prognostic,diagnostic,motivational",3,2,4,
2011865955947422,2,"prognostic,diagnostic,motivational",1,1,4,
1370356705077304,2,"prognostic,diagnostic,motivational",3,2,4,
413225937903966,2,"prognostic,diagnostic,motivational",3,2,3,
1725890605114878,2,"prognostic,diagnostic,motivational",3,3,4,
928516692523767,2,"prognostic,diagnostic,motivational",0,0,3,
1557788621592144,2,"prognostic,diagnostic,motivational",3,2,4,
3459517980881045,2,"prognostic,diagnostic,motivational",4,1,2,
964011325155229,2,"prognostic,diagnostic,motivational",2,1,3,
1127478965543348,2,"prognostic,diagnostic,motivational",0,0,4,
659938999852103,2,"prognostic,diagnostic,motivational",3,3,4,
1451874179046350,2,"prognostic,diagnostic,motivational",3,3,4,
1337873533888064,2,"prognostic,diagnostic,motivational",1,1,4,
984551146921794,2,"prognostic,diagnostic,motivational",2,1,4,
1554768439694507,2,"prognostic,diagnostic,motivational",3,4,2,
913088213652909,2,"prognostic,diagnostic,motivational",4,2,4,
1204913700473774,2,"prognostic,diagnostic,motivational",2,0,1,
1021535170272890,2,"prognostic,diagnostic,motivational",0,0,4,
635384005727700,2,"prognostic,diagnostic,motivational",0,1,2,
503559242339003,2,"prognostic,diagnostic,motivational",2,1,4,
1001998559413129,2,"prognostic,diagnostic,motivational",0,0,4,
581984257525893,2,"prognostic,diagnostic,motivational",1,2,4,
1676822056590515,2,"prognostic,diagnostic,motivational",3,0,1,
1798825444080518,2,"prognostic,diagnostic,motivational",3,3,4,
1023300567357151,2,"prognostic,diagnostic,motivational",1,0,0,
1345003696964733,2,"prognostic,diagnostic,motivational",2,1,4,
1396151405673775,2,"prognostic,diagnostic,motivational",2,3,4,
2666498876881823,2,"prognostic,diagnostic,motivational",0,0,2,
660446009755075,2,"prognostic,diagnostic,motivational",0,1,3,
1765167931323633,2,"prognostic,diagnostic,motivational",4,2,3,
965404731799799,2,"prognostic,diagnostic,motivational",0,1,4,
1546981080150330,2,"prognostic,diagnostic,motivational",1,1,4,
1779203532865049,2,"prognostic,diagnostic,motivational",1,0,2,
1254845358940493,2,"prognostic,diagnostic,motivational",1,1,4,
1025206482709324,2,"prognostic,diagnostic,motivational",3,2,3,
3590053204625528,2,"prognostic,diagnostic,motivational",1,1,4,
2124179184651776,2,"prognostic,diagnostic,motivational",1,2,4,
2307087463032131,2,"prognostic,diagnostic,motivational",2,1,3,
1114361183525768,2,"prognostic,diagnostic,motivational",2,1,4,
1787764931979719,2,"prognostic,diagnostic,motivational",3,2,4,
502331429498729,2,"prognostic,diagnostic,motivational",3,1,4,
862264216454796,2,"prognostic,diagnostic,motivational",1,2,3,
1120924859827946,2,"prognostic,diagnostic,motivational",1,1,4,
3697563997165529,2,"prognostic,diagnostic,motivational",1,2,4,
563361333525402,2,"prognostic,diagnostic,motivational",0,0,3,
836008519201456,2,"prognostic,diagnostic,motivational",0,0,3,
1795838157939383,2,"prognostic,diagnostic,motivational",3,0,2,
1105377081337626,2,"prognostic,diagnostic,motivational",1,0,3,
1583268090174808,2,"prognostic,diagnostic,motivational",0,0,2,
960480162718522,2,"prognostic,diagnostic,motivational",0,0,4,
1114348719675022,2,"prognostic,diagnostic,motivational",0,0,3,
641879825071949,2,"prognostic,diagnostic,motivational",2,2,4,
770032595345971,2,"prognostic,diagnostic,motivational",1,1,4,
2506644846521720,2,"prognostic,diagnostic,motivational",0,0,4,
1505631080644426,2,"prognostic,diagnostic,motivational",3,4,3,
644989057920877,2,"prognostic,diagnostic,motivational",3,3,4,
1119291902651222,2,"prognostic,diagnostic,motivational",1,1,3,
1359392422161104,2,"prognostic,diagnostic,motivational",0,0,3,
2223917595072359,2,"prognostic,diagnostic,motivational",2,1,4,
1173736320758697,2,"prognostic,diagnostic,motivational",2,4,3,
1020256376513898,2,"prognostic,diagnostic,motivational",2,1,4,
2045465819387827,2,"prognostic,diagnostic,motivational",1,0,0,
1557308712606998,2,"prognostic,diagnostic,motivational",3,4,2,
1075790187003539,2,"prognostic,diagnostic,motivational",4,2,4,
1727704968251662,2,"prognostic,diagnostic,motivational",1,0,4,
3909694869309277,2,"prognostic,diagnostic,motivational",2,4,4,
1037131452184619,2,"prognostic,diagnostic,motivational",3,3,4,
1343881667947562,2,"prognostic,diagnostic,motivational",3,2,4,
1688501955404341,2,"prognostic,diagnostic,motivational",1,0,3,
4532354583682699,2,"prognostic,diagnostic,motivational",3,3,4,
643011201495247,2,"prognostic,diagnostic,motivational",2,1,4,
1004503131723055,3,"prognostic,motivational,diagnostic",2,2,4,
986576306633702,3,"prognostic,motivational,diagnostic",0,0,1,
3770522479929599,3,"prognostic,motivational,diagnostic",0,1,4,
1571666100173668,3,"prognostic,motivational,diagnostic",1,2,4,
872900928251532,3,"prognostic,motivational,diagnostic",3,2,3,
1096722516120605,3,"prognostic,motivational,diagnostic",1,1,4,
8388365957959416,3,"prognostic,motivational,diagnostic",0,0,3,
1734432077346478,3,"prognostic,motivational,diagnostic",2,3,4,
9292622500788338,3,"prognostic,motivational,diagnostic",1,2,4,
994247570097633,3,"prognostic,motivational,diagnostic",0,1,4,
3540266812806293,3,"prognostic,motivational,diagnostic",0,0,0,
1542669927123464,3,"prognostic,motivational,diagnostic",1,2,4,
1017416917705634,3,"prognostic,motivational,diagnostic",2,1,4,
588384047454457,3,"prognostic,motivational,diagnostic",0,0,2,
1580737097387377,3,"prognostic,motivational,diagnostic",2,1,4,
2163450137886845,3,"prognostic,motivational,diagnostic",1,1,4,
631569479650715,3,"prognostic,motivational,diagnostic",0,0,0,
2064243864001823,3,"prognostic,motivational,diagnostic",1,1,4,
1044729717424759,3,"prognostic,motivational,diagnostic",3,0,1,
1605124060129247,3,"prognostic,motivational,diagnostic",0,1,4,
1047446551611297,3,"prognostic,motivational,diagnostic",3,3,2,
2124890891298383,3,"prognostic,motivational,diagnostic",1,1,4,
1205944201669093,3,"prognostic,motivational,diagnostic",3,3,4,
4059316084314035,3,"prognostic,motivational,diagnostic",1,2,4,
627060880017098,3,"prognostic,motivational,diagnostic",2,1,2,
1285820719203630,3,"prognostic,motivational,diagnostic",2,2,3,
1132601994734297,3,"prognostic,motivational,diagnostic",3,1,3,
1953508441820544,3,"prognostic,motivational,diagnostic",0,0,4,
523327920743101,3,"prognostic,motivational,diagnostic",0,0,4,
8750420001660989,3,"prognostic,motivational,diagnostic",3,1,4,
1149026473675176,3,"prognostic,motivational,diagnostic",1,1,4,
875692301191517,3,"prognostic,motivational,diagnostic",0,0,2,
1030871629491993,3,"prognostic,motivational,diagnostic",1,1,3,
1129880068691719,3,"prognostic,motivational,diagnostic",1,3,4,
990544830666031,3,"prognostic,motivational,diagnostic",0,0,3,
582727901332121,3,"prognostic,motivational,diagnostic",2,1,4,
1671847013728676,3,"prognostic,motivational,diagnostic",0,0,2,
1686700248572943,3,"prognostic,motivational,diagnostic",2,3,3,
1546487366060737,3,"prognostic,motivational,diagnostic",0,0,3,
791333399785537,3,"prognostic,motivational,diagnostic",1,1,4,
1699226327600860,3,"prognostic,motivational,diagnostic",1,1,3,
1036451052270601,3,"prognostic,motivational,diagnostic",0,0,2,
920381006909236,3,"prognostic,motivational,diagnostic",3,2,4,
557908700459769,3,"prognostic,motivational,diagnostic",1,1,4,
578026645101465,3,"prognostic,motivational,diagnostic",1,1,4,
1737555863938513,3,"prognostic,motivational,diagnostic",1,2,4,
1357674042363606,3,"prognostic,motivational,diagnostic",0,1,4,
1617063929244758,3,"prognostic,motivational,diagnostic",3,3,3,
1294673574865485,3,"prognostic,motivational,diagnostic",1,1,3,
947888484102797,3,"prognostic,motivational,diagnostic",3,1,3,
564802376558581,3,"prognostic,motivational,diagnostic",2,2,4,
1143430384059784,3,"prognostic,motivational,diagnostic",1,2,4,
586195010884644,3,"prognostic,motivational,diagnostic",0,0,2,
973064850823591,3,"prognostic,motivational,diagnostic",2,0,1,
968057634769764,3,"prognostic,motivational,diagnostic",1,0,3,
1421199075520655,3,"prognostic,motivational,diagnostic",0,1,4,
702303428767640,3,"prognostic,motivational,diagnostic",1,2,4,
613534517927897,3,"prognostic,motivational,diagnostic",2,1,3,
951184693632090,3,"prognostic,motivational,diagnostic",1,1,2,
913475451788936,3,"prognostic,motivational,diagnostic",0,1,3,
916628800456677,3,"prognostic,motivational,diagnostic",0,0,3,
1936586947059889,3,"prognostic,motivational,diagnostic",0,1,4,
1174482520943616,3,"prognostic,motivational,diagnostic",0,0,0,
1275871846977890,3,"prognostic,motivational,diagnostic",2,3,4,
8685466041539840,3,"prognostic,motivational,diagnostic",2,2,4,
971853418275144,3,"prognostic,motivational,diagnostic",0,0,1,
1427650952542789,3,"prognostic,motivational,diagnostic",2,2,4,
571309375845127,3,"prognostic,motivational,diagnostic",3,1,2,
1491957615574748,3,"prognostic,motivational,diagnostic",0,2,1,
2091032871346006,3,"prognostic,motivational,diagnostic",1,3,2,
977262944287748,3,"prognostic,motivational,diagnostic",3,0,1,
1557574411626706,3,"prognostic,motivational,diagnostic",1,2,4,
1244470629952506,3,"prognostic,motivational,diagnostic",2,4,3,
786746683597077,3,"prognostic,motivational,diagnostic",2,3,4,
584543591169281,3,"prognostic,motivational,diagnostic",2,1,4,
836718958419866,3,"prognostic,motivational,diagnostic",1,1,4,
551859234309198,3,"prognostic,motivational,diagnostic",2,2,4,
3421025354697136,3,"prognostic,motivational,diagnostic",0,0,2,
627085859973731,3,"prognostic,motivational,diagnostic",1,0,2,
605274878606992,3,"prognostic,motivational,diagnostic",3,1,3,
1416222146014719,3,"prognostic,motivational,diagnostic",2,3,3,
1555401288311089,3,"prognostic,motivational,diagnostic",0,1,4,
3807106556218299,3,"prognostic,motivational,diagnostic",2,3,3,
560941893598180,3,"prognostic,motivational,diagnostic",3,2,4,
597452026057296,3,"prognostic,motivational,diagnostic",3,2,4,
1702022374449716,3,"prognostic,motivational,diagnostic",3,2,3,
1767750004039041,3,"prognostic,motivational,diagnostic",3,4,2,
1110219197467528,3,"prognostic,motivational,diagnostic",2,0,0,
1748640132374601,3,"prognostic,motivational,diagnostic",0,0,3,
1139497823863554,3,"prognostic,motivational,diagnostic",2,3,4,
1276093303522189,3,"prognostic,motivational,diagnostic",3,2,3,
928300469414178,3,"prognostic,motivational,diagnostic",2,4,4,
1279950183027422,3,"prognostic,motivational,diagnostic",0,1,3,
971524815081454,3,"prognostic,motivational,diagnostic",1,0,4,
1346945740004711,3,"prognostic,motivational,diagnostic",2,1,4,
939444218069995,3,"prognostic,motivational,diagnostic",0,0,1,
615035201479571,3,"prognostic,motivational,diagnostic",1,2,4,
881341791159172,3,"prognostic,motivational,diagnostic",2,3,4,
565107919574753,3,"prognostic,motivational,diagnostic",2,1,4,
560593973644457,3,"prognostic,motivational,diagnostic",2,1,3,
1018416317613877,3,"prognostic,motivational,diagnostic",3,2,4,
1106563191011420,3,"prognostic,motivational,diagnostic",0,0,1,
927058139357131,3,"prognostic,motivational,diagnostic",1,2,3,
1112390856767024,3,"prognostic,motivational,diagnostic",1,1,3,
582883781381555,3,"prognostic,motivational,diagnostic",2,3,2,
4028668074085365,3,"prognostic,motivational,diagnostic",2,2,4,
1252668219343606,3,"prognostic,motivational,diagnostic",2,2,4,
1569643657979640,3,"prognostic,motivational,diagnostic",3,3,2,
595628010034644,3,"prognostic,motivational,diagnostic",1,1,4,
2667351190139885,3,"prognostic,motivational,diagnostic",2,3,4,
912902757216883,3,"prognostic,motivational,diagnostic",1,1,4,
644112671377272,3,"prognostic,motivational,diagnostic",2,1,4,
1582272139347305,3,"prognostic,motivational,diagnostic",3,4,4,
1353261469374916,3,"prognostic,motivational,diagnostic",3,1,4,
927619040412042,3,"prognostic,motivational,diagnostic",0,0,4,
1344277863585581,3,"prognostic,motivational,diagnostic",1,1,3,
591358187098194,3,"prognostic,motivational,diagnostic",1,1,4,
2244860386086839,3,"prognostic,motivational,diagnostic",3,1,3,
1162612125534440,3,"prognostic,motivational,diagnostic",2,2,3,
1744992209393757,3,"prognostic,motivational,diagnostic",2,1,2,
27229796373361422,3,"prognostic,motivational,diagnostic",1,2,4,
1088944663580758,3,"prognostic,motivational,diagnostic",3,1,2,
1087856537092968,3,"prognostic,motivational,diagnostic",0,1,4,
1164087405115870,3,"prognostic,motivational,diagnostic",2,1,3,
1061415150152448,3,"prognostic,motivational,diagnostic",0,1,4,
1110507631310855,3,"prognostic,motivational,diagnostic",0,0,4,
1596139554347776,3,"prognostic,motivational,diagnostic",2,2,4,
959604232902091,3,"prognostic,motivational,diagnostic",3,2,4,
522633413580839,3,"prognostic,motivational,diagnostic",2,0,1,
1335670100800098,3,"prognostic,motivational,diagnostic",3,3,4,
1324873738528449,3,"prognostic,motivational,diagnostic",0,0,1,
1778368512934265,3,"prognostic,motivational,diagnostic",0,0,4,
1726719777876126,3,"prognostic,motivational,diagnostic",2,1,4,
2505204226646655,3,"prognostic,motivational,diagnostic",2,2,3,
1256277215486290,3,"prognostic,motivational,diagnostic",1,1,3,
981885247163115,3,"prognostic,motivational,diagnostic",3,1,4,
1323518098695358,3,"prognostic,motivational,diagnostic",2,1,4,
897014192511331,3,"prognostic,motivational,diagnostic",1,1,4,
1121712089436205,3,"prognostic,motivational,diagnostic",1,1,3,
900593781806901,3,"prognostic,motivational,diagnostic",0,0,3,
1343327011266200,3,"prognostic,motivational,diagnostic",0,0,0,
1090513839393778,3,"prognostic,motivational,diagnostic",0,0,1,
882847390499437,3,"prognostic,motivational,diagnostic",1,3,4,
3887390728182134,3,"prognostic,motivational,diagnostic",0,0,1,
1138759677904405,3,"prognostic,motivational,diagnostic",1,0,2,
1071213912153437,3,"prognostic,motivational,diagnostic",0,1,4,
1340645520257229,3,"prognostic,motivational,diagnostic",0,0,4,
1465668141989085,3,"prognostic,motivational,diagnostic",3,4,3,
1128953431964646,3,"prognostic,motivational,diagnostic",0,1,4,
1024275190195657,3,"prognostic,motivational,diagnostic",3,1,4,
1356881359055488,3,"prognostic,motivational,diagnostic",1,1,4,
1511553430517498,3,"prognostic,motivational,diagnostic",2,1,4,
940957347906174,3,"prognostic,motivational,diagnostic",2,2,4,
2967528553596876,3,"prognostic,motivational,diagnostic",0,0,3,
872031595983597,3,"prognostic,motivational,diagnostic",0,1,4,
1109007447272549,3,"prognostic,motivational,diagnostic",2,2,4,
492540757167632,3,"prognostic,motivational,diagnostic",1,2,4,
565416772796633,3,"prognostic,motivational,diagnostic",1,1,4,
1597111978679445,3,"prognostic,motivational,diagnostic",1,2,3,
1638576126868599,3,"prognostic,motivational,diagnostic",0,1,4,
557778480333701,3,"prognostic,motivational,diagnostic",2,2,4,
1360219564981610,3,"prognostic,motivational,diagnostic",1,1,4,
1248409136221533,3,"prognostic,motivational,diagnostic",0,1,4,
3529636417200068,3,"prognostic,motivational,diagnostic",0,0,2,
9601224049898588,3,"prognostic,motivational,diagnostic",2,2,4,
1526113364720481,3,"prognostic,motivational,diagnostic",2,1,4,
1676037026673195,3,"prognostic,motivational,diagnostic",2,3,4,
2101762656945810,3,"prognostic,motivational,diagnostic",3,2,4,
1141252850895414,3,"prognostic,motivational,diagnostic",2,1,4,
2394097104260963,3,"prognostic,motivational,diagnostic",2,0,1,
1644391329485160,3,"prognostic,motivational,diagnostic",0,0,2,
1316560759461741,3,"prognostic,motivational,diagnostic",2,3,4,
889437226633583,3,"prognostic,motivational,diagnostic",1,1,3,
1001838399500594,3,"prognostic,motivational,diagnostic",2,2,3,
1167817991425214,3,"prognostic,motivational,diagnostic",3,2,4,
583139774690684,3,"prognostic,motivational,diagnostic",3,1,3,
505358838820540,3,"prognostic,motivational,diagnostic",0,0,4,
1219975549306951,3,"prognostic,motivational,diagnostic",2,1,3,
637956195411379,3,"prognostic,motivational,diagnostic",2,3,4,
505915048765304,3,"prognostic,motivational,diagnostic",0,1,3,
1268507504387158,3,"prognostic,motivational,diagnostic",2,3,4,
2025523264749711,3,"prognostic,motivational,diagnostic",0,0,3,
1325615295305651,3,"prognostic,motivational,diagnostic",0,0,0,
1307177300274832,3,"prognostic,motivational,diagnostic",3,3,3,
1105849271555367,3,"prognostic,motivational,diagnostic",0,1,2,
1001643848486680,3,"prognostic,motivational,diagnostic",0,0,2,
1620819912646444,3,"prognostic,motivational,diagnostic",0,1,2,
1093980203013513,3,"prognostic,motivational,diagnostic",0,0,2,
1182140856693729,3,"prognostic,motivational,diagnostic",1,1,3,
3533550263611316,3,"prognostic,motivational,diagnostic",1,2,3,
964937362349500,3,"prognostic,motivational,diagnostic",1,0,2,
1101604428209522,3,"prognostic,motivational,diagnostic",0,1,4,
2623426021440535,3,"prognostic,motivational,diagnostic",1,1,3,
642728508434396,3,"prognostic,motivational,diagnostic",3,0,1,
1807212613443727,3,"prognostic,motivational,diagnostic",0,0,3,
528306336934715,3,"prognostic,motivational,diagnostic",2,3,4,
1154825166021316,3,"prognostic,motivational,diagnostic",3,3,4,
4009220552542785,3,"prognostic,motivational,diagnostic",2,0,3,
1159752695741605,3,"prognostic,motivational,diagnostic",1,4,4,
2096597247439552,3,"prognostic,motivational,diagnostic",0,0,3,
729446615937609,3,"prognostic,motivational,diagnostic",3,4,4,
28234056732947945,3,"prognostic,motivational,diagnostic",3,2,4,
1381871880799391,3,"prognostic,motivational,diagnostic",0,0,3,
3865517963722937,3,"prognostic,motivational,diagnostic",0,0,2,
941101031489902,3,"prognostic,motivational,diagnostic",0,1,3,
1385680270121895,3,"prognostic,motivational,diagnostic",2,1,3,
452377094571215,3,"prognostic,motivational,diagnostic",1,0,3,
1162445539214549,3,"prognostic,motivational,diagnostic",0,0,3,
1751921222823815,3,"prognostic,motivational,diagnostic",3,2,4,
1135432314950335,3,"prognostic,motivational,diagnostic",1,1,4,
1861314848232913,3,"prognostic,motivational,diagnostic",1,2,3,
1298287954646256,3,"prognostic,motivational,diagnostic",0,0,1,
1785107202221602,3,"prognostic,motivational,diagnostic",2,3,4,
1047061054919364,3,"prognostic,motivational,diagnostic",3,3,2,
1240274750402472,3,"prognostic,motivational,diagnostic",1,1,4,
1839775530111085,3,"prognostic,motivational,diagnostic",0,3,4,
1314081963337788,3,"prognostic,motivational,diagnostic",3,2,4,
1153676506462062,3,"prognostic,motivational,diagnostic",3,2,4,
9094544347328343,3,"prognostic,motivational,diagnostic",0,1,3,
2078894792626765,3,"prognostic,motivational,diagnostic",3,4,3,
1167803648065392,3,"prognostic,motivational,diagnostic",0,0,2,
642855184831307,3,"prognostic,motivational,diagnostic",3,2,3,
1180226723461521,3,"prognostic,motivational,diagnostic",2,4,3,
2010790526420926,3,"prognostic,motivational,diagnostic",3,3,2,
613954871215289,3,"prognostic,motivational,diagnostic",1,3,4,
1023177319840343,3,"prognostic,motivational,diagnostic",3,0,1,
961695723586392,3,"prognostic,motivational,diagnostic",1,2,4,
2948217645332897,3,"prognostic,motivational,diagnostic",2,3,4,
1300809004490571,3,"prognostic,motivational,diagnostic",3,3,2,
1139405321746766,3,"prognostic,motivational,diagnostic",1,0,3,
587537370312703,3,"prognostic,motivational,diagnostic",3,3,4,
918158767027646,3,"prognostic,motivational,diagnostic",3,1,4,
1172593521119516,3,"prognostic,motivational,diagnostic",1,2,4,
1013492410600438,3,"prognostic,motivational,diagnostic",0,1,4,
926437556285879,3,"prognostic,motivational,diagnostic",1,1,4,
789095773523166,3,"prognostic,motivational,diagnostic",1,0,4,
1369654392003292,3,"prognostic,motivational,diagnostic",3,2,4,
538147732576294,3,"prognostic,motivational,diagnostic",0,0,3,
1530318172180937,3,"prognostic,motivational,diagnostic",3,1,4,
1019994400674907,3,"prognostic,motivational,diagnostic",2,1,4,
1737670004108398,3,"prognostic,motivational,diagnostic",2,4,3,
496535876797581,3,"prognostic,motivational,diagnostic",2,2,3,
628789132881989,3,"prognostic,motivational,diagnostic",0,0,2,
1144430307123709,3,"prognostic,motivational,diagnostic",3,0,1,
1123379499503686,3,"prognostic,motivational,diagnostic",0,2,3,
1090866280264783,3,"prognostic,motivational,diagnostic",0,0,4,
912698694775418,3,"prognostic,motivational,diagnostic",1,0,3,
1102078804756730,3,"prognostic,motivational,diagnostic",2,2,4,
999733152043771,3,"prognostic,motivational,diagnostic",1,0,3,
627348723115228,3,"prognostic,motivational,diagnostic",2,2,4,
2305187093551012,3,"prognostic,motivational,diagnostic",2,1,3,
1602616590647060,3,"prognostic,motivational,diagnostic",3,0,1,
1313940563145758,3,"prognostic,motivational,diagnostic",3,3,4,
1494132641233963,3,"prognostic,motivational,diagnostic",4,3,4,
27836035999327933,3,"prognostic,motivational,diagnostic",4,2,2,
1631990224379637,3,"prognostic,motivational,diagnostic",0,0,2,
964847671778996,3,"prognostic,motivational,diagnostic",3,4,3,
1130896785190840,3,"prognostic,motivational,diagnostic",1,1,3,
1153575379658603,3,"prognostic,motivational,diagnostic",0,0,0,
577694035076389,3,"prognostic,motivational,diagnostic",1,1,4,
1522978445526284,3,"prognostic,motivational,diagnostic",2,3,4,
1150201079927301,3,"prognostic,motivational,diagnostic",0,0,2,
31916417661305278,3,"prognostic,motivational,diagnostic",1,2,3,
1355758026482657,3,"prognostic,motivational,diagnostic",1,0,3,
1753527622329876,3,"prognostic,motivational,diagnostic",4,1,4,
628912389807029,3,"prognostic,motivational,diagnostic",2,2,2,
1765908070772859,3,"prognostic,motivational,diagnostic",3,3,3,
2377068735970342,3,"prognostic,motivational,diagnostic",3,2,1,
1349791203909489,3,"prognostic,motivational,diagnostic",2,2,4,
246590181839932,3,"prognostic,motivational,diagnostic",3,3,3,
1860002394535768,3,"prognostic,motivational,diagnostic",4,2,3,
1268687247577115,3,"prognostic,motivational,diagnostic",0,0,1,
1527203968089244,3,"prognostic,motivational,diagnostic",3,1,3,
29141681145420997,3,"prognostic,motivational,diagnostic",1,1,4,
1103470104513057,3,"prognostic,motivational,diagnostic",4,3,4,
1171885334845908,3,"prognostic,motivational,diagnostic",0,0,3,
1323650455427629,3,"prognostic,motivational,diagnostic",2,4,4,
1159213252055146,3,"prognostic,motivational,diagnostic",2,1,4,
942806181333797,3,"prognostic,motivational,diagnostic",0,0,3,
1132472591645347,3,"prognostic,motivational,diagnostic",3,4,4,
1608009133159434,3,"prognostic,motivational,diagnostic",2,3,4,
610001105316843,3,"prognostic,motivational,diagnostic",0,1,4,
2287009621769492,3,"prognostic,motivational,diagnostic",2,3,3,
1164544125235730,3,"prognostic,motivational,diagnostic",2,1,3,
1325254518632241,3,"prognostic,motivational,diagnostic",2,1,4,
3307650739425087,3,"prognostic,motivational,diagnostic",1,1,4,
4149346405286858,3,"prognostic,motivational,diagnostic",1,3,4,
488295704009004,3,"prognostic,motivational,diagnostic",1,1,2,
996053905897322,3,"prognostic,motivational,diagnostic",1,2,3,
2871941139860992,3,"prognostic,motivational,diagnostic",1,3,3,
1112127563124094,3,"prognostic,motivational,diagnostic",2,3,3,
1464775691476590,3,"prognostic,motivational,diagnostic",3,3,4,
1378973854302100,3,"prognostic,motivational,diagnostic",2,1,3,
2060264901062971,3,"prognostic,motivational,diagnostic",3,2,3,
1572544274268360,3,"prognostic,motivational,diagnostic",2,1,4,
810171201464405,3,"prognostic,motivational,diagnostic",3,3,4,
1513546742641351,3,"prognostic,motivational,diagnostic",3,3,4,
1322499352226405,3,"prognostic,motivational,diagnostic",1,1,4,
973228711436163,3,"prognostic,motivational,diagnostic",3,3,3,
928163632119708,3,"prognostic,motivational,diagnostic",3,2,3,
1415618119847636,3,"prognostic,motivational,diagnostic",1,1,4,
1434647893756140,3,"prognostic,motivational,diagnostic",2,1,4,
1125669819042012,3,"prognostic,motivational,diagnostic",2,3,4,
869378952074780,3,"prognostic,motivational,diagnostic",2,4,3,
1481052259892568,3,"prognostic,motivational,diagnostic",0,2,4,
634373459059649,3,"prognostic,motivational,diagnostic",3,3,3,
588564834147391,3,"prognostic,motivational,diagnostic",1,2,4,
1363961424973333,3,"prognostic,motivational,diagnostic",2,2,4,
1249699146124138,3,"prognostic,motivational,diagnostic",1,0,3,
1138561157910979,3,"prognostic,motivational,diagnostic",1,0,1,
595776006650840,3,"prognostic,motivational,diagnostic",0,0,0,
1619147075359567,3,"prognostic,motivational,diagnostic",2,2,4,
504048502299324,3,"prognostic,motivational,diagnostic",2,0,1,
1376603564616886,3,"prognostic,motivational,diagnostic",0,0,1,
1375290781336448,3,"prognostic,motivational,diagnostic",0,2,4,
8917507201693780,3,"prognostic,motivational,diagnostic",2,4,3,
3829000734018338,3,"prognostic,motivational,diagnostic",2,2,4,
28369188422695937,3,"prognostic,motivational,diagnostic",0,0,1,
1151206256562760,3,"prognostic,motivational,diagnostic",0,0,1,
971275821732948,3,"prognostic,motivational,diagnostic",1,3,4,
477323358559881,3,"prognostic,motivational,diagnostic",0,1,4,
1178325543960476,3,"prognostic,motivational,diagnostic",3,1,4,
1264671691444781,3,"prognostic,motivational,diagnostic",3,1,1,
3226818764186422,3,"prognostic,motivational,diagnostic",1,1,4,
1890737954798536,3,"prognostic,motivational,diagnostic",0,1,4,
1017901496839436,3,"prognostic,motivational,diagnostic",3,4,3,
1695275168081109,3,"prognostic,motivational,diagnostic",2,2,3,
923270146061347,3,"prognostic,motivational,diagnostic",1,3,3,
936637641925537,3,"prognostic,motivational,diagnostic",3,0,2,
1009525087604267,3,"prognostic,motivational,diagnostic",3,3,4,
599340886138963,3,"prognostic,motivational,diagnostic",2,0,1,
1132713511827830,3,"prognostic,motivational,diagnostic",3,2,3,
625771769960010,3,"prognostic,motivational,diagnostic",1,3,4,
1752338969339867,3,"prognostic,motivational,diagnostic",3,1,4,
1068702505657605,3,"prognostic,motivational,diagnostic",1,1,4,
1153568076284988,3,"prognostic,motivational,diagnostic",3,4,3,
650560300877069,3,"prognostic,motivational,diagnostic",3,1,4,
1312915886854911,3,"prognostic,motivational,diagnostic",3,2,4,
1141802087303652,3,"prognostic,motivational,diagnostic",3,3,4,
1584916386239678,3,"prognostic,motivational,diagnostic",2,0,1,
1467728542037250,3,"prognostic,motivational,diagnostic",1,2,4,
1295223151601261,3,"prognostic,motivational,diagnostic",1,1,4,
1119338906184572,3,"prognostic,motivational,diagnostic",1,2,2,
1046849940818421,3,"prognostic,motivational,diagnostic",2,3,4,
871191371882687,3,"prognostic,motivational,diagnostic",0,1,4,
1338342257520870,3,"prognostic,motivational,diagnostic",1,3,3,
1668594454360042,3,"prognostic,motivational,diagnostic",1,0,2,
933380451728405,3,"prognostic,motivational,diagnostic",3,4,3,
1807152293373908,3,"prognostic,motivational,diagnostic",0,0,2,
1751866736140220,3,"prognostic,motivational,diagnostic",0,0,1,
1105115374523422,3,"prognostic,motivational,diagnostic",1,1,4,
1745224453085480,3,"prognostic,motivational,diagnostic",0,0,3,
1075582450977167,3,"prognostic,motivational,diagnostic",3,3,4,
27795093930134591,3,"prognostic,motivational,diagnostic",2,1,3,
1119702199625097,3,"prognostic,motivational,diagnostic",2,3,4,
1103997415620093,3,"prognostic,motivational,diagnostic",1,0,2,
3544551529036184,3,"prognostic,motivational,diagnostic",3,2,4,
496511290143531,3,"prognostic,motivational,diagnostic",3,3,4,
1167473458130701,3,"prognostic,motivational,diagnostic",3,3,2,
1552432082134915,3,"prognostic,motivational,diagnostic",3,4,4,
876363891122073,3,"prognostic,motivational,diagnostic",4,4,4,
881900324120115,3,"prognostic,motivational,diagnostic",0,0,3,
1092590829335100,3,"prognostic,motivational,diagnostic",2,3,4,
1454095730088187,3,"prognostic,motivational,diagnostic",2,1,2,
2120473025179735,3,"prognostic,motivational,diagnostic",1,2,4,
628358093497779,3,"prognostic,motivational,diagnostic",2,3,4,
587863230320742,3,"prognostic,motivational,diagnostic",2,4,4,
1163408241797386,3,"prognostic,motivational,diagnostic",0,0,4,
1753388552327919,3,"prognostic,motivational,diagnostic",2,3,2,
625008463314844,3,"prognostic,motivational,diagnostic",2,3,3,
1064587625433616,3,"prognostic,motivational,diagnostic",1,2,2,
24899504139702726,3,"prognostic,motivational,diagnostic",3,3,4,
7625946067438176,3,"prognostic,motivational,diagnostic",1,1,3,
544916901695234,3,"prognostic,motivational,diagnostic",2,3,4,
1060197759683088,3,"prognostic,motivational,diagnostic",0,1,4,
849157107151746,3,"prognostic,motivational,diagnostic",1,1,4,
826341583837601,3,"prognostic,motivational,diagnostic",1,1,4,
1687554141840343,3,"prognostic,motivational,diagnostic",2,4,4,
1101356455100730,3,"prognostic,motivational,diagnostic",3,2,4,
1136857761240979,3,"prognostic,motivational,diagnostic",0,1,3,
962485069150922,3,"prognostic,motivational,diagnostic",2,3,4,
1342706304485324,3,"prognostic,motivational,diagnostic",2,1,4,
1627762551459970,3,"prognostic,motivational,diagnostic",3,4,4,
638455512423468,3,"prognostic,motivational,diagnostic",0,0,3,
2437239313464978,3,"prognostic,motivational,diagnostic",2,3,2,
475743548920299,3,"prognostic,motivational,diagnostic",0,1,4,
980824964756129,3,"prognostic,motivational,diagnostic",1,1,4,
1309349340159926,3,"prognostic,motivational,diagnostic",4,3,4,
1742117206362491,3,"prognostic,motivational,diagnostic",0,0,3,
1607626360173005,3,"prognostic,motivational,diagnostic",1,2,3,
1517607965598211,3,"prognostic,motivational,diagnostic",0,0,1,
3879800372293659,3,"prognostic,motivational,diagnostic",0,0,3,
1338244810647906,3,"prognostic,motivational,diagnostic",0,0,2,
27738599622421661,3,"prognostic,motivational,diagnostic",2,4,3,
543485655157961,3,"prognostic,motivational,diagnostic",3,4,4,
1722298418413010,3,"prognostic,motivational,diagnostic",1,1,4,
324405636756110,3,"prognostic,motivational,diagnostic",2,3,4,
1347207780158364,3,"prognostic,motivational,diagnostic",3,2,4,
568436806349176,3,"prognostic,motivational,diagnostic",0,1,4,
1146913779706662,3,"prognostic,motivational,diagnostic",3,3,4,
650709654185903,3,"prognostic,motivational,diagnostic",0,1,3,
522659246897684,3,"prognostic,motivational,diagnostic",3,2,4,
927742912885174,3,"prognostic,motivational,diagnostic",3,2,4,
946283730400848,3,"prognostic,motivational,diagnostic",0,1,4,
3794586830792819,3,"prognostic,motivational,diagnostic",0,0,2,
2082049612706684,3,"prognostic,motivational,diagnostic",0,1,4,
2155741614845758,3,"prognostic,motivational,diagnostic",3,3,3,
960755249346351,3,"prognostic,motivational,diagnostic",3,2,4,
1155427983254169,3,"prognostic,motivational,diagnostic",1,2,4,
1793547724831765,3,"prognostic,motivational,diagnostic",3,3,4,
1698029974389893,3,"prognostic,motivational,diagnostic",3,1,2,
2599019460296232,3,"prognostic,motivational,diagnostic",0,0,2,
1047908584804946,3,"prognostic,motivational,diagnostic",2,2,3,
1006763272214551,3,"prognostic,motivational,diagnostic",0,1,4,
600519346017928,3,"prognostic,motivational,diagnostic",3,1,3,
4604518506463144,3,"prognostic,motivational,diagnostic",2,1,3,
946853370418614,3,"prognostic,motivational,diagnostic",3,4,3,
2482323105309504,3,"prognostic,motivational,diagnostic",0,2,4,
581574761078245,3,"prognostic,motivational,diagnostic",2,3,4,
1343176103358713,3,"prognostic,motivational,diagnostic",1,0,3,
947538870601602,3,"prognostic,motivational,diagnostic",0,1,3,
576178875416265,3,"prognostic,motivational,diagnostic",2,3,2,
595262939806991,3,"prognostic,motivational,diagnostic",3,3,4,
1695119571431099,3,"prognostic,motivational,diagnostic",3,1,4,
1068860116076585,3,"prognostic,motivational,diagnostic",0,0,3,
1288043192546444,3,"prognostic,motivational,diagnostic",1,0,3,
636471479048324,3,"prognostic,motivational,diagnostic",2,1,4,
1785683608894947,3,"prognostic,motivational,diagnostic",3,2,3,
636455442657867,3,"prognostic,motivational,diagnostic",0,0,3,
584897268031340,3,"prognostic,motivational,diagnostic",1,0,4,
960620502234230,3,"prognostic,motivational,diagnostic",0,0,1,
1162250172264952,3,"prognostic,motivational,diagnostic",3,4,4,
593841340275645,3,"prognostic,motivational,diagnostic",3,3,4,
2923963877759784,3,"prognostic,motivational,diagnostic",1,2,4,
3560512714251617,3,"prognostic,motivational,diagnostic",1,0,0,
1312601259770344,3,"prognostic,motivational,diagnostic",0,0,2,
1397816257854996,3,"prognostic,motivational,diagnostic",3,1,4,
1139906064511067,3,"prognostic,motivational,diagnostic",1,1,4,
1548387863394886,3,"prognostic,motivational,diagnostic",1,0,4,
1282925939636044,3,"prognostic,motivational,diagnostic",3,1,4,
2886501091686351,3,"prognostic,motivational,diagnostic",3,4,4,
1756604011794560,3,"prognostic,motivational,diagnostic",1,0,4,
835672528671875,3,"prognostic,motivational,diagnostic",2,1,4,
2682079961999500,3,"prognostic,motivational,diagnostic",2,2,4,
1557503174941787,3,"prognostic,motivational,diagnostic",3,1,4,
1159598182243369,3,"prognostic,motivational,diagnostic",0,0,4,
1376247050643634,3,"prognostic,motivational,diagnostic",3,3,4,
472872475689313,3,"prognostic,motivational,diagnostic",0,0,4,
1534868720510659,3,"prognostic,motivational,diagnostic",3,3,4,
28055589927437528,3,"prognostic,motivational,diagnostic",0,2,4,
1331711658568816,3,"prognostic,motivational,diagnostic",2,1,2,
966678818265906,3,"prognostic,motivational,diagnostic",3,1,3,
2132085920561958,3,"prognostic,motivational,diagnostic",1,0,4,
1684709418759066,3,"prognostic,motivational,diagnostic",0,0,4,
3212967505759929,3,"prognostic,motivational,diagnostic",0,1,4,
2809177186136059,3,"prognostic,motivational,diagnostic",4,4,4,
1088767682969099,3,"prognostic,motivational,diagnostic",1,3,4,
520926931003086,3,"prognostic,motivational,diagnostic",1,4,4,
1194400998915350,3,"prognostic,motivational,diagnostic",4,1,3,
1338233697601165,3,"prognostic,motivational,diagnostic",2,2,4,
1826700731463016,3,"prognostic,motivational,diagnostic",3,3,3,
1306747133969324,3,"prognostic,motivational,diagnostic",3,2,4,
626448026518453,3,"prognostic,motivational,diagnostic",1,0,3,
1587760448551064,3,"prognostic,motivational,diagnostic",3,3,4,
508854305103985,3,"prognostic,motivational,diagnostic",1,1,4,
1572138990115190,3,"prognostic,motivational,diagnostic",1,1,4,
9047592588695695,3,"prognostic,motivational,diagnostic",2,1,4,
523749446799261,3,"prognostic,motivational,diagnostic",2,4,3,
2752288754958328,3,"prognostic,motivational,diagnostic",3,4,4,
1661400697783308,3,"prognostic,motivational,diagnostic",2,2,4,
1542251537654170,3,"prognostic,motivational,diagnostic",2,1,2,
792076536457329,3,"prognostic,motivational,diagnostic",1,1,4,
8998014366930279,3,"prognostic,motivational,diagnostic",0,1,4,
633597492377179,3,"prognostic,motivational,diagnostic",0,0,1,
1659836121893490,3,"prognostic,motivational,diagnostic",1,0,3,
634201975726685,3,"prognostic,motivational,diagnostic",2,1,4,
587894070754705,3,"prognostic,motivational,diagnostic",0,0,3,
1714997212765680,3,"prognostic,motivational,diagnostic",0,1,4,
1034558675100354,3,"prognostic,motivational,diagnostic",3,3,4,
1364196918087501,3,"prognostic,motivational,diagnostic",0,0,0,
538809485868846,3,"prognostic,motivational,diagnostic",0,0,2,
635330319149259,3,"prognostic,motivational,diagnostic",1,1,4,
1089607840420451,3,"prognostic,motivational,diagnostic",3,4,4,
1180654983670108,3,"prognostic,motivational,diagnostic",3,3,3,
1015003297121861,3,"prognostic,motivational,diagnostic",3,4,3,
610035641759187,3,"prognostic,motivational,diagnostic",1,0,4,
1379558054135765,3,"prognostic,motivational,diagnostic",1,0,3,
1976951792803502,3,"prognostic,motivational,diagnostic",0,0,4,
1564372007557607,3,"prognostic,motivational,diagnostic",2,0,3,
1440889143167119,3,"prognostic,motivational,diagnostic",2,3,4,
638355381866380,3,"prognostic,motivational,diagnostic",3,2,3,
547322564995907,3,"prognostic,motivational,diagnostic",0,0,1,
2134388706978446,3,"prognostic,motivational,diagnostic",2,2,4,
3132531896894159,3,"prognostic,motivational,diagnostic",4,3,4,
9055276384566724,3,"prognostic,motivational,diagnostic",2,3,4,
1327727771567436,3,"prognostic,motivational,diagnostic",0,0,4,
579555931292939,3,"prognostic,motivational,diagnostic",0,1,4,
1475772606730267,3,"prognostic,motivational,diagnostic",2,1,4,
3882901041971953,3,"prognostic,motivational,diagnostic",0,0,3,
1358568702205411,3,"prognostic,motivational,diagnostic",3,2,3,
1071360968077004,3,"prognostic,motivational,diagnostic",3,3,4,
1811876849564837,3,"prognostic,motivational,diagnostic",0,1,4,
1846546673382304,3,"prognostic,motivational,diagnostic",0,0,4,
1633530743940987,3,"prognostic,motivational,diagnostic",0,0,1,
958124715892608,3,"prognostic,motivational,diagnostic",3,3,4,
1180543637059351,3,"prognostic,motivational,diagnostic",0,0,4,
933169514882637,3,"prognostic,motivational,diagnostic",2,2,4,
1154291039604762,3,"prognostic,motivational,diagnostic",4,2,4,
9114470175295400,3,"prognostic,motivational,diagnostic",0,0,2,
3393637324105532,3,"prognostic,motivational,diagnostic",0,1,3,
1173981434312320,3,"prognostic,motivational,diagnostic",1,1,4,
8980212418694167,3,"prognostic,motivational,diagnostic",3,1,1,
515428014372248,3,"prognostic,motivational,diagnostic",3,4,4,
1049599059461670,3,"prognostic,motivational,diagnostic",1,2,2,
3840336412779103,3,"prognostic,motivational,diagnostic",0,0,4,
2056688891411056,3,"prognostic,motivational,diagnostic",3,2,4,
360638860220672,3,"prognostic,motivational,diagnostic",4,3,3,
1006673771315119,3,"prognostic,motivational,diagnostic",1,0,3,
1333389804337138,3,"prognostic,motivational,diagnostic",0,0,4,
914314723366904,3,"prognostic,motivational,diagnostic",4,1,1,
873749384924899,3,"prognostic,motivational,diagnostic",0,1,4,
598459456489878,3,"prognostic,motivational,diagnostic",2,4,4,
933822265549352,3,"prognostic,motivational,diagnostic",2,3,4,
1515241282489669,3,"prognostic,motivational,diagnostic",2,2,4,
587016040924199,3,"prognostic,motivational,diagnostic",2,1,3,
1537633216947607,3,"prognostic,motivational,diagnostic",3,2,4,
827011356444623,3,"prognostic,motivational,diagnostic",3,1,4,
1346543896705986,3,"prognostic,motivational,diagnostic",0,1,4,
1302104844314553,3,"prognostic,motivational,diagnostic",1,1,4,
1255791389010513,3,"prognostic,motivational,diagnostic",0,1,3,
961167385370620,3,"prognostic,motivational,diagnostic",3,4,4,
1202695668151339,3,"prognostic,motivational,diagnostic",3,1,4,
559489620166115,3,"prognostic,motivational,diagnostic",0,1,4,
1561307458046039,3,"prognostic,motivational,diagnostic",2,1,3,
1672512949971288,3,"prognostic,motivational,diagnostic",1,1,3,
2827621167397521,3,"prognostic,motivational,diagnostic",2,4,4,
585790967696364,3,"prognostic,motivational,diagnostic",3,3,4,
1277293756813316,3,"prognostic,motivational,diagnostic",2,1,4,
609325648201418,3,"prognostic,motivational,diagnostic",3,3,3,
1134658984835680,3,"prognostic,motivational,diagnostic",0,0,1,
1041442765461611,3,"prognostic,motivational,diagnostic",0,1,4,
895486739356537,3,"prognostic,motivational,diagnostic",2,3,4,
1720456419409838,3,"prognostic,motivational,diagnostic",2,1,3,
1613125325978380,3,"prognostic,motivational,diagnostic",3,4,4,
526650520153024,3,"prognostic,motivational,diagnostic",0,0,1,
1725532181792914,3,"prognostic,motivational,diagnostic",0,0,3,
1614416165843361,3,"prognostic,motivational,diagnostic",2,0,2,
1142801667468407,3,"prognostic,motivational,diagnostic",1,1,3,
958685859797658,3,"prognostic,motivational,diagnostic",2,1,4,
583894344436220,3,"prognostic,motivational,diagnostic",1,4,4,
1314877529935664,3,"prognostic,motivational,diagnostic",0,0,4,
2425312574537750,3,"prognostic,motivational,diagnostic",0,0,3,
1087444226406189,3,"prognostic,motivational,diagnostic",2,4,3,
1338104730439348,3,"prognostic,motivational,diagnostic",0,1,3,
779394308199571,3,"prognostic,motivational,diagnostic",0,1,4,
1672589620273440,3,"prognostic,motivational,diagnostic",3,2,4,
633591589133702,3,"prognostic,motivational,diagnostic",0,0,1,
1662079031048157,3,"prognostic,motivational,diagnostic",1,1,4,
414515324411471,3,"prognostic,motivational,diagnostic",3,1,2,
1290984838850680,3,"prognostic,motivational,diagnostic",2,1,3,
1778257966326597,3,"prognostic,motivational,diagnostic",0,0,1,
822084626722536,3,"prognostic,motivational,diagnostic",3,4,4,
1127204155369035,3,"prognostic,motivational,diagnostic",4,3,4,
593346286786907,3,"prognostic,motivational,diagnostic",1,0,4,
429298543507772,3,"prognostic,motivational,diagnostic",1,2,4,
439799842290683,3,"prognostic,motivational,diagnostic",2,4,4,
2280201212364794,3,"prognostic,motivational,diagnostic",3,3,4,
1811190153024111,3,"prognostic,motivational,diagnostic",2,2,4,
1624249384970057,3,"prognostic,motivational,diagnostic",2,3,4,
1344250603597746,3,"prognostic,motivational,diagnostic",4,2,4,
1764237197749497,3,"prognostic,motivational,diagnostic",1,3,4,
638767411940431,3,"prognostic,motivational,diagnostic",2,1,4,
1701003677148504,3,"prognostic,motivational,diagnostic",1,0,3,
1021415510004833,3,"prognostic,motivational,diagnostic",3,2,4,
1003427188273125,3,"prognostic,motivational,diagnostic",3,2,4,
8999727590122819,3,"prognostic,motivational,diagnostic",2,0,1,
2765323030527576,3,"prognostic,motivational,diagnostic",0,0,3,
1278158756731694,3,"prognostic,motivational,diagnostic",1,0,1,
9405654456152333,3,"prognostic,motivational,diagnostic",0,0,4,
1625184371438425,3,"prognostic,motivational,diagnostic",2,1,4,
1508444343184352,3,"prognostic,motivational,diagnostic",2,1,4,
2030191094059735,3,"prognostic,motivational,diagnostic",0,0,1,
1683730972178979,3,"prognostic,motivational,diagnostic",3,3,4,
604564485611975,3,"prognostic,motivational,diagnostic",2,1,4,
1137550961252839,3,"prognostic,motivational,diagnostic",2,3,4,
1298223494659498,3,"prognostic,motivational,diagnostic",3,2,3,
1554937718524511,3,"prognostic,motivational,diagnostic",4,2,4,
1651498185466984,3,"prognostic,motivational,diagnostic",3,4,3,
977103624526802,3,"prognostic,motivational,diagnostic",2,2,3,
967151299724765,3,"prognostic,motivational,diagnostic",1,1,2,
627826272994347,3,"prognostic,motivational,diagnostic",0,0,3,
2864674767077028,3,"prognostic,motivational,diagnostic",3,3,3,
373623262125302,3,"prognostic,motivational,diagnostic",3,2,4,
795521402768059,3,"prognostic,motivational,diagnostic",2,1,1,
308797011822434,3,"prognostic,motivational,diagnostic",1,4,4,
2085979901997400,3,"prognostic,motivational,diagnostic",0,0,2,
1118539566638090,3,"prognostic,motivational,diagnostic",0,0,0,
1308477520172183,3,"prognostic,motivational,diagnostic",1,0,0,
1400610815220594,3,"prognostic,motivational,diagnostic",0,0,3,
3015703085251906,3,"prognostic,motivational,diagnostic",3,3,4,
315416178126117,3,"prognostic,motivational,diagnostic",3,2,4,
594411406365307,3,"prognostic,motivational,diagnostic",0,0,3,
978050490413988,3,"prognostic,motivational,diagnostic",2,3,3,
854700756410365,3,"prognostic,motivational,diagnostic",4,3,3,
980757587266208,3,"prognostic,motivational,diagnostic",1,1,4,
1794467628072580,3,"prognostic,motivational,diagnostic",0,3,4,
918614553293789,3,"prognostic,motivational,diagnostic",3,3,4,
1285854235993389,3,"prognostic,motivational,diagnostic",3,1,2,
2644508029687648,3,"prognostic,motivational,diagnostic",1,1,2,
2001394133661743,3,"prognostic,motivational,diagnostic",3,3,4,
378473108223970,3,"prognostic,motivational,diagnostic",4,3,4,
365190452739535,3,"prognostic,motivational,diagnostic",4,1,3,
2122646278181832,3,"prognostic,motivational,diagnostic",3,2,3,
1550497362929348,3,"prognostic,motivational,diagnostic",1,3,4,
243035242144898,3,"prognostic,motivational,diagnostic",3,0,2,
2640637069659799,3,"prognostic,motivational,diagnostic",2,3,4,
2371568689695186,3,"prognostic,motivational,diagnostic",3,2,3,
4341409302795035,3,"prognostic,motivational,diagnostic",4,1,2,
1573112560008763,3,"prognostic,motivational,diagnostic",0,0,0,
1581681482803577,3,"prognostic,motivational,diagnostic",0,0,4,
1734664617109929,3,"prognostic,motivational,diagnostic",0,1,3,
987326573290137,3,"prognostic,motivational,diagnostic",3,2,1,
945466170785106,3,"prognostic,motivational,diagnostic",1,3,4,
2614148855709708,3,"prognostic,motivational,diagnostic",4,3,4,
4037421899912527,3,"prognostic,motivational,diagnostic",0,0,3,
2240447803425595,3,"prognostic,motivational,diagnostic",0,0,4,
1285847159361405,3,"prognostic,motivational,diagnostic",2,3,4,
9060383254008888,3,"prognostic,motivational,diagnostic",2,1,4,
1325938385388823,3,"prognostic,motivational,diagnostic",1,2,4,
690127840172654,3,"prognostic,motivational,diagnostic",0,0,2,
1611924403657672,3,"prognostic,motivational,diagnostic",1,0,2,
1157314285973209,3,"prognostic,motivational,diagnostic",3,2,3,
1596461861073063,3,"prognostic,motivational,diagnostic",0,0,4,
866315409015403,3,"prognostic,motivational,diagnostic",3,3,3,
623467490275834,3,"prognostic,motivational,diagnostic",2,2,4,
1514306183216402,3,"prognostic,motivational,diagnostic",0,1,4,
1015009384469536,3,"prognostic,motivational,diagnostic",2,1,4,
443764781869374,3,"prognostic,motivational,diagnostic",2,3,4,
1408457043445048,3,"prognostic,motivational,diagnostic",3,2,4,
1744153463406976,3,"prognostic,motivational,diagnostic",1,1,4,
1842297899508614,3,"prognostic,motivational,diagnostic",0,0,2,
920306709889225,3,"prognostic,motivational,diagnostic",3,3,3,
1375689677775852,3,"prognostic,motivational,diagnostic",2,2,3,
596081206468549,3,"prognostic,motivational,diagnostic",1,0,3,
1992725481503756,3,"prognostic,motivational,diagnostic",2,2,4,
471761559147616,3,"prognostic,motivational,diagnostic",0,0,4,
1776876496486344,3,"prognostic,motivational,diagnostic",3,1,3,
24679996915001602,3,"prognostic,motivational,diagnostic",4,4,4,
473791479106948,3,"prognostic,motivational,diagnostic",0,0,0,
1693150701551734,3,"prognostic,motivational,diagnostic",3,3,4,
1510909723690629,3,"prognostic,motivational,diagnostic",3,3,4,
1590931678482939,3,"prognostic,motivational,diagnostic",3,2,4,
598297086160296,3,"prognostic,motivational,diagnostic",2,3,4,
1148545780314022,3,"prognostic,motivational,diagnostic",0,0,3,
989701979725469,3,"prognostic,motivational,diagnostic",0,0,0,
1830143677788157,3,"prognostic,motivational,diagnostic",1,1,3,
602282142558517,3,"prognostic,motivational,diagnostic",0,0,4,
619046604231016,3,"prognostic,motivational,diagnostic",1,1,3,
1034848342244274,3,"prognostic,motivational,diagnostic",0,0,0,
492621239825612,3,"prognostic,motivational,diagnostic",0,0,4,
4275978315964899,3,"prognostic,motivational,diagnostic",1,0,1,
324715133739643,3,"prognostic,motivational,diagnostic",3,1,4,
2612998049047136,3,"prognostic,motivational,diagnostic",2,4,4,
838438471416006,3,"prognostic,motivational,diagnostic",2,2,3,
1202587894175745,3,"prognostic,motivational,diagnostic",3,2,3,
861941400209791,3,"prognostic,motivational,diagnostic",1,0,1,
1666697700922484,3,"prognostic,motivational,diagnostic",2,1,4,
963081928677045,3,"prognostic,motivational,diagnostic",3,2,4,
1047060954457939,3,"prognostic,motivational,diagnostic",0,1,3,
1467120287206208,3,"prognostic,motivational,diagnostic",1,0,3,
1156474766037332,3,"prognostic,motivational,diagnostic",1,0,1,
1654458612114372,3,"prognostic,motivational,diagnostic",0,1,4,
27444131088539193,3,"prognostic,motivational,diagnostic",1,1,4,
1664714238996685,3,"prognostic,motivational,diagnostic",2,2,4,
1174378884020022,3,"prognostic,motivational,diagnostic",2,1,4,
616554067446868,3,"prognostic,motivational,diagnostic",1,2,4,
1384999402909325,3,"prognostic,motivational,diagnostic",3,2,3,
781216904865154,3,"prognostic,motivational,diagnostic",1,2,4,
1053984950914220,3,"prognostic,motivational,diagnostic",0,0,3,
1541507243225095,3,"prognostic,motivational,diagnostic",3,2,3,
912912760936284,3,"prognostic,motivational,diagnostic",3,1,3,
1835032003933491,3,"prognostic,motivational,diagnostic",1,0,3,
1273792983903431,3,"prognostic,motivational,diagnostic",1,1,4,
1341291163962380,3,"prognostic,motivational,diagnostic",1,2,4,
975092294541669,3,"prognostic,motivational,diagnostic",3,1,3,
1323487428984613,3,"prognostic,motivational,diagnostic",0,0,3,
589273970237907,3,"prognostic,motivational,diagnostic",2,2,4,
1036780938494383,3,"prognostic,motivational,diagnostic",0,0,3,
1130119396342417,3,"prognostic,motivational,diagnostic",1,0,1,
2936141996746504,3,"prognostic,motivational,diagnostic",0,0,4,
2292817127915719,3,"prognostic,motivational,diagnostic",1,1,3,
1473361836551436,3,"prognostic,motivational,diagnostic",3,3,4,
1087860509693015,3,"prognostic,motivational,diagnostic",1,1,4,
587994484154984,3,"prognostic,motivational,diagnostic",0,0,1,
604363578898563,3,"prognostic,motivational,diagnostic",0,0,2,
1278685856754043,3,"prognostic,motivational,diagnostic",0,0,3,
1100883008344767,3,"prognostic,motivational,diagnostic",1,1,4,
1118186226442029,3,"prognostic,motivational,diagnostic",2,1,4,
480789531734925,3,"prognostic,motivational,diagnostic",2,0,2,
1354142630136075,3,"prognostic,motivational,diagnostic",3,1,1,
1349031336465847,3,"prognostic,motivational,diagnostic",2,2,4,
1550667759775210,3,"prognostic,motivational,diagnostic",1,0,3,
2922718441220229,3,"prognostic,motivational,diagnostic",3,2,4,
970358864550319,3,"prognostic,motivational,diagnostic",1,0,3,
631683535999753,3,"prognostic,motivational,diagnostic",1,0,1,
475587768926209,3,"prognostic,motivational,diagnostic",4,2,2,
918967117016330,3,"prognostic,motivational,diagnostic",1,4,3,
604524499292447,3,"prognostic,motivational,diagnostic",2,1,4,
2367618000253213,3,"prognostic,motivational,diagnostic",2,3,4,
596508662995269,3,"prognostic,motivational,diagnostic",0,0,4,
1088863178921274,3,"prognostic,motivational,diagnostic",2,2,4,
1785726811969846,3,"prognostic,motivational,diagnostic",3,1,3,
3905636399752923,3,"prognostic,motivational,diagnostic",4,3,4,
486118821197022,3,"prognostic,motivational,diagnostic",2,1,4,
795067709946741,3,"prognostic,motivational,diagnostic",3,3,2,
1223263452765031,3,"prognostic,motivational,diagnostic",0,1,2,
1699466780637799,3,"prognostic,motivational,diagnostic",2,3,4,
1671342880404065,3,"prognostic,motivational,diagnostic",3,3,4,
642785391491531,3,"prognostic,motivational,diagnostic",3,3,4,
638887898617914,3,"prognostic,motivational,diagnostic",4,1,3,
399726656536198,3,"prognostic,motivational,diagnostic",3,3,2,
599450316020468,3,"prognostic,motivational,diagnostic",0,1,4,
1315020476201761,3,"prognostic,motivational,diagnostic",0,0,0,
314357591627895,3,"prognostic,motivational,diagnostic",3,3,4,
590334327230197,3,"prognostic,motivational,diagnostic",0,1,4,
587830234403496,3,"prognostic,motivational,diagnostic",0,0,4,
1745392366539637,3,"prognostic,motivational,diagnostic",3,2,4,
27337918919234161,3,"prognostic,motivational,diagnostic",0,1,4,
2488872728207443,3,"prognostic,motivational,diagnostic",0,0,2,
958594556230217,3,"prognostic,motivational,diagnostic",3,3,4,
639203795235518,3,"prognostic,motivational,diagnostic",3,3,4,
542988022102772,3,"prognostic,motivational,diagnostic",2,0,1,
1282129196423246,3,"prognostic,motivational,diagnostic",1,1,4,
1331256016490142,3,"prognostic,motivational,diagnostic",0,0,3,
2088570391594488,3,"prognostic,motivational,diagnostic",1,2,3,
1014943717961464,3,"prognostic,motivational,diagnostic",0,0,2,
1085303306423209,3,"prognostic,motivational,diagnostic",0,1,4,
582372721274716,3,"prognostic,motivational,diagnostic",2,1,4,
1077582551352850,3,"prognostic,motivational,diagnostic",2,0,1,
2355801208122838,3,"prognostic,motivational,diagnostic",3,1,3,
1069414314895222,3,"prognostic,motivational,diagnostic",3,2,4,
3067837476697905,3,"prognostic,motivational,diagnostic",4,3,4,
599657749076443,3,"prognostic,motivational,diagnostic",3,2,4,
1388811016641777,3,"prognostic,motivational,diagnostic",2,3,4,
488802673949516,3,"prognostic,motivational,diagnostic",0,0,2,
1452929612658613,3,"prognostic,motivational,diagnostic",0,0,4,
660332316522459,3,"prognostic,motivational,diagnostic",4,3,4,
2413951005609031,3,"prognostic,motivational,diagnostic",2,2,4,
1704673213358536,3,"prognostic,motivational,diagnostic",2,1,4,
954839269648726,3,"prognostic,motivational,diagnostic",2,3,4,
962864519123005,3,"prognostic,motivational,diagnostic",0,0,0,
584467274549026,3,"prognostic,motivational,diagnostic",3,1,2,
242749248699325,3,"prognostic,motivational,diagnostic",0,0,0,
2064271974037979,3,"prognostic,motivational,diagnostic",3,3,4,
1051831714190280,3,"prognostic,motivational,diagnostic",1,2,2,
9415499608489876,3,"prognostic,motivational,diagnostic",2,3,4,
581804394672282,3,"prognostic,motivational,diagnostic",3,3,4,
842832121253359,3,"prognostic,motivational,diagnostic",2,2,4,
1904185617207866,3,"prognostic,motivational,diagnostic",0,1,3,
491699056957488,3,"prognostic,motivational,diagnostic",2,3,3,
1608344846441449,3,"prognostic,motivational,diagnostic",3,2,4,
1145210427384222,3,"prognostic,motivational,diagnostic",0,1,4,
1292388618615900,3,"prognostic,motivational,diagnostic",0,0,1,
556534650872934,3,"prognostic,motivational,diagnostic",3,2,4,
9957261067642073,3,"prognostic,motivational,diagnostic",2,1,4,
1780858042755262,3,"prognostic,motivational,diagnostic",3,3,4,
921124793559096,3,"prognostic,motivational,diagnostic",3,2,4,
1373798020968494,3,"prognostic,motivational,diagnostic",2,1,2,
669096998906901,3,"prognostic,motivational,diagnostic",2,1,3,
869062385202726,3,"prognostic,motivational,diagnostic",3,1,4,
1675035050115031,3,"prognostic,motivational,diagnostic",1,1,4,
913167700637693,3,"prognostic,motivational,diagnostic",2,2,4,
1140836627493575,3,"prognostic,motivational,diagnostic",2,2,3,
605582065666741,3,"prognostic,motivational,diagnostic",0,0,4,
604917105622740,3,"prognostic,motivational,diagnostic",2,2,3,
3946954868894211,3,"prognostic,motivational,diagnostic",2,3,2,
1565984661461129,3,"prognostic,motivational,diagnostic",1,3,2,
485263034332216,3,"prognostic,motivational,diagnostic",0,0,3,
2062667110830736,3,"prognostic,motivational,diagnostic",3,3,4,
3796014083993882,3,"prognostic,motivational,diagnostic",0,0,1,
556579700418579,3,"prognostic,motivational,diagnostic",3,2,3,
1329653458054263,3,"prognostic,motivational,diagnostic",1,0,3,
628242919682757,3,"prognostic,motivational,diagnostic",2,2,4,
1329708298432959,3,"prognostic,motivational,diagnostic",2,3,4,
2082138255577256,3,"prognostic,motivational,diagnostic",4,2,3,
633468645881105,3,"prognostic,motivational,diagnostic",1,1,4,
1391368888969906,3,"prognostic,motivational,diagnostic",0,1,4,
964739745120503,3,"prognostic,motivational,diagnostic",0,0,2,
1447612855795462,3,"prognostic,motivational,diagnostic",3,2,4,
1158843005768713,3,"prognostic,motivational,diagnostic",2,1,4,
1420547588813716,3,"prognostic,motivational,diagnostic",2,2,4,
9440161989327864,3,"prognostic,motivational,diagnostic",2,4,4,
952825333701386,3,"prognostic,motivational,diagnostic",3,2,2,
1295232321586383,3,"prognostic,motivational,diagnostic",1,1,4,
1995349734508904,3,"prognostic,motivational,diagnostic",1,1,3,
1080927393126491,3,"prognostic,motivational,diagnostic",1,0,2,
1152998946170073,3,"prognostic,motivational,diagnostic",1,2,2,
941895102237536,3,"prognostic,motivational,diagnostic",1,1,4,
2016049182608492,3,"prognostic,motivational,diagnostic",4,2,3,
1123632219870745,3,"prognostic,motivational,diagnostic",0,1,4,
848846180511882,3,"prognostic,motivational,diagnostic",2,1,4,
884449200561198,3,"prognostic,motivational,diagnostic",0,0,1,
622532510259029,3,"prognostic,motivational,diagnostic",2,4,3,
2120194405206969,3,"prognostic,motivational,diagnostic",3,4,3,
628426219598812,3,"prognostic,motivational,diagnostic",2,3,4,
373796122336276,3,"prognostic,motivational,diagnostic",1,2,3,
487712657403543,3,"prognostic,motivational,diagnostic",2,0,3,
1307090617007433,3,"prognostic,motivational,diagnostic",2,2,4,
1610944200587941,3,"prognostic,motivational,diagnostic",3,3,2,
483235424096923,3,"prognostic,motivational,diagnostic",2,1,4,
962859182207994,3,"prognostic,motivational,diagnostic",3,3,4,
971876277695852,3,"prognostic,motivational,diagnostic",3,2,4,
941998208892822,3,"prognostic,motivational,diagnostic",2,1,4,
1413223779743915,3,"prognostic,motivational,diagnostic",2,4,4,
2319097668622328,3,"prognostic,motivational,diagnostic",3,1,3,
732486623198065,3,"prognostic,motivational,diagnostic",1,1,4,
1567520901502536,3,"prognostic,motivational,diagnostic",0,0,3,
484991460555995,3,"prognostic,motivational,diagnostic",3,2,2,
1362330588705738,3,"prognostic,motivational,diagnostic",2,2,3,
1194615320401772,3,"prognostic,motivational,diagnostic",1,2,4,
2020725001770250,3,"prognostic,motivational,diagnostic",3,2,4,
1581901713438123,3,"prognostic,motivational,diagnostic",3,2,4,
1142086794365723,3,"prognostic,motivational,diagnostic",2,4,3,
1745716216828277,3,"prognostic,motivational,diagnostic",0,0,3,
1274401577201311,3,"prognostic,motivational,diagnostic",0,0,3,
646670041356749,3,"prognostic,motivational,diagnostic",2,1,3,
467069309189776,3,"prognostic,motivational,diagnostic",0,0,3,
1375938729784183,3,"prognostic,motivational,diagnostic",3,2,4,
1365846982093944,3,"prognostic,motivational,diagnostic",1,2,4,
971073831049861,3,"prognostic,motivational,diagnostic",3,3,4,
1025189083429263,3,"prognostic,motivational,diagnostic",0,0,4,
562687792797844,3,"prognostic,motivational,diagnostic",4,0,2,
472666991840738,3,"prognostic,motivational,diagnostic",0,1,3,
543541258294798,3,"prognostic,motivational,diagnostic",0,0,2,
2771196933265776,3,"prognostic,motivational,diagnostic",2,2,3,
1904823576861450,3,"prognostic,motivational,diagnostic",2,3,4,
1199053815683542,3,"prognostic,motivational,diagnostic",1,0,1,
1443675796612227,3,"prognostic,motivational,diagnostic",0,0,1,
962684919162004,3,"prognostic,motivational,diagnostic",2,2,4,
784780093959053,3,"prognostic,motivational,diagnostic",0,0,2,
2146682909587986,3,"prognostic,motivational,diagnostic",0,0,2,
362946583112219,3,"prognostic,motivational,diagnostic",3,1,3,
2530276157414773,3,"prognostic,motivational,diagnostic",1,1,4,
853079583322426,3,"prognostic,motivational,diagnostic",4,3,3,
1942410626211029,3,"prognostic,motivational,diagnostic",1,1,4,
1734045977153288,3,"prognostic,motivational,diagnostic",3,2,4,
917136051398825,3,"prognostic,motivational,diagnostic",1,1,4,
2092020758330485,3,"prognostic,motivational,diagnostic",0,0,2,
8834809209975063,3,"prognostic,motivational,diagnostic",1,2,4,
870686416110328,3,"prognostic,motivational,diagnostic",3,3,4,
349229891430150,3,"prognostic,motivational,diagnostic",3,1,4,
565573689496390,3,"prognostic,motivational,diagnostic",2,3,4,
1457468888501840,3,"prognostic,motivational,diagnostic",1,1,2,
966005778801879,3,"prognostic,motivational,diagnostic",2,1,1,
561492046937138,3,"prognostic,motivational,diagnostic",2,2,4,
2347783768951460,3,"prognostic,motivational,diagnostic",2,1,4,
1087078743662381,3,"prognostic,motivational,diagnostic",1,0,3,
1550308922998056,3,"prognostic,motivational,diagnostic",3,3,3,
1003282811849059,3,"prognostic,motivational,diagnostic",1,2,4,
1316518670654211,3,"prognostic,motivational,diagnostic",3,4,3,
2229147617943788,3,"prognostic,motivational,diagnostic",3,2,3,
2067158137058354,3,"prognostic,motivational,diagnostic",1,1,2,
1530822600962540,3,"prognostic,motivational,diagnostic",2,2,4,
1102300311575772,3,"prognostic,motivational,diagnostic",1,3,4,
1061117608654910,3,"prognostic,motivational,diagnostic",3,2,4,
1450188760206644,3,"prognostic,motivational,diagnostic",0,2,3,
1376312160020123,3,"prognostic,motivational,diagnostic",2,3,2,
1722585111989390,3,"prognostic,motivational,diagnostic",2,2,4,
1063694509657135,3,"prognostic,motivational,diagnostic",0,0,1,
2012797319471157,3,"prognostic,motivational,diagnostic",2,1,4,
1132049498021939,3,"prognostic,motivational,diagnostic",0,1,3,
1343599451070628,3,"prognostic,motivational,diagnostic",3,0,2,
1152404916585203,3,"prognostic,motivational,diagnostic",1,4,4,
2559671247811957,3,"prognostic,motivational,diagnostic",1,0,4,
2090466428469931,3,"prognostic,motivational,diagnostic",2,2,4,
2115946859278089,3,"prognostic,motivational,diagnostic",3,4,4,
600356382950375,3,"prognostic,motivational,diagnostic",1,2,4,
918961343751998,3,"prognostic,motivational,diagnostic",1,0,2,
1144666673583895,3,"prognostic,motivational,diagnostic",2,0,1,
2723322174519317,3,"prognostic,motivational,diagnostic",0,0,3,
927938095742076,3,"prognostic,motivational,diagnostic",1,1,4,
1098449118679029,3,"prognostic,motivational,diagnostic",4,2,4,
1806581486547612,3,"prognostic,motivational,diagnostic",0,2,4,
1132709174708606,3,"prognostic,motivational,diagnostic",1,1,4,
1611029850263910,3,"prognostic,motivational,diagnostic",2,0,2,
474045169110035,3,"prognostic,motivational,diagnostic",3,1,3,
1486238359251135,3,"prognostic,motivational,diagnostic",0,1,4,
3329357400701910,3,"prognostic,motivational,diagnostic",0,1,4,
1506496943357660,3,"prognostic,motivational,diagnostic",0,0,2,
965513651816359,3,"prognostic,motivational,diagnostic",0,1,4,
788427536373053,3,"prognostic,motivational,diagnostic",3,3,4,
1097429858849963,3,"prognostic,motivational,diagnostic",2,1,4,
1551275112246044,3,"prognostic,motivational,diagnostic",3,2,4,
28059107713714546,3,"prognostic,motivational,diagnostic",3,3,4,
1530980000800011,3,"prognostic,motivational,diagnostic",3,1,4,
3451887901645079,3,"prognostic,motivational,diagnostic",0,0,1,
788205253822282,3,"prognostic,motivational,diagnostic",2,2,4,
1153695905977242,3,"prognostic,motivational,diagnostic",1,1,3,
3001464893344887,3,"prognostic,motivational,diagnostic",3,3,4,
1562735515201696,3,"prognostic,motivational,diagnostic",0,0,3,
976379730938531,3,"prognostic,motivational,diagnostic",1,1,3,
798816909562890,3,"prognostic,motivational,diagnostic",0,1,4,
1008271025276666,3,"prognostic,motivational,diagnostic",0,0,4,
1507458371062799,3,"prognostic,motivational,diagnostic",0,0,3,
734198646109280,3,"prognostic,motivational,diagnostic",3,3,4,
2064125574507477,3,"prognostic,motivational,diagnostic",1,2,3,
4108090222656636,3,"prognostic,motivational,diagnostic",2,2,4,
1294087411616860,3,"prognostic,motivational,diagnostic",3,3,4,
2342376572785320,3,"prognostic,motivational,diagnostic",2,4,3,
1552423282777266,3,"prognostic,motivational,diagnostic",2,1,4,
2010648582912746,3,"prognostic,motivational,diagnostic",0,1,4,
1457249752898978,3,"prognostic,motivational,diagnostic",1,1,4,
663944139403675,3,"prognostic,motivational,diagnostic",2,1,3,
3942825259309591,3,"prognostic,motivational,diagnostic",1,0,3,
1524219395101722,3,"prognostic,motivational,diagnostic",1,0,2,
2050978312089251,3,"prognostic,motivational,diagnostic",4,1,2,
3438969699605976,3,"prognostic,motivational,diagnostic",3,3,4,
1119586585749497,3,"prognostic,motivational,diagnostic",3,2,4,
2011865955947422,3,"prognostic,motivational,diagnostic",1,1,4,
1370356705077304,3,"prognostic,motivational,diagnostic",2,2,3,
413225937903966,3,"prognostic,motivational,diagnostic",3,2,3,
1725890605114878,3,"prognostic,motivational,diagnostic",3,4,4,
928516692523767,3,"prognostic,motivational,diagnostic",0,1,3,
1557788621592144,3,"prognostic,motivational,diagnostic",3,2,4,
3459517980881045,3,"prognostic,motivational,diagnostic",4,1,2,
964011325155229,3,"prognostic,motivational,diagnostic",2,1,3,
1127478965543348,3,"prognostic,motivational,diagnostic",1,1,4,
659938999852103,3,"prognostic,motivational,diagnostic",3,3,4,
1451874179046350,3,"prognostic,motivational,diagnostic",3,3,4,
1337873533888064,3,"prognostic,motivational,diagnostic",1,2,4,
984551146921794,3,"prognostic,motivational,diagnostic",2,1,4,
1554768439694507,3,"prognostic,motivational,diagnostic",3,4,2,
913088213652909,3,"prognostic,motivational,diagnostic",4,2,4,
1204913700473774,3,"prognostic,motivational,diagnostic",3,0,1,
1021535170272890,3,"prognostic,motivational,diagnostic",1,0,4,
635384005727700,3,"prognostic,motivational,diagnostic",0,1,2,
503559242339003,3,"prognostic,motivational,diagnostic",2,1,4,
1001998559413129,3,"prognostic,motivational,diagnostic",1,0,4,
581984257525893,3,"prognostic,motivational,diagnostic",2,2,4,
1676822056590515,3,"prognostic,motivational,diagnostic",4,1,2,
1798825444080518,3,"prognostic,motivational,diagnostic",3,3,4,
1023300567357151,3,"prognostic,motivational,diagnostic",1,1,1,
1345003696964733,3,"prognostic,motivational,diagnostic",2,1,4,
1396151405673775,3,"prognostic,motivational,diagnostic",2,3,4,
2666498876881823,3,"prognostic,motivational,diagnostic",0,0,3,
660446009755075,3,"prognostic,motivational,diagnostic",0,1,3,
1765167931323633,3,"prognostic,motivational,diagnostic",4,3,3,
965404731799799,3,"prognostic,motivational,diagnostic",0,1,4,
1546981080150330,3,"prognostic,motivational,diagnostic",1,2,4,
1779203532865049,3,"prognostic,motivational,diagnostic",1,0,2,
1254845358940493,3,"prognostic,motivational,diagnostic",1,1,4,
1025206482709324,3,"prognostic,motivational,diagnostic",3,2,3,
3590053204625528,3,"prognostic,motivational,diagnostic",1,1,4,
2124179184651776,3,"prognostic,motivational,diagnostic",1,2,4,
2307087463032131,3,"prognostic,motivational,diagnostic",2,1,3,
1114361183525768,3,"prognostic,motivational,diagnostic",2,1,4,
1787764931979719,3,"prognostic,motivational,diagnostic",3,2,4,
502331429498729,3,"prognostic,motivational,diagnostic",3,1,4,
862264216454796,3,"prognostic,motivational,diagnostic",1,2,3,
1120924859827946,3,"prognostic,motivational,diagnostic",1,2,3,
3697563997165529,3,"prognostic,motivational,diagnostic",2,3,4,
563361333525402,3,"prognostic,motivational,diagnostic",0,0,3,
836008519201456,3,"prognostic,motivational,diagnostic",0,0,3,
1795838157939383,3,"prognostic,motivational,diagnostic",3,0,2,
1105377081337626,3,"prognostic,motivational,diagnostic",1,0,3,
1583268090174808,3,"prognostic,motivational,diagnostic",0,0,2,
960480162718522,3,"prognostic,motivational,diagnostic",0,1,4,
1114348719675022,3,"prognostic,motivational,diagnostic",0,1,3,
641879825071949,3,"prognostic,motivational,diagnostic",2,2,4,
770032595345971,3,"prognostic,motivational,diagnostic",1,1,4,
2506644846521720,3,"prognostic,motivational,diagnostic",0,0,4,
1505631080644426,3,"prognostic,motivational,diagnostic",3,4,3,
644989057920877,3,"prognostic,motivational,diagnostic",2,3,4,
1119291902651222,3,"prognostic,motivational,diagnostic",1,2,3,
1359392422161104,3,"prognostic,motivational,diagnostic",1,1,4,
2223917595072359,3,"prognostic,motivational,diagnostic",2,1,4,
1173736320758697,3,"prognostic,motivational,diagnostic",2,4,3,
1020256376513898,3,"prognostic,motivational,diagnostic",2,2,4,
2045465819387827,3,"prognostic,motivational,diagnostic",2,0,1,
1557308712606998,3,"prognostic,motivational,diagnostic",3,4,3,
1075790187003539,3,"prognostic,motivational,diagnostic",4,2,4,
1727704968251662,3,"prognostic,motivational,diagnostic",1,1,4,
3909694869309277,3,"prognostic,motivational,diagnostic",2,4,3,
1037131452184619,3,"prognostic,motivational,diagnostic",3,3,4,
1343881667947562,3,"prognostic,motivational,diagnostic",3,3,4,
1688501955404341,3,"prognostic,motivational,diagnostic",1,0,3,
4532354583682699,3,"prognostic,motivational,diagnostic",3,3,4,
643011201495247,3,"prognostic,motivational,diagnostic",2,1,4,
1004503131723055,4,"motivational,diagnostic,prognostic",2,2,4,
986576306633702,4,"motivational,diagnostic,prognostic",0,0,1,
3770522479929599,4,"motivational,diagnostic,prognostic",0,1,4,
1571666100173668,4,"motivational,diagnostic,prognostic",1,2,4,
872900928251532,4,"motivational,diagnostic,prognostic",3,2,3,
1096722516120605,4,"motivational,diagnostic,prognostic",1,2,4,
8388365957959416,4,"motivational,diagnostic,prognostic",0,0,3,
1734432077346478,4,"motivational,diagnostic,prognostic",2,2,4,
9292622500788338,4,"motivational,diagnostic,prognostic",1,2,4,
994247570097633,4,"motivational,diagnostic,prognostic",0,2,4,
3540266812806293,4,"motivational,diagnostic,prognostic",0,0,0,
1542669927123464,4,"motivational,diagnostic,prognostic",1,3,4,
1017416917705634,4,"motivational,diagnostic,prognostic",1,1,4,
588384047454457,4,"motivational,diagnostic,prognostic",0,0,2,
1580737097387377,4,"motivational,diagnostic,prognostic",2,1,4,
2163450137886845,4,"motivational,diagnostic,prognostic",1,2,4,
631569479650715,4,"motivational,diagnostic,prognostic",0,0,0,
2064243864001823,4,"motivational,diagnostic,prognostic",1,0,4,
1044729717424759,4,"motivational,diagnostic,prognostic",4,1,1,
1605124060129247,4,"motivational,diagnostic,prognostic",0,2,4,
1047446551611297,4,"motivational,diagnostic,prognostic",3,3,2,
2124890891298383,4,"motivational,diagnostic,prognostic",1,2,4,
1205944201669093,4,"motivational,diagnostic,prognostic",3,2,4,
4059316084314035,4,"motivational,diagnostic,prognostic",1,2,4,
627060880017098,4,"motivational,diagnostic,prognostic",2,1,2,
1285820719203630,4,"motivational,diagnostic,prognostic",2,2,3,
1132601994734297,4,"motivational,diagnostic,prognostic",3,1,3,
1953508441820544,4,"motivational,diagnostic,prognostic",0,1,4,
523327920743101,4,"motivational,diagnostic,prognostic",0,1,4,
8750420001660989,4,"motivational,diagnostic,prognostic",3,1,4,
1149026473675176,4,"motivational,diagnostic,prognostic",1,2,4,
875692301191517,4,"motivational,diagnostic,prognostic",0,1,2,
1030871629491993,4,"motivational,diagnostic,prognostic",1,1,3,
1129880068691719,4,"motivational,diagnostic,prognostic",1,3,4,
990544830666031,4,"motivational,diagnostic,prognostic",0,1,3,
582727901332121,4,"motivational,diagnostic,prognostic",2,1,4,
1671847013728676,4,"motivational,diagnostic,prognostic",0,0,3,
1686700248572943,4,"motivational,diagnostic,prognostic",3,2,3,
1546487366060737,4,"motivational,diagnostic,prognostic",0,0,4,
791333399785537,4,"motivational,diagnostic,prognostic",1,2,4,
1699226327600860,4,"motivational,diagnostic,prognostic",1,1,3,
1036451052270601,4,"motivational,diagnostic,prognostic",0,0,2,
920381006909236,4,"motivational,diagnostic,prognostic",3,1,4,
557908700459769,4,"motivational,diagnostic,prognostic",1,2,4,
578026645101465,4,"motivational,diagnostic,prognostic",1,2,4,
1737555863938513,4,"motivational,diagnostic,prognostic",1,3,4,
1357674042363606,4,"motivational,diagnostic,prognostic",0,1,4,
1617063929244758,4,"motivational,diagnostic,prognostic",3,2,3,
1294673574865485,4,"motivational,diagnostic,prognostic",1,0,3,
947888484102797,4,"motivational,diagnostic,prognostic",2,1,3,
564802376558581,4,"motivational,diagnostic,prognostic",2,3,4,
1143430384059784,4,"motivational,diagnostic,prognostic",1,2,4,
586195010884644,4,"motivational,diagnostic,prognostic",0,0,3,
973064850823591,4,"motivational,diagnostic,prognostic",2,1,1,
968057634769764,4,"motivational,diagnostic,prognostic",1,0,3,
1421199075520655,4,"motivational,diagnostic,prognostic",0,1,4,
702303428767640,4,"motivational,diagnostic,prognostic",1,2,4,
613534517927897,4,"motivational,diagnostic,prognostic",2,1,3,
951184693632090,4,"motivational,diagnostic,prognostic",1,0,3,
913475451788936,4,"motivational,diagnostic,prognostic",0,1,3,
916628800456677,4,"motivational,diagnostic,prognostic",0,1,3,
1936586947059889,4,"motivational,diagnostic,prognostic",0,1,4,
1174482520943616,4,"motivational,diagnostic,prognostic",0,0,0,
1275871846977890,4,"motivational,diagnostic,prognostic",1,3,4,
8685466041539840,4,"motivational,diagnostic,prognostic",2,3,4,
971853418275144,4,"motivational,diagnostic,prognostic",0,0,1,
1427650952542789,4,"motivational,diagnostic,prognostic",2,2,4,
571309375845127,4,"motivational,diagnostic,prognostic",3,1,2,
1491957615574748,4,"motivational,diagnostic,prognostic",1,2,2,
2091032871346006,4,"motivational,diagnostic,prognostic",1,3,2,
977262944287748,4,"motivational,diagnostic,prognostic",3,0,1,
1557574411626706,4,"motivational,diagnostic,prognostic",1,2,4,
1244470629952506,4,"motivational,diagnostic,prognostic",3,4,3,
786746683597077,4,"motivational,diagnostic,prognostic",1,3,4,
584543591169281,4,"motivational,diagnostic,prognostic",1,1,3,
836718958419866,4,"motivational,diagnostic,prognostic",1,2,4,
551859234309198,4,"motivational,diagnostic,prognostic",2,2,4,
3421025354697136,4,"motivational,diagnostic,prognostic",0,0,2,
627085859973731,4,"motivational,diagnostic,prognostic",2,0,2,
605274878606992,4,"motivational,diagnostic,prognostic",3,1,3,
1416222146014719,4,"motivational,diagnostic,prognostic",2,3,3,
1555401288311089,4,"motivational,diagnostic,prognostic",0,2,4,
3807106556218299,4,"motivational,diagnostic,prognostic",2,3,3,
560941893598180,4,"motivational,diagnostic,prognostic",2,1,4,
597452026057296,4,"motivational,diagnostic,prognostic",2,1,4,
1702022374449716,4,"motivational,diagnostic,prognostic",3,2,4,
1767750004039041,4,"motivational,diagnostic,prognostic",3,3,2,
1110219197467528,4,"motivational,diagnostic,prognostic",1,0,0,
1748640132374601,4,"motivational,diagnostic,prognostic",0,1,3,
1139497823863554,4,"motivational,diagnostic,prognostic",2,3,4,
1276093303522189,4,"motivational,diagnostic,prognostic",2,1,3,
928300469414178,4,"motivational,diagnostic,prognostic",3,4,4,
1279950183027422,4,"motivational,diagnostic,prognostic",0,1,3,
971524815081454,4,"motivational,diagnostic,prognostic",0,0,4,
1346945740004711,4,"motivational,diagnostic,prognostic",2,2,4,
939444218069995,4,"motivational,diagnostic,prognostic",0,0,0,
615035201479571,4,"motivational,diagnostic,prognostic",1,2,4,
881341791159172,4,"motivational,diagnostic,prognostic",2,3,4,
565107919574753,4,"motivational,diagnostic,prognostic",2,1,4,
560593973644457,4,"motivational,diagnostic,prognostic",2,1,3,
1018416317613877,4,"motivational,diagnostic,prognostic",3,2,4,
1106563191011420,4,"motivational,diagnostic,prognostic",0,0,0,
927058139357131,4,"motivational,diagnostic,prognostic",1,2,4,
1112390856767024,4,"motivational,diagnostic,prognostic",2,1,3,
582883781381555,4,"motivational,diagnostic,prognostic",2,3,2,
4028668074085365,4,"motivational,diagnostic,prognostic",3,3,4,
1252668219343606,4,"motivational,diagnostic,prognostic",3,2,4,
1569643657979640,4,"motivational,diagnostic,prognostic",3,3,3,
595628010034644,4,"motivational,diagnostic,prognostic",1,1,4,
2667351190139885,4,"motivational,diagnostic,prognostic",3,2,4,
912902757216883,4,"motivational,diagnostic,prognostic",1,2,4,
644112671377272,4,"motivational,diagnostic,prognostic",2,1,4,
1582272139347305,4,"motivational,diagnostic,prognostic",3,3,4,
1353261469374916,4,"motivational,diagnostic,prognostic",3,1,4,
927619040412042,4,"motivational,diagnostic,prognostic",0,1,4,
1344277863585581,4,"motivational,diagnostic,prognostic",1,1,3,
591358187098194,4,"motivational,diagnostic,prognostic",1,1,4,
2244860386086839,4,"motivational,diagnostic,prognostic",3,1,2,
1162612125534440,4,"motivational,diagnostic,prognostic",2,2,2,
1744992209393757,4,"motivational,diagnostic,prognostic",2,1,2,
27229796373361422,4,"motivational,diagnostic,prognostic",1,2,4,
1088944663580758,4,"motivational,diagnostic,prognostic",3,1,2,
1087856537092968,4,"motivational,diagnostic,prognostic",1,2,4,
1164087405115870,4,"motivational,diagnostic,prognostic",2,1,4,
1061415150152448,4,"motivational,diagnostic,prognostic",0,1,4,
1110507631310855,4,"motivational,diagnostic,prognostic",0,1,4,
1596139554347776,4,"motivational,diagnostic,prognostic",2,1,4,
959604232902091,4,"motivational,diagnostic,prognostic",3,2,4,
522633413580839,4,"motivational,diagnostic,prognostic",2,0,1,
1335670100800098,4,"motivational,diagnostic,prognostic",4,3,4,
1324873738528449,4,"motivational,diagnostic,prognostic",0,0,2,
1778368512934265,4,"motivational,diagnostic,prognostic",0,1,4,
1726719777876126,4,"motivational,diagnostic,prognostic",2,2,4,
2505204226646655,4,"motivational,diagnostic,prognostic",2,1,3,
1256277215486290,4,"motivational,diagnostic,prognostic",1,1,3,
981885247163115,4,"motivational,diagnostic,prognostic",2,1,4,
1323518098695358,4,"motivational,diagnostic,prognostic",2,3,4,
897014192511331,4,"motivational,diagnostic,prognostic",1,2,4,
1121712089436205,4,"motivational,diagnostic,prognostic",1,2,3,
900593781806901,4,"motivational,diagnostic,prognostic",0,1,3,
1343327011266200,4,"motivational,diagnostic,prognostic",0,0,1,
1090513839393778,4,"motivational,diagnostic,prognostic",0,0,2,
882847390499437,4,"motivational,diagnostic,prognostic",1,2,4,
3887390728182134,4,"motivational,diagnostic,prognostic",0,0,2,
1138759677904405,4,"motivational,diagnostic,prognostic",2,0,1,
1071213912153437,4,"motivational,diagnostic,prognostic",0,1,4,
1340645520257229,4,"motivational,diagnostic,prognostic",0,1,4,
1465668141989085,4,"motivational,diagnostic,prognostic",4,4,3,
1128953431964646,4,"motivational,diagnostic,prognostic",0,1,4,
1024275190195657,4,"motivational,diagnostic,prognostic",3,2,4,
1356881359055488,4,"motivational,diagnostic,prognostic",1,1,4,
1511553430517498,4,"motivational,diagnostic,prognostic",2,1,4,
940957347906174,4,"motivational,diagnostic,prognostic",2,3,4,
2967528553596876,4,"motivational,diagnostic,prognostic",0,0,4,
872031595983597,4,"motivational,diagnostic,prognostic",0,1,4,
1109007447272549,4,"motivational,diagnostic,prognostic",2,3,4,
492540757167632,4,"motivational,diagnostic,prognostic",1,2,4,
565416772796633,4,"motivational,diagnostic,prognostic",1,1,4,
1597111978679445,4,"motivational,diagnostic,prognostic",1,1,3,
1638576126868599,4,"motivational,diagnostic,prognostic",1,3,4,
557778480333701,4,"motivational,diagnostic,prognostic",2,1,4,
1360219564981610,4,"motivational,diagnostic,prognostic",1,2,4,
1248409136221533,4,"motivational,diagnostic,prognostic",0,1,4,
3529636417200068,4,"motivational,diagnostic,prognostic",0,0,2,
9601224049898588,4,"motivational,diagnostic,prognostic",2,2,4,
1526113364720481,4,"motivational,diagnostic,prognostic",2,2,4,
1676037026673195,4,"motivational,diagnostic,prognostic",3,3,4,
2101762656945810,4,"motivational,diagnostic,prognostic",3,2,4,
1141252850895414,4,"motivational,diagnostic,prognostic",2,1,4,
2394097104260963,4,"motivational,diagnostic,prognostic",3,0,0,
1644391329485160,4,"motivational,diagnostic,prognostic",0,0,2,
1316560759461741,4,"motivational,diagnostic,prognostic",2,3,4,
889437226633583,4,"motivational,diagnostic,prognostic",1,2,3,
1001838399500594,4,"motivational,diagnostic,prognostic",2,2,4,
1167817991425214,4,"motivational,diagnostic,prognostic",3,2,4,
583139774690684,4,"motivational,diagnostic,prognostic",3,2,4,
505358838820540,4,"motivational,diagnostic,prognostic",0,1,4,
1219975549306951,4,"motivational,diagnostic,prognostic",2,1,3,
637956195411379,4,"motivational,diagnostic,prognostic",3,3,4,
505915048765304,4,"motivational,diagnostic,prognostic",0,1,3,
1268507504387158,4,"motivational,diagnostic,prognostic",2,3,4,
2025523264749711,4,"motivational,diagnostic,prognostic",0,1,3,
1325615295305651,4,"motivational,diagnostic,prognostic",0,0,0,
1307177300274832,4,"motivational,diagnostic,prognostic",3,2,3,
1105849271555367,4,"motivational,diagnostic,prognostic",1,1,2,
1001643848486680,4,"motivational,diagnostic,prognostic",0,0,2,
1620819912646444,4,"motivational,diagnostic,prognostic",0,0,1,
1093980203013513,4,"motivational,diagnostic,prognostic",0,1,3,
1182140856693729,4,"motivational,diagnostic,prognostic",0,1,3,
3533550263611316,4,"motivational,diagnostic,prognostic",2,2,4,
964937362349500,4,"motivational,diagnostic,prognostic",1,0,2,
1101604428209522,4,"motivational,diagnostic,prognostic",0,1,4,
2623426021440535,4,"motivational,diagnostic,prognostic",1,1,3,
642728508434396,4,"motivational,diagnostic,prognostic",3,0,1,
1807212613443727,4,"motivational,diagnostic,prognostic",0,0,4,
528306336934715,4,"motivational,diagnostic,prognostic",2,3,4,
1154825166021316,4,"motivational,diagnostic,prognostic",3,2,4,
4009220552542785,4,"motivational,diagnostic,prognostic",2,1,3,
1159752695741605,4,"motivational,diagnostic,prognostic",1,3,4,
2096597247439552,4,"motivational,diagnostic,prognostic",0,0,4,
729446615937609,4,"motivational,diagnostic,prognostic",3,3,4,
28234056732947945,4,"motivational,diagnostic,prognostic",3,2,4,
1381871880799391,4,"motivational,diagnostic,prognostic",0,0,4,
3865517963722937,4,"motivational,diagnostic,prognostic",0,0,2,
941101031489902,4,"motivational,diagnostic,prognostic",0,2,3,
1385680270121895,4,"motivational,diagnostic,prognostic",2,1,3,
452377094571215,4,"motivational,diagnostic,prognostic",1,0,2,
1162445539214549,4,"motivational,diagnostic,prognostic",0,0,4,
1751921222823815,4,"motivational,diagnostic,prognostic",3,2,4,
1135432314950335,4,"motivational,diagnostic,prognostic",1,2,4,
1861314848232913,4,"motivational,diagnostic,prognostic",1,2,3,
1298287954646256,4,"motivational,diagnostic,prognostic",0,0,1,
1785107202221602,4,"motivational,diagnostic,prognostic",2,2,4,
1047061054919364,4,"motivational,diagnostic,prognostic",3,3,3,
1240274750402472,4,"motivational,diagnostic,prognostic",1,2,4,
1839775530111085,4,"motivational,diagnostic,prognostic",0,2,4,
1314081963337788,4,"motivational,diagnostic,prognostic",3,2,4,
1153676506462062,4,"motivational,diagnostic,prognostic",3,2,4,
9094544347328343,4,"motivational,diagnostic,prognostic",0,1,3,
2078894792626765,4,"motivational,diagnostic,prognostic",3,3,3,
1167803648065392,4,"motivational,diagnostic,prognostic",0,0,2,
642855184831307,4,"motivational,diagnostic,prognostic",3,2,3,
1180226723461521,4,"motivational,diagnostic,prognostic",3,4,4,
2010790526420926,4,"motivational,diagnostic,prognostic",3,2,2,
613954871215289,4,"motivational,diagnostic,prognostic",2,3,4,
1023177319840343,4,"motivational,diagnostic,prognostic",3,0,2,
961695723586392,4,"motivational,diagnostic,prognostic",1,2,4,
2948217645332897,4,"motivational,diagnostic,prognostic",2,3,4,
1300809004490571,4,"motivational,diagnostic,prognostic",3,3,2,
1139405321746766,4,"motivational,diagnostic,prognostic",1,0,3,
587537370312703,4,"motivational,diagnostic,prognostic",3,3,4,
918158767027646,4,"motivational,diagnostic,prognostic",3,1,4,
1172593521119516,4,"motivational,diagnostic,prognostic",2,2,4,
1013492410600438,4,"motivational,diagnostic,prognostic",1,2,4,
926437556285879,4,"motivational,diagnostic,prognostic",1,1,4,
789095773523166,4,"motivational,diagnostic,prognostic",1,2,4,
1369654392003292,4,"motivational,diagnostic,prognostic",3,1,4,
538147732576294,4,"motivational,diagnostic,prognostic",0,1,3,
1530318172180937,4,"motivational,diagnostic,prognostic",3,2,4,
1019994400674907,4,"motivational,diagnostic,prognostic",2,1,4,
1737670004108398,4,"motivational,diagnostic,prognostic",2,4,3,
496535876797581,4,"motivational,diagnostic,prognostic",2,1,3,
628789132881989,4,"motivational,diagnostic,prognostic",0,0,2,
1144430307123709,4,"motivational,diagnostic,prognostic",3,0,1,
1123379499503686,4,"motivational,diagnostic,prognostic",0,2,3,
1090866280264783,4,"motivational,diagnostic,prognostic",0,1,4,
912698694775418,4,"motivational,diagnostic,prognostic",1,1,4,
1102078804756730,4,"motivational,diagnostic,prognostic",2,2,4,
999733152043771,4,"motivational,diagnostic,prognostic",1,0,3,
627348723115228,4,"motivational,diagnostic,prognostic",2,3,4,
2305187093551012,4,"motivational,diagnostic,prognostic",1,1,2,
1602616590647060,4,"motivational,diagnostic,prognostic",3,0,1,
1313940563145758,4,"motivational,diagnostic,prognostic",3,3,4,
1494132641233963,4,"motivational,diagnostic,prognostic",4,3,4,
27836035999327933,4,"motivational,diagnostic,prognostic",4,2,2,
1631990224379637,4,"motivational,diagnostic,prognostic",0,0,3,
964847671778996,4,"motivational,diagnostic,prognostic",4,3,3,
1130896785190840,4,"motivational,diagnostic,prognostic",1,1,3,
1153575379658603,4,"motivational,diagnostic,prognostic",0,0,0,
577694035076389,4,"motivational,diagnostic,prognostic",1,2,4,
1522978445526284,4,"motivational,diagnostic,prognostic",2,3,4,
1150201079927301,4,"motivational,diagnostic,prognostic",0,0,3,
31916417661305278,4,"motivational,diagnostic,prognostic",1,2,4,
1355758026482657,4,"motivational,diagnostic,prognostic",0,0,3,
1753527622329876,4,"motivational,diagnostic,prognostic",3,2,4,
628912389807029,4,"motivational,diagnostic,prognostic",2,2,1,
1765908070772859,4,"motivational,diagnostic,prognostic",3,3,3,
2377068735970342,4,"motivational,diagnostic,prognostic",3,2,1,
1349791203909489,4,"motivational,diagnostic,prognostic",2,3,4,
246590181839932,4,"motivational,diagnostic,prognostic",4,3,3,
1860002394535768,4,"motivational,diagnostic,prognostic",4,2,2,
1268687247577115,4,"motivational,diagnostic,prognostic",0,0,1,
1527203968089244,4,"motivational,diagnostic,prognostic",3,1,3,
29141681145420997,4,"motivational,diagnostic,prognostic",1,2,4,
1103470104513057,4,"motivational,diagnostic,prognostic",4,2,4,
1171885334845908,4,"motivational,diagnostic,prognostic",0,0,3,
1323650455427629,4,"motivational,diagnostic,prognostic",2,3,4,
1159213252055146,4,"motivational,diagnostic,prognostic",2,1,4,
942806181333797,4,"motivational,diagnostic,prognostic",0,1,3,
1132472591645347,4,"motivational,diagnostic,prognostic",3,4,4,
1608009133159434,4,"motivational,diagnostic,prognostic",2,3,4,
610001105316843,4,"motivational,diagnostic,prognostic",0,1,4,
2287009621769492,4,"motivational,diagnostic,prognostic",3,2,3,
1164544125235730,4,"motivational,diagnostic,prognostic",2,1,3,
1325254518632241,4,"motivational,diagnostic,prognostic",2,1,4,
3307650739425087,4,"motivational,diagnostic,prognostic",1,2,4,
4149346405286858,4,"motivational,diagnostic,prognostic",2,3,4,
488295704009004,4,"motivational,diagnostic,prognostic",1,1,2,
996053905897322,4,"motivational,diagnostic,prognostic",1,2,4,
2871941139860992,4,"motivational,diagnostic,prognostic",1,2,4,
1112127563124094,4,"motivational,diagnostic,prognostic",3,3,3,
1464775691476590,4,"motivational,diagnostic,prognostic",3,2,4,
1378973854302100,4,"motivational,diagnostic,prognostic",2,1,3,
2060264901062971,4,"motivational,diagnostic,prognostic",3,1,3,
1572544274268360,4,"motivational,diagnostic,prognostic",1,2,4,
810171201464405,4,"motivational,diagnostic,prognostic",3,2,4,
1513546742641351,4,"motivational,diagnostic,prognostic",3,4,4,
1322499352226405,4,"motivational,diagnostic,prognostic",1,2,4,
973228711436163,4,"motivational,diagnostic,prognostic",3,3,3,
928163632119708,4,"motivational,diagnostic,prognostic",3,1,3,
1415618119847636,4,"motivational,diagnostic,prognostic",1,1,4,
1434647893756140,4,"motivational,diagnostic,prognostic",1,2,4,
1125669819042012,4,"motivational,diagnostic,prognostic",3,2,4,
869378952074780,4,"motivational,diagnostic,prognostic",2,3,3,
1481052259892568,4,"motivational,diagnostic,prognostic",0,1,4,
634373459059649,4,"motivational,diagnostic,prognostic",3,2,3,
588564834147391,4,"motivational,diagnostic,prognostic",1,2,4,
1363961424973333,4,"motivational,diagnostic,prognostic",2,2,4,
1249699146124138,4,"motivational,diagnostic,prognostic",0,0,3,
1138561157910979,4,"motivational,diagnostic,prognostic",1,0,1,
595776006650840,4,"motivational,diagnostic,prognostic",0,0,0,
1619147075359567,4,"motivational,diagnostic,prognostic",3,2,4,
504048502299324,4,"motivational,diagnostic,prognostic",2,0,2,
1376603564616886,4,"motivational,diagnostic,prognostic",0,0,0,
1375290781336448,4,"motivational,diagnostic,prognostic",0,2,4,
8917507201693780,4,"motivational,diagnostic,prognostic",3,4,3,
3829000734018338,4,"motivational,diagnostic,prognostic",2,2,4,
28369188422695937,4,"motivational,diagnostic,prognostic",0,0,2,
1151206256562760,4,"motivational,diagnostic,prognostic",0,0,1,
971275821732948,4,"motivational,diagnostic,prognostic",2,3,4,
477323358559881,4,"motivational,diagnostic,prognostic",1,2,4,
1178325543960476,4,"motivational,diagnostic,prognostic",3,1,4,
1264671691444781,4,"motivational,diagnostic,prognostic",3,1,1,
3226818764186422,4,"motivational,diagnostic,prognostic",1,2,4,
1890737954798536,4,"motivational,diagnostic,prognostic",0,1,4,
1017901496839436,4,"motivational,diagnostic,prognostic",3,4,4,
1695275168081109,4,"motivational,diagnostic,prognostic",2,2,3,
923270146061347,4,"motivational,diagnostic,prognostic",1,3,3,
936637641925537,4,"motivational,diagnostic,prognostic",3,1,2,
1009525087604267,4,"motivational,diagnostic,prognostic",3,2,4,
599340886138963,4,"motivational,diagnostic,prognostic",2,0,1,
1132713511827830,4,"motivational,diagnostic,prognostic",3,2,4,
625771769960010,4,"motivational,diagnostic,prognostic",1,3,4,
1752338969339867,4,"motivational,diagnostic,prognostic",3,0,4,
1068702505657605,4,"motivational,diagnostic,prognostic",1,2,4,
1153568076284988,4,"motivational,diagnostic,prognostic",3,4,3,
650560300877069,4,"motivational,diagnostic,prognostic",3,1,4,
1312915886854911,4,"motivational,diagnostic,prognostic",3,2,4,
1141802087303652,4,"motivational,diagnostic,prognostic",3,4,4,
1584916386239678,4,"motivational,diagnostic,prognostic",2,0,1,
1467728542037250,4,"motivational,diagnostic,prognostic",1,2,4,
1295223151601261,4,"motivational,diagnostic,prognostic",1,0,4,
1119338906184572,4,"motivational,diagnostic,prognostic",2,1,2,
1046849940818421,4,"motivational,diagnostic,prognostic",1,3,4,
871191371882687,4,"motivational,diagnostic,prognostic",0,1,4,
1338342257520870,4,"motivational,diagnostic,prognostic",1,3,3,
1668594454360042,4,"motivational,diagnostic,prognostic",1,0,2,
933380451728405,4,"motivational,diagnostic,prognostic",4,4,3,
1807152293373908,4,"motivational,diagnostic,prognostic",0,0,2,
1751866736140220,4,"motivational,diagnostic,prognostic",0,0,1,
1105115374523422,4,"motivational,diagnostic,prognostic",1,2,4,
1745224453085480,4,"motivational,diagnostic,prognostic",0,0,3,
1075582450977167,4,"motivational,diagnostic,prognostic",3,2,4,
27795093930134591,4,"motivational,diagnostic,prognostic",2,1,3,
1119702199625097,4,"motivational,diagnostic,prognostic",2,3,4,
1103997415620093,4,"motivational,diagnostic,prognostic",0,0,2,
3544551529036184,4,"motivational,diagnostic,prognostic",3,1,4,
496511290143531,4,"motivational,diagnostic,prognostic",3,3,4,
1167473458130701,4,"motivational,diagnostic,prognostic",3,3,2,
1552432082134915,4,"motivational,diagnostic,prognostic",3,3,4,
876363891122073,4,"motivational,diagnostic,prognostic",4,4,4,
881900324120115,4,"motivational,diagnostic,prognostic",0,0,3,
1092590829335100,4,"motivational,diagnostic,prognostic",2,3,4,
1454095730088187,4,"motivational,diagnostic,prognostic",2,1,3,
2120473025179735,4,"motivational,diagnostic,prognostic",1,2,4,
628358093497779,4,"motivational,diagnostic,prognostic",2,2,4,
587863230320742,4,"motivational,diagnostic,prognostic",2,3,4,
1163408241797386,4,"motivational,diagnostic,prognostic",0,1,4,
1753388552327919,4,"motivational,diagnostic,prognostic",2,3,3,
625008463314844,4,"motivational,diagnostic,prognostic",2,2,3,
1064587625433616,4,"motivational,diagnostic,prognostic",2,1,2,
24899504139702726,4,"motivational,diagnostic,prognostic",3,2,4,
7625946067438176,4,"motivational,diagnostic,prognostic",1,1,3,
544916901695234,4,"motivational,diagnostic,prognostic",2,3,4,
1060197759683088,4,"motivational,diagnostic,prognostic",1,2,4,
849157107151746,4,"motivational,diagnostic,prognostic",1,2,4,
826341583837601,4,"motivational,diagnostic,prognostic",1,1,4,
1687554141840343,4,"motivational,diagnostic,prognostic",2,4,4,
1101356455100730,4,"motivational,diagnostic,prognostic",3,2,4,
1136857761240979,4,"motivational,diagnostic,prognostic",1,2,3,
962485069150922,4,"motivational,diagnostic,prognostic",2,3,4,
1342706304485324,4,"motivational,diagnostic,prognostic",2,1,4,
1627762551459970,4,"motivational,diagnostic,prognostic",3,3,4,
638455512423468,4,"motivational,diagnostic,prognostic",0,0,3,
2437239313464978,4,"motivational,diagnostic,prognostic",2,2,3,
475743548920299,4,"motivational,diagnostic,prognostic",1,2,4,
980824964756129,4,"motivational,diagnostic,prognostic",1,2,4,
1309349340159926,4,"motivational,diagnostic,prognostic",4,3,4,
1742117206362491,4,"motivational,diagnostic,prognostic",0,1,4,
1607626360173005,4,"motivational,diagnostic,prognostic",1,2,3,
1517607965598211,4,"motivational,diagnostic,prognostic",0,0,1,
3879800372293659,4,"motivational,diagnostic,prognostic",0,1,3,
1338244810647906,4,"motivational,diagnostic,prognostic",0,0,2,
27738599622421661,4,"motivational,diagnostic,prognostic",2,4,4,
543485655157961,4,"motivational,diagnostic,prognostic",3,4,4,
1722298418413010,4,"motivational,diagnostic,prognostic",1,2,4,
324405636756110,4,"motivational,diagnostic,prognostic",3,2,4,
1347207780158364,4,"motivational,diagnostic,prognostic",3,2,4,
568436806349176,4,"motivational,diagnostic,prognostic",0,1,4,
1146913779706662,4,"motivational,diagnostic,prognostic",3,2,4,
650709654185903,4,"motivational,diagnostic,prognostic",0,1,2,
522659246897684,4,"motivational,diagnostic,prognostic",3,1,4,
927742912885174,4,"motivational,diagnostic,prognostic",3,1,4,
946283730400848,4,"motivational,diagnostic,prognostic",1,2,4,
3794586830792819,4,"motivational,diagnostic,prognostic",0,0,3,
2082049612706684,4,"motivational,diagnostic,prognostic",0,1,4,
2155741614845758,4,"motivational,diagnostic,prognostic",4,3,3,
960755249346351,4,"motivational,diagnostic,prognostic",3,2,4,
1155427983254169,4,"motivational,diagnostic,prognostic",1,2,4,
1793547724831765,4,"motivational,diagnostic,prognostic",3,3,4,
1698029974389893,4,"motivational,diagnostic,prognostic",3,1,2,
2599019460296232,4,"motivational,diagnostic,prognostic",0,0,3,
1047908584804946,4,"motivational,diagnostic,prognostic",2,2,3,
1006763272214551,4,"motivational,diagnostic,prognostic",1,2,4,
600519346017928,4,"motivational,diagnostic,prognostic",3,1,3,
4604518506463144,4,"motivational,diagnostic,prognostic",2,1,3,
946853370418614,4,"motivational,diagnostic,prognostic",3,3,4,
2482323105309504,4,"motivational,diagnostic,prognostic",0,2,4,
581574761078245,4,"motivational,diagnostic,prognostic",2,2,4,
1343176103358713,4,"motivational,diagnostic,prognostic",1,1,3,
947538870601602,4,"motivational,diagnostic,prognostic",0,1,3,
576178875416265,4,"motivational,diagnostic,prognostic",3,4,3,
595262939806991,4,"motivational,diagnostic,prognostic",3,2,4,
1695119571431099,4,"motivational,diagnostic,prognostic",3,1,4,
1068860116076585,4,"motivational,diagnostic,prognostic",0,1,3,
1288043192546444,4,"motivational,diagnostic,prognostic",1,0,4,
636471479048324,4,"motivational,diagnostic,prognostic",2,1,4,
1785683608894947,4,"motivational,diagnostic,prognostic",3,1,3,
636455442657867,4,"motivational,diagnostic,prognostic",0,1,4,
584897268031340,4,"motivational,diagnostic,prognostic",1,3,4,
960620502234230,4,"motivational,diagnostic,prognostic",0,0,1,
1162250172264952,4,"motivational,diagnostic,prognostic",3,3,4,
593841340275645,4,"motivational,diagnostic,prognostic",3,2,4,
2923963877759784,4,"motivational,diagnostic,prognostic",1,2,4,
3560512714251617,4,"motivational,diagnostic,prognostic",1,0,0,
1312601259770344,4,"motivational,diagnostic,prognostic",0,0,3,
1397816257854996,4,"motivational,diagnostic,prognostic",3,2,4,
1139906064511067,4,"motivational,diagnostic,prognostic",1,2,4,
1548387863394886,4,"motivational,diagnostic,prognostic",0,0,4,
1282925939636044,4,"motivational,diagnostic,prognostic",3,2,4,
2886501091686351,4,"motivational,diagnostic,prognostic",3,4,4,
1756604011794560,4,"motivational,diagnostic,prognostic",1,3,4,
835672528671875,4,"motivational,diagnostic,prognostic",2,1,4,
2682079961999500,4,"motivational,diagnostic,prognostic",2,3,4,
1557503174941787,4,"motivational,diagnostic,prognostic",3,1,4,
1159598182243369,4,"motivational,diagnostic,prognostic",0,1,4,
1376247050643634,4,"motivational,diagnostic,prognostic",3,2,3,
472872475689313,4,"motivational,diagnostic,prognostic",0,1,4,
1534868720510659,4,"motivational,diagnostic,prognostic",4,3,4,
28055589927437528,4,"motivational,diagnostic,prognostic",0,2,4,
1331711658568816,4,"motivational,diagnostic,prognostic",2,1,1,
966678818265906,4,"motivational,diagnostic,prognostic",3,1,3,
2132085920561958,4,"motivational,diagnostic,prognostic",0,0,4,
1684709418759066,4,"motivational,diagnostic,prognostic",1,2,4,
3212967505759929,4,"motivational,diagnostic,prognostic",1,2,4,
2809177186136059,4,"motivational,diagnostic,prognostic",4,3,4,
1088767682969099,4,"motivational,diagnostic,prognostic",1,3,4,
520926931003086,4,"motivational,diagnostic,prognostic",1,3,4,
1194400998915350,4,"motivational,diagnostic,prognostic",4,1,3,
1338233697601165,4,"motivational,diagnostic,prognostic",2,3,3,
1826700731463016,4,"motivational,diagnostic,prognostic",3,2,3,
1306747133969324,4,"motivational,diagnostic,prognostic",3,2,4,
626448026518453,4,"motivational,diagnostic,prognostic",1,0,3,
1587760448551064,4,"motivational,diagnostic,prognostic",3,2,4,
508854305103985,4,"motivational,diagnostic,prognostic",1,1,4,
1572138990115190,4,"motivational,diagnostic,prognostic",1,2,4,
9047592588695695,4,"motivational,diagnostic,prognostic",2,1,3,
523749446799261,4,"motivational,diagnostic,prognostic",3,4,4,
2752288754958328,4,"motivational,diagnostic,prognostic",3,3,4,
1661400697783308,4,"motivational,diagnostic,prognostic",2,2,4,
1542251537654170,4,"motivational,diagnostic,prognostic",2,1,2,
792076536457329,4,"motivational,diagnostic,prognostic",1,2,4,
8998014366930279,4,"motivational,diagnostic,prognostic",0,2,4,
633597492377179,4,"motivational,diagnostic,prognostic",0,0,1,
1659836121893490,4,"motivational,diagnostic,prognostic",1,1,3,
634201975726685,4,"motivational,diagnostic,prognostic",2,1,4,
587894070754705,4,"motivational,diagnostic,prognostic",0,0,3,
1714997212765680,4,"motivational,diagnostic,prognostic",1,1,4,
1034558675100354,4,"motivational,diagnostic,prognostic",3,3,4,
1364196918087501,4,"motivational,diagnostic,prognostic",0,0,0,
538809485868846,4,"motivational,diagnostic,prognostic",0,0,2,
635330319149259,4,"motivational,diagnostic,prognostic",2,1,4,
1089607840420451,4,"motivational,diagnostic,prognostic",3,4,4,
1180654983670108,4,"motivational,diagnostic,prognostic",3,3,3,
1015003297121861,4,"motivational,diagnostic,prognostic",3,3,4,
610035641759187,4,"motivational,diagnostic,prognostic",1,0,4,
1379558054135765,4,"motivational,diagnostic,prognostic",1,1,3,
1976951792803502,4,"motivational,diagnostic,prognostic",0,1,4,
1564372007557607,4,"motivational,diagnostic,prognostic",2,1,3,
1440889143167119,4,"motivational,diagnostic,prognostic",2,3,4,
638355381866380,4,"motivational,diagnostic,prognostic",3,2,3,
547322564995907,4,"motivational,diagnostic,prognostic",0,0,1,
2134388706978446,4,"motivational,diagnostic,prognostic",2,2,4,
3132531896894159,4,"motivational,diagnostic,prognostic",4,3,4,
9055276384566724,4,"motivational,diagnostic,prognostic",3,3,4,
1327727771567436,4,"motivational,diagnostic,prognostic",0,1,4,
579555931292939,4,"motivational,diagnostic,prognostic",0,1,4,
1475772606730267,4,"motivational,diagnostic,prognostic",2,1,4,
3882901041971953,4,"motivational,diagnostic,prognostic",0,1,3,
1358568702205411,4,"motivational,diagnostic,prognostic",3,2,3,
1071360968077004,4,"motivational,diagnostic,prognostic",3,3,4,
1811876849564837,4,"motivational,diagnostic,prognostic",0,2,4,
1846546673382304,4,"motivational,diagnostic,prognostic",0,1,4,
1633530743940987,4,"motivational,diagnostic,prognostic",0,0,1,
958124715892608,4,"motivational,diagnostic,prognostic",3,3,4,
1180543637059351,4,"motivational,diagnostic,prognostic",0,1,4,
933169514882637,4,"motivational,diagnostic,prognostic",2,3,4,
1154291039604762,4,"motivational,diagnostic,prognostic",4,2,4,
9114470175295400,4,"motivational,diagnostic,prognostic",0,0,2,
3393637324105532,4,"motivational,diagnostic,prognostic",0,1,3,
1173981434312320,4,"motivational,diagnostic,prognostic",1,1,4,
8980212418694167,4,"motivational,diagnostic,prognostic",3,1,1,
515428014372248,4,"motivational,diagnostic,prognostic",3,3,4,
1049599059461670,4,"motivational,diagnostic,prognostic",1,2,3,
3840336412779103,4,"motivational,diagnostic,prognostic",1,3,4,
2056688891411056,4,"motivational,diagnostic,prognostic",3,2,4,
360638860220672,4,"motivational,diagnostic,prognostic",4,3,3,
1006673771315119,4,"motivational,diagnostic,prognostic",1,0,4,
1333389804337138,4,"motivational,diagnostic,prognostic",0,1,4,
914314723366904,4,"motivational,diagnostic,prognostic",4,1,1,
873749384924899,4,"motivational,diagnostic,prognostic",0,1,4,
598459456489878,4,"motivational,diagnostic,prognostic",2,4,4,
933822265549352,4,"motivational,diagnostic,prognostic",3,3,4,
1515241282489669,4,"motivational,diagnostic,prognostic",2,2,4,
587016040924199,4,"motivational,diagnostic,prognostic",1,1,2,
1537633216947607,4,"motivational,diagnostic,prognostic",3,1,4,
827011356444623,4,"motivational,diagnostic,prognostic",3,2,4,
1346543896705986,4,"motivational,diagnostic,prognostic",1,3,4,
1302104844314553,4,"motivational,diagnostic,prognostic",1,0,4,
1255791389010513,4,"motivational,diagnostic,prognostic",0,1,3,
961167385370620,4,"motivational,diagnostic,prognostic",3,4,4,
1202695668151339,4,"motivational,diagnostic,prognostic",3,1,4,
559489620166115,4,"motivational,diagnostic,prognostic",1,2,4,
1561307458046039,4,"motivational,diagnostic,prognostic",2,1,3,
1672512949971288,4,"motivational,diagnostic,prognostic",1,2,3,
2827621167397521,4,"motivational,diagnostic,prognostic",2,3,4,
585790967696364,4,"motivational,diagnostic,prognostic",3,3,4,
1277293756813316,4,"motivational,diagnostic,prognostic",2,2,4,
609325648201418,4,"motivational,diagnostic,prognostic",3,3,4,
1134658984835680,4,"motivational,diagnostic,prognostic",0,0,1,
1041442765461611,4,"motivational,diagnostic,prognostic",0,1,4,
895486739356537,4,"motivational,diagnostic,prognostic",2,3,4,
1720456419409838,4,"motivational,diagnostic,prognostic",1,2,3,
1613125325978380,4,"motivational,diagnostic,prognostic",3,4,4,
526650520153024,4,"motivational,diagnostic,prognostic",0,0,1,
1725532181792914,4,"motivational,diagnostic,prognostic",0,0,3,
1614416165843361,4,"motivational,diagnostic,prognostic",2,0,2,
1142801667468407,4,"motivational,diagnostic,prognostic",1,2,3,
958685859797658,4,"motivational,diagnostic,prognostic",2,1,4,
583894344436220,4,"motivational,diagnostic,prognostic",2,3,4,
1314877529935664,4,"motivational,diagnostic,prognostic",0,1,4,
2425312574537750,4,"motivational,diagnostic,prognostic",1,2,3,
1087444226406189,4,"motivational,diagnostic,prognostic",2,4,3,
1338104730439348,4,"motivational,diagnostic,prognostic",0,1,3,
779394308199571,4,"motivational,diagnostic,prognostic",0,1,4,
1672589620273440,4,"motivational,diagnostic,prognostic",3,2,4,
633591589133702,4,"motivational,diagnostic,prognostic",0,0,0,
1662079031048157,4,"motivational,diagnostic,prognostic",1,2,4,
414515324411471,4,"motivational,diagnostic,prognostic",3,1,1,
1290984838850680,4,"motivational,diagnostic,prognostic",1,0,3,
1778257966326597,4,"motivational,diagnostic,prognostic",0,0,1,
822084626722536,4,"motivational,diagnostic,prognostic",3,3,4,
1127204155369035,4,"motivational,diagnostic,prognostic",3,3,4,
593346286786907,4,"motivational,diagnostic,prognostic",1,1,4,
429298543507772,4,"motivational,diagnostic,prognostic",1,2,4,
439799842290683,4,"motivational,diagnostic,prognostic",2,3,4,
2280201212364794,4,"motivational,diagnostic,prognostic",3,3,4,
1811190153024111,4,"motivational,diagnostic,prognostic",2,3,4,
1624249384970057,4,"motivational,diagnostic,prognostic",2,3,4,
1344250603597746,4,"motivational,diagnostic,prognostic",4,2,4,
1764237197749497,4,"motivational,diagnostic,prognostic",1,3,4,
638767411940431,4,"motivational,diagnostic,prognostic",2,1,4,
1701003677148504,4,"motivational,diagnostic,prognostic",2,1,4,
1021415510004833,4,"motivational,diagnostic,prognostic",3,2,4,
1003427188273125,4,"motivational,diagnostic,prognostic",3,2,4,
8999727590122819,4,"motivational,diagnostic,prognostic",3,0,1,
2765323030527576,4,"motivational,diagnostic,prognostic",0,1,3,
1278158756731694,4,"motivational,diagnostic,prognostic",0,0,1,
9405654456152333,4,"motivational,diagnostic,prognostic",0,1,4,
1625184371438425,4,"motivational,diagnostic,prognostic",3,1,4,
1508444343184352,4,"motivational,diagnostic,prognostic",1,2,4,
2030191094059735,4,"motivational,diagnostic,prognostic",0,0,1,
1683730972178979,4,"motivational,diagnostic,prognostic",3,2,4,
604564485611975,4,"motivational,diagnostic,prognostic",2,1,4,
1137550961252839,4,"motivational,diagnostic,prognostic",2,3,4,
1298223494659498,4,"motivational,diagnostic,prognostic",3,2,2,
1554937718524511,4,"motivational,diagnostic,prognostic",4,2,4,
1651498185466984,4,"motivational,diagnostic,prognostic",3,4,3,
977103624526802,4,"motivational,diagnostic,prognostic",2,2,3,
967151299724765,4,"motivational,diagnostic,prognostic",1,1,3,
627826272994347,4,"motivational,diagnostic,prognostic",0,0,3,
2864674767077028,4,"motivational,diagnostic,prognostic",3,3,3,
373623262125302,4,"motivational,diagnostic,prognostic",3,2,4,
795521402768059,4,"motivational,diagnostic,prognostic",2,1,1,
308797011822434,4,"motivational,diagnostic,prognostic",2,4,4,
2085979901997400,4,"motivational,diagnostic,prognostic",0,1,3,
1118539566638090,4,"motivational,diagnostic,prognostic",0,0,0,
1308477520172183,4,"motivational,diagnostic,prognostic",1,0,0,
1400610815220594,4,"motivational,diagnostic,prognostic",0,1,4,
3015703085251906,4,"motivational,diagnostic,prognostic",3,2,4,
315416178126117,4,"motivational,diagnostic,prognostic",3,2,4,
594411406365307,4,"motivational,diagnostic,prognostic",0,0,3,
978050490413988,4,"motivational,diagnostic,prognostic",2,3,3,
854700756410365,4,"motivational,diagnostic,prognostic",4,2,3,
980757587266208,4,"motivational,diagnostic,prognostic",1,2,4,
1794467628072580,4,"motivational,diagnostic,prognostic",0,2,4,
918614553293789,4,"motivational,diagnostic,prognostic",3,3,4,
1285854235993389,4,"motivational,diagnostic,prognostic",3,1,2,
2644508029687648,4,"motivational,diagnostic,prognostic",1,1,3,
2001394133661743,4,"motivational,diagnostic,prognostic",3,3,4,
378473108223970,4,"motivational,diagnostic,prognostic",3,2,4,
365190452739535,4,"motivational,diagnostic,prognostic",4,1,3,
2122646278181832,4,"motivational,diagnostic,prognostic",3,2,3,
1550497362929348,4,"motivational,diagnostic,prognostic",1,2,4,
243035242144898,4,"motivational,diagnostic,prognostic",2,0,2,
2640637069659799,4,"motivational,diagnostic,prognostic",2,3,4,
2371568689695186,4,"motivational,diagnostic,prognostic",3,2,3,
4341409302795035,4,"motivational,diagnostic,prognostic",4,1,2,
1573112560008763,4,"motivational,diagnostic,prognostic",0,0,0,
1581681482803577,4,"motivational,diagnostic,prognostic",0,0,4,
1734664617109929,4,"motivational,diagnostic,prognostic",0,1,3,
987326573290137,4,"motivational,diagnostic,prognostic",3,2,1,
945466170785106,4,"motivational,diagnostic,prognostic",1,3,4,
2614148855709708,4,"motivational,diagnostic,prognostic",3,2,4,
4037421899912527,4,"motivational,diagnostic,prognostic",0,0,3,
2240447803425595,4,"motivational,diagnostic,prognostic",0,1,4,
1285847159361405,4,"motivational,diagnostic,prognostic",3,3,4,
9060383254008888,4,"motivational,diagnostic,prognostic",2,1,4,
1325938385388823,4,"motivational,diagnostic,prognostic",2,2,4,
690127840172654,4,"motivational,diagnostic,prognostic",0,0,3,
1611924403657672,4,"motivational,diagnostic,prognostic",1,0,2,
1157314285973209,4,"motivational,diagnostic,prognostic",3,2,3,
1596461861073063,4,"motivational,diagnostic,prognostic",0,0,4,
866315409015403,4,"motivational,diagnostic,prognostic",3,3,3,
623467490275834,4,"motivational,diagnostic,prognostic",3,2,4,
1514306183216402,4,"motivational,diagnostic,prognostic",0,1,4,
1015009384469536,4,"motivational,diagnostic,prognostic",2,1,4,
443764781869374,4,"motivational,diagnostic,prognostic",2,3,4,
1408457043445048,4,"motivational,diagnostic,prognostic",3,2,4,
1744153463406976,4,"motivational,diagnostic,prognostic",1,1,4,
1842297899508614,4,"motivational,diagnostic,prognostic",0,0,2,
920306709889225,4,"motivational,diagnostic,prognostic",3,3,3,
1375689677775852,4,"motivational,diagnostic,prognostic",2,2,3,
596081206468549,4,"motivational,diagnostic,prognostic",0,1,4,
1992725481503756,4,"motivational,diagnostic,prognostic",2,2,4,
471761559147616,4,"motivational,diagnostic,prognostic",0,0,4,
1776876496486344,4,"motivational,diagnostic,prognostic",3,1,3,
24679996915001602,4,"motivational,diagnostic,prognostic",4,4,4,
473791479106948,4,"motivational,diagnostic,prognostic",0,0,0,
1693150701551734,4,"motivational,diagnostic,prognostic",3,2,4,
1510909723690629,4,"motivational,diagnostic,prognostic",3,2,4,
1590931678482939,4,"motivational,diagnostic,prognostic",3,1,4,
598297086160296,4,"motivational,diagnostic,prognostic",2,3,4,
1148545780314022,4,"motivational,diagnostic,prognostic",0,0,4,
989701979725469,4,"motivational,diagnostic,prognostic",0,0,0,
1830143677788157,4,"motivational,diagnostic,prognostic",1,2,3,
602282142558517,4,"motivational,diagnostic,prognostic",0,1,4,
619046604231016,4,"motivational,diagnostic,prognostic",1,1,4,
1034848342244274,4,"motivational,diagnostic,prognostic",0,0,0,
492621239825612,4,"motivational,diagnostic,prognostic",0,1,4,
4275978315964899,4,"motivational,diagnostic,prognostic",1,0,0,
324715133739643,4,"motivational,diagnostic,prognostic",3,2,4,
2612998049047136,4,"motivational,diagnostic,prognostic",2,4,4,
838438471416006,4,"motivational,diagnostic,prognostic",2,2,3,
1202587894175745,4,"motivational,diagnostic,prognostic",3,2,3,
861941400209791,4,"motivational,diagnostic,prognostic",2,1,1,
1666697700922484,4,"motivational,diagnostic,prognostic",2,2,4,
963081928677045,4,"motivational,diagnostic,prognostic",3,2,4,
1047060954457939,4,"motivational,diagnostic,prognostic",0,1,3,
1467120287206208,4,"motivational,diagnostic,prognostic",1,2,3,
1156474766037332,4,"motivational,diagnostic,prognostic",1,0,2,
1654458612114372,4,"motivational,diagnostic,prognostic",1,2,4,
27444131088539193,4,"motivational,diagnostic,prognostic",1,2,4,
1664714238996685,4,"motivational,diagnostic,prognostic",3,2,4,
1174378884020022,4,"motivational,diagnostic,prognostic",1,2,4,
616554067446868,4,"motivational,diagnostic,prognostic",1,2,4,
1384999402909325,4,"motivational,diagnostic,prognostic",3,1,3,
781216904865154,4,"motivational,diagnostic,prognostic",2,2,4,
1053984950914220,4,"motivational,diagnostic,prognostic",0,0,2,
1541507243225095,4,"motivational,diagnostic,prognostic",3,2,3,
912912760936284,4,"motivational,diagnostic,prognostic",3,1,3,
1835032003933491,4,"motivational,diagnostic,prognostic",1,1,3,
1273792983903431,4,"motivational,diagnostic,prognostic",1,2,4,
1341291163962380,4,"motivational,diagnostic,prognostic",1,2,4,
975092294541669,4,"motivational,diagnostic,prognostic",3,1,3,
1323487428984613,4,"motivational,diagnostic,prognostic",0,0,3,
589273970237907,4,"motivational,diagnostic,prognostic",2,3,4,
1036780938494383,4,"motivational,diagnostic,prognostic",0,0,3,
1130119396342417,4,"motivational,diagnostic,prognostic",1,0,1,
2936141996746504,4,"motivational,diagnostic,prognostic",0,0,4,
2292817127915719,4,"motivational,diagnostic,prognostic",1,1,2,
1473361836551436,4,"motivational,diagnostic,prognostic",3,2,4,
1087860509693015,4,"motivational,diagnostic,prognostic",1,1,4,
587994484154984,4,"motivational,diagnostic,prognostic",0,0,1,
604363578898563,4,"motivational,diagnostic,prognostic",1,1,3,
1278685856754043,4,"motivational,diagnostic,prognostic",0,0,3,
1100883008344767,4,"motivational,diagnostic,prognostic",1,2,4,
1118186226442029,4,"motivational,diagnostic,prognostic",2,1,4,
480789531734925,4,"motivational,diagnostic,prognostic",2,0,2,
1354142630136075,4,"motivational,diagnostic,prognostic",3,1,1,
1349031336465847,4,"motivational,diagnostic,prognostic",2,2,4,
1550667759775210,4,"motivational,diagnostic,prognostic",0,1,4,
2922718441220229,4,"motivational,diagnostic,prognostic",3,2,4,
970358864550319,4,"motivational,diagnostic,prognostic",0,1,4,
631683535999753,4,"motivational,diagnostic,prognostic",1,0,0,
475587768926209,4,"motivational,diagnostic,prognostic",4,2,3,
918967117016330,4,"motivational,diagnostic,prognostic",2,4,4,
604524499292447,4,"motivational,diagnostic,prognostic",1,0,4,
2367618000253213,4,"motivational,diagnostic,prognostic",3,2,4,
596508662995269,4,"motivational,diagnostic,prognostic",0,0,4,
1088863178921274,4,"motivational,diagnostic,prognostic",2,2,4,
1785726811969846,4,"motivational,diagnostic,prognostic",3,2,3,
3905636399752923,4,"motivational,diagnostic,prognostic",4,3,4,
486118821197022,4,"motivational,diagnostic,prognostic",2,1,4,
795067709946741,4,"motivational,diagnostic,prognostic",3,3,2,
1223263452765031,4,"motivational,diagnostic,prognostic",0,1,2,
1699466780637799,4,"motivational,diagnostic,prognostic",2,3,4,
1671342880404065,4,"motivational,diagnostic,prognostic",3,3,4,
642785391491531,4,"motivational,diagnostic,prognostic",3,2,4,
638887898617914,4,"motivational,diagnostic,prognostic",4,1,3,
399726656536198,4,"motivational,diagnostic,prognostic",3,2,1,
599450316020468,4,"motivational,diagnostic,prognostic",0,1,4,
1315020476201761,4,"motivational,diagnostic,prognostic",0,0,0,
314357591627895,4,"motivational,diagnostic,prognostic",3,3,4,
590334327230197,4,"motivational,diagnostic,prognostic",0,2,4,
587830234403496,4,"motivational,diagnostic,prognostic",0,1,4,
1745392366539637,4,"motivational,diagnostic,prognostic",3,2,4,
27337918919234161,4,"motivational,diagnostic,prognostic",0,1,4,
2488872728207443,4,"motivational,diagnostic,prognostic",0,0,3,
958594556230217,4,"motivational,diagnostic,prognostic",3,2,4,
639203795235518,4,"motivational,diagnostic,prognostic",3,2,4,
542988022102772,4,"motivational,diagnostic,prognostic",1,0,0,
1282129196423246,4,"motivational,diagnostic,prognostic",1,2,4,
1331256016490142,4,"motivational,diagnostic,prognostic",0,1,4,
2088570391594488,4,"motivational,diagnostic,prognostic",1,2,4,
1014943717961464,4,"motivational,diagnostic,prognostic",0,0,2,
1085303306423209,4,"motivational,diagnostic,prognostic",0,1,4,
582372721274716,4,"motivational,diagnostic,prognostic",2,1,4,
1077582551352850,4,"motivational,diagnostic,prognostic",2,0,0,
2355801208122838,4,"motivational,diagnostic,prognostic",3,1,3,
1069414314895222,4,"motivational,diagnostic,prognostic",3,2,4,
3067837476697905,4,"motivational,diagnostic,prognostic",4,3,4,
599657749076443,4,"motivational,diagnostic,prognostic",3,2,4,
1388811016641777,4,"motivational,diagnostic,prognostic",2,3,4,
488802673949516,4,"motivational,diagnostic,prognostic",0,0,2,
1452929612658613,4,"motivational,diagnostic,prognostic",0,1,4,
660332316522459,4,"motivational,diagnostic,prognostic",4,3,4,
2413951005609031,4,"motivational,diagnostic,prognostic",2,2,4,
1704673213358536,4,"motivational,diagnostic,prognostic",2,1,4,
954839269648726,4,"motivational,diagnostic,prognostic",2,3,4,
962864519123005,4,"motivational,diagnostic,prognostic",0,0,0,
584467274549026,4,"motivational,diagnostic,prognostic",3,1,1,
242749248699325,4,"motivational,diagnostic,prognostic",0,0,0,
2064271974037979,4,"motivational,diagnostic,prognostic",3,2,4,
1051831714190280,4,"motivational,diagnostic,prognostic",2,2,1,
9415499608489876,4,"motivational,diagnostic,prognostic",3,3,4,
581804394672282,4,"motivational,diagnostic,prognostic",3,2,4,
842832121253359,4,"motivational,diagnostic,prognostic",2,1,4,
1904185617207866,4,"motivational,diagnostic,prognostic",0,1,3,
491699056957488,4,"motivational,diagnostic,prognostic",2,3,3,
1608344846441449,4,"motivational,diagnostic,prognostic",3,2,4,
1145210427384222,4,"motivational,diagnostic,prognostic",1,2,4,
1292388618615900,4,"motivational,diagnostic,prognostic",0,0,2,
556534650872934,4,"motivational,diagnostic,prognostic",3,2,4,
9957261067642073,4,"motivational,diagnostic,prognostic",2,3,4,
1780858042755262,4,"motivational,diagnostic,prognostic",3,3,4,
921124793559096,4,"motivational,diagnostic,prognostic",3,2,4,
1373798020968494,4,"motivational,diagnostic,prognostic",2,1,1,
669096998906901,4,"motivational,diagnostic,prognostic",2,1,3,
869062385202726,4,"motivational,diagnostic,prognostic",3,1,4,
1675035050115031,4,"motivational,diagnostic,prognostic",0,1,4,
913167700637693,4,"motivational,diagnostic,prognostic",2,3,4,
1140836627493575,4,"motivational,diagnostic,prognostic",2,2,3,
605582065666741,4,"motivational,diagnostic,prognostic",0,1,4,
604917105622740,4,"motivational,diagnostic,prognostic",2,2,4,
3946954868894211,4,"motivational,diagnostic,prognostic",2,3,2,
1565984661461129,4,"motivational,diagnostic,prognostic",1,3,3,
485263034332216,4,"motivational,diagnostic,prognostic",0,0,3,
2062667110830736,4,"motivational,diagnostic,prognostic",3,2,4,
3796014083993882,4,"motivational,diagnostic,prognostic",0,0,1,
556579700418579,4,"motivational,diagnostic,prognostic",3,1,3,
1329653458054263,4,"motivational,diagnostic,prognostic",1,1,2,
628242919682757,4,"motivational,diagnostic,prognostic",2,2,4,
1329708298432959,4,"motivational,diagnostic,prognostic",3,3,4,
2082138255577256,4,"motivational,diagnostic,prognostic",4,1,3,
633468645881105,4,"motivational,diagnostic,prognostic",1,2,4,
1391368888969906,4,"motivational,diagnostic,prognostic",1,2,4,
964739745120503,4,"motivational,diagnostic,prognostic",0,0,2,
1447612855795462,4,"motivational,diagnostic,prognostic",3,2,4,
1158843005768713,4,"motivational,diagnostic,prognostic",1,2,4,
1420547588813716,4,"motivational,diagnostic,prognostic",2,2,4,
9440161989327864,4,"motivational,diagnostic,prognostic",2,3,4,
952825333701386,4,"motivational,diagnostic,prognostic",3,2,2,
1295232321586383,4,"motivational,diagnostic,prognostic",1,2,4,
1995349734508904,4,"motivational,diagnostic,prognostic",1,1,3,
1080927393126491,4,"motivational,diagnostic,prognostic",1,0,2,
1152998946170073,4,"motivational,diagnostic,prognostic",2,3,1,
941895102237536,4,"motivational,diagnostic,prognostic",1,2,4,
2016049182608492,4,"motivational,diagnostic,prognostic",4,2,3,
1123632219870745,4,"motivational,diagnostic,prognostic",0,1,4,
848846180511882,4,"motivational,diagnostic,prognostic",2,1,4,
884449200561198,4,"motivational,diagnostic,prognostic",0,0,0,
622532510259029,4,"motivational,diagnostic,prognostic",2,3,3,
2120194405206969,4,"motivational,diagnostic,prognostic",3,4,2,
628426219598812,4,"motivational,diagnostic,prognostic",2,3,4,
373796122336276,4,"motivational,diagnostic,prognostic",2,2,3,
487712657403543,4,"motivational,diagnostic,prognostic",2,1,3,
1307090617007433,4,"motivational,diagnostic,prognostic",2,3,4,
1610944200587941,4,"motivational,diagnostic,prognostic",3,3,3,
483235424096923,4,"motivational,diagnostic,prognostic",2,1,4,
962859182207994,4,"motivational,diagnostic,prognostic",3,2,4,
971876277695852,4,"motivational,diagnostic,prognostic",3,2,4,
941998208892822,4,"motivational,diagnostic,prognostic",2,1,4,
1413223779743915,4,"motivational,diagnostic,prognostic",2,3,4,
2319097668622328,4,"motivational,diagnostic,prognostic",3,0,3,
732486623198065,4,"motivational,diagnostic,prognostic",1,2,4,
1567520901502536,4,"motivational,diagnostic,prognostic",0,0,3,
484991460555995,4,"motivational,diagnostic,prognostic",3,1,2,
1362330588705738,4,"motivational,diagnostic,prognostic",2,2,3,
1194615320401772,4,"motivational,diagnostic,prognostic",2,2,4,
2020725001770250,4,"motivational,diagnostic,prognostic",3,2,4,
1581901713438123,4,"motivational,diagnostic,prognostic",3,2,4,
1142086794365723,4,"motivational,diagnostic,prognostic",3,3,4,
1745716216828277,4,"motivational,diagnostic,prognostic",0,0,3,
1274401577201311,4,"motivational,diagnostic,prognostic",0,0,3,
646670041356749,4,"motivational,diagnostic,prognostic",2,1,3,
467069309189776,4,"motivational,diagnostic,prognostic",0,1,3,
1375938729784183,4,"motivational,diagnostic,prognostic",3,2,4,
1365846982093944,4,"motivational,diagnostic,prognostic",1,2,4,
971073831049861,4,"motivational,diagnostic,prognostic",3,3,4,
1025189083429263,4,"motivational,diagnostic,prognostic",1,0,4,
562687792797844,4,"motivational,diagnostic,prognostic",4,1,2,
472666991840738,4,"motivational,diagnostic,prognostic",0,1,3,
543541258294798,4,"motivational,diagnostic,prognostic",0,0,3,
2771196933265776,4,"motivational,diagnostic,prognostic",2,2,3,
1904823576861450,4,"motivational,diagnostic,prognostic",2,3,4,
1199053815683542,4,"motivational,diagnostic,prognostic",0,0,0,
1443675796612227,4,"motivational,diagnostic,prognostic",0,0,1,
962684919162004,4,"motivational,diagnostic,prognostic",2,2,4,
784780093959053,4,"motivational,diagnostic,prognostic",0,0,3,
2146682909587986,4,"motivational,diagnostic,prognostic",0,0,2,
362946583112219,4,"motivational,diagnostic,prognostic",3,1,3,
2530276157414773,4,"motivational,diagnostic,prognostic",1,2,4,
853079583322426,4,"motivational,diagnostic,prognostic",3,2,4,
1942410626211029,4,"motivational,diagnostic,prognostic",1,2,4,
1734045977153288,4,"motivational,diagnostic,prognostic",3,2,4,
917136051398825,4,"motivational,diagnostic,prognostic",1,2,4,
2092020758330485,4,"motivational,diagnostic,prognostic",0,0,2,
8834809209975063,4,"motivational,diagnostic,prognostic",1,2,4,
870686416110328,4,"motivational,diagnostic,prognostic",3,2,4,
349229891430150,4,"motivational,diagnostic,prognostic",3,1,4,
565573689496390,4,"motivational,diagnostic,prognostic",2,3,4,
1457468888501840,4,"motivational,diagnostic,prognostic",1,1,2,
966005778801879,4,"motivational,diagnostic,prognostic",2,1,1,
561492046937138,4,"motivational,diagnostic,prognostic",2,1,4,
2347783768951460,4,"motivational,diagnostic,prognostic",2,1,4,
1087078743662381,4,"motivational,diagnostic,prognostic",1,0,3,
1550308922998056,4,"motivational,diagnostic,prognostic",3,2,3,
1003282811849059,4,"motivational,diagnostic,prognostic",2,3,4,
1316518670654211,4,"motivational,diagnostic,prognostic",4,4,3,
2229147617943788,4,"motivational,diagnostic,prognostic",3,1,3,
2067158137058354,4,"motivational,diagnostic,prognostic",1,1,2,
1530822600962540,4,"motivational,diagnostic,prognostic",2,2,4,
1102300311575772,4,"motivational,diagnostic,prognostic",1,3,4,
1061117608654910,4,"motivational,diagnostic,prognostic",3,2,4,
1450188760206644,4,"motivational,diagnostic,prognostic",1,2,3,
1376312160020123,4,"motivational,diagnostic,prognostic",3,3,2,
1722585111989390,4,"motivational,diagnostic,prognostic",2,2,4,
1063694509657135,4,"motivational,diagnostic,prognostic",0,0,1,
2012797319471157,4,"motivational,diagnostic,prognostic",2,1,4,
1132049498021939,4,"motivational,diagnostic,prognostic",0,1,4,
1343599451070628,4,"motivational,diagnostic,prognostic",3,0,3,
1152404916585203,4,"motivational,diagnostic,prognostic",1,3,4,
2559671247811957,4,"motivational,diagnostic,prognostic",1,0,4,
2090466428469931,4,"motivational,diagnostic,prognostic",2,2,4,
2115946859278089,4,"motivational,diagnostic,prognostic",3,3,4,
600356382950375,4,"motivational,diagnostic,prognostic",1,2,4,
918961343751998,4,"motivational,diagnostic,prognostic",1,1,3,
1144666673583895,4,"motivational,diagnostic,prognostic",3,0,1,
2723322174519317,4,"motivational,diagnostic,prognostic",0,0,4,
927938095742076,4,"motivational,diagnostic,prognostic",1,2,4,
1098449118679029,4,"motivational,diagnostic,prognostic",3,2,4,
1806581486547612,4,"motivational,diagnostic,prognostic",0,2,4,
1132709174708606,4,"motivational,diagnostic,prognostic",1,1,4,
1611029850263910,4,"motivational,diagnostic,prognostic",2,0,3,
474045169110035,4,"motivational,diagnostic,prognostic",3,1,3,
1486238359251135,4,"motivational,diagnostic,prognostic",1,2,4,
3329357400701910,4,"motivational,diagnostic,prognostic",0,1,4,
1506496943357660,4,"motivational,diagnostic,prognostic",0,0,2,
965513651816359,4,"motivational,diagnostic,prognostic",0,1,4,
788427536373053,4,"motivational,diagnostic,prognostic",3,2,4,
1097429858849963,4,"motivational,diagnostic,prognostic",1,2,4,
1551275112246044,4,"motivational,diagnostic,prognostic",3,1,4,
28059107713714546,4,"motivational,diagnostic,prognostic",3,2,4,
1530980000800011,4,"motivational,diagnostic,prognostic",3,1,4,
3451887901645079,4,"motivational,diagnostic,prognostic",0,0,1,
788205253822282,4,"motivational,diagnostic,prognostic",2,2,4,
1153695905977242,4,"motivational,diagnostic,prognostic",1,2,3,
3001464893344887,4,"motivational,diagnostic,prognostic",3,2,4,
1562735515201696,4,"motivational,diagnostic,prognostic",0,1,3,
976379730938531,4,"motivational,diagnostic,prognostic",1,1,3,
798816909562890,4,"motivational,diagnostic,prognostic",0,1,4,
1008271025276666,4,"motivational,diagnostic,prognostic",0,1,4,
1507458371062799,4,"motivational,diagnostic,prognostic",1,1,3,
734198646109280,4,"motivational,diagnostic,prognostic",3,2,4,
2064125574507477,4,"motivational,diagnostic,prognostic",1,2,4,
4108090222656636,4,"motivational,diagnostic,prognostic",2,3,4,
1294087411616860,4,"motivational,diagnostic,prognostic",3,3,4,
2342376572785320,4,"motivational,diagnostic,prognostic",2,4,4,
1552423282777266,4,"motivational,diagnostic,prognostic",2,1,4,
2010648582912746,4,"motivational,diagnostic,prognostic",0,1,4,
1457249752898978,4,"motivational,diagnostic,prognostic",1,2,4,
663944139403675,4,"motivational,diagnostic,prognostic",1,1,3,
3942825259309591,4,"motivational,diagnostic,prognostic",1,2,4,
1524219395101722,4,"motivational,diagnostic,prognostic",1,0,2,
2050978312089251,4,"motivational,diagnostic,prognostic",4,1,1,
3438969699605976,4,"motivational,diagnostic,prognostic",3,2,4,
1119586585749497,4,"motivational,diagnostic,prognostic",3,2,4,
2011865955947422,4,"motivational,diagnostic,prognostic",1,2,4,
1370356705077304,4,"motivational,diagnostic,prognostic",3,2,4,
413225937903966,4,"motivational,diagnostic,prognostic",3,2,2,
1725890605114878,4,"motivational,diagnostic,prognostic",3,3,4,
928516692523767,4,"motivational,diagnostic,prognostic",1,1,3,
1557788621592144,4,"motivational,diagnostic,prognostic",3,2,4,
3459517980881045,4,"motivational,diagnostic,prognostic",4,1,2,
964011325155229,4,"motivational,diagnostic,prognostic",2,1,3,
1127478965543348,4,"motivational,diagnostic,prognostic",1,1,4,
659938999852103,4,"motivational,diagnostic,prognostic",3,3,4,
1451874179046350,4,"motivational,diagnostic,prognostic",3,2,4,
1337873533888064,4,"motivational,diagnostic,prognostic",1,3,4,
984551146921794,4,"motivational,diagnostic,prognostic",2,1,4,
1554768439694507,4,"motivational,diagnostic,prognostic",4,4,3,
913088213652909,4,"motivational,diagnostic,prognostic",4,2,4,
1204913700473774,4,"motivational,diagnostic,prognostic",3,0,1,
1021535170272890,4,"motivational,diagnostic,prognostic",0,0,4,
635384005727700,4,"motivational,diagnostic,prognostic",1,2,3,
503559242339003,4,"motivational,diagnostic,prognostic",2,1,4,
1001998559413129,4,"motivational,diagnostic,prognostic",0,0,4,
581984257525893,4,"motivational,diagnostic,prognostic",2,2,4,
1676822056590515,4,"motivational,diagnostic,prognostic",4,1,1,
1798825444080518,4,"motivational,diagnostic,prognostic",3,3,4,
1023300567357151,4,"motivational,diagnostic,prognostic",1,0,1,
1345003696964733,4,"motivational,diagnostic,prognostic",2,1,4,
1396151405673775,4,"motivational,diagnostic,prognostic",2,3,4,
2666498876881823,4,"motivational,diagnostic,prognostic",0,0,3,
660446009755075,4,"motivational,diagnostic,prognostic",0,1,3,
1765167931323633,4,"motivational,diagnostic,prognostic",4,2,3,
965404731799799,4,"motivational,diagnostic,prognostic",0,2,4,
1546981080150330,4,"motivational,diagnostic,prognostic",1,3,4,
1779203532865049,4,"motivational,diagnostic,prognostic",1,0,2,
1254845358940493,4,"motivational,diagnostic,prognostic",1,1,4,
1025206482709324,4,"motivational,diagnostic,prognostic",3,2,3,
3590053204625528,4,"motivational,diagnostic,prognostic",1,2,4,
2124179184651776,4,"motivational,diagnostic,prognostic",1,2,4,
2307087463032131,4,"motivational,diagnostic,prognostic",2,2,3,
1114361183525768,4,"motivational,diagnostic,prognostic",2,1,4,
1787764931979719,4,"motivational,diagnostic,prognostic",3,2,4,
502331429498729,4,"motivational,diagnostic,prognostic",2,1,3,
862264216454796,4,"motivational,diagnostic,prognostic",2,2,3,
1120924859827946,4,"motivational,diagnostic,prognostic",1,2,4,
3697563997165529,4,"motivational,diagnostic,prognostic",2,3,4,
563361333525402,4,"motivational,diagnostic,prognostic",0,1,4,
836008519201456,4,"motivational,diagnostic,prognostic",0,1,3,
1795838157939383,4,"motivational,diagnostic,prognostic",3,1,3,
1105377081337626,4,"motivational,diagnostic,prognostic",1,1,3,
1583268090174808,4,"motivational,diagnostic,prognostic",0,0,3,
960480162718522,4,"motivational,diagnostic,prognostic",0,1,4,
1114348719675022,4,"motivational,diagnostic,prognostic",0,1,4,
641879825071949,4,"motivational,diagnostic,prognostic",2,1,4,
770032595345971,4,"motivational,diagnostic,prognostic",1,2,4,
2506644846521720,4,"motivational,diagnostic,prognostic",0,1,4,
1505631080644426,4,"motivational,diagnostic,prognostic",4,4,3,
644989057920877,4,"motivational,diagnostic,prognostic",3,3,4,
1119291902651222,4,"motivational,diagnostic,prognostic",1,2,3,
1359392422161104,4,"motivational,diagnostic,prognostic",1,1,3,
2223917595072359,4,"motivational,diagnostic,prognostic",2,1,4,
1173736320758697,4,"motivational,diagnostic,prognostic",2,4,3,
1020256376513898,4,"motivational,diagnostic,prognostic",2,2,4,
2045465819387827,4,"motivational,diagnostic,prognostic",2,0,0,
1557308712606998,4,"motivational,diagnostic,prognostic",3,4,3,
1075790187003539,4,"motivational,diagnostic,prognostic",4,2,4,
1727704968251662,4,"motivational,diagnostic,prognostic",1,1,4,
3909694869309277,4,"motivational,diagnostic,prognostic",2,4,4,
1037131452184619,4,"motivational,diagnostic,prognostic",3,3,4,
1343881667947562,4,"motivational,diagnostic,prognostic",3,2,4,
1688501955404341,4,"motivational,diagnostic,prognostic",1,0,3,
4532354583682699,4,"motivational,diagnostic,prognostic",3,3,4,
643011201495247,4,"motivational,diagnostic,prognostic",2,1,4,
1004503131723055,5,"motivational,prognostic,diagnostic",2,1,4,
986576306633702,5,"motivational,prognostic,diagnostic",0,0,1,
3770522479929599,5,"motivational,prognostic,diagnostic",0,1,4,
1571666100173668,5,"motivational,prognostic,diagnostic",1,1,4,
872900928251532,5,"motivational,prognostic,diagnostic",3,2,4,
1096722516120605,5,"motivational,prognostic,diagnostic",1,1,4,
8388365957959416,5,"motivational,prognostic,diagnostic",0,0,3,
1734432077346478,5,"motivational,prognostic,diagnostic",2,2,4,
9292622500788338,5,"motivational,prognostic,diagnostic",1,1,4,
994247570097633,5,"motivational,prognostic,diagnostic",0,1,4,
3540266812806293,5,"motivational,prognostic,diagnostic",0,0,0,
1542669927123464,5,"motivational,prognostic,diagnostic",1,2,4,
1017416917705634,5,"motivational,prognostic,diagnostic",1,1,4,
588384047454457,5,"motivational,prognostic,diagnostic",0,0,2,
1580737097387377,5,"motivational,prognostic,diagnostic",2,1,4,
2163450137886845,5,"motivational,prognostic,diagnostic",1,1,4,
631569479650715,5,"motivational,prognostic,diagnostic",0,0,0,
2064243864001823,5,"motivational,prognostic,diagnostic",1,0,4,
1044729717424759,5,"motivational,prognostic,diagnostic",4,1,1,
1605124060129247,5,"motivational,prognostic,diagnostic",0,1,4,
1047446551611297,5,"motivational,prognostic,diagnostic",3,3,2,
2124890891298383,5,"motivational,prognostic,diagnostic",0,1,4,
1205944201669093,5,"motivational,prognostic,diagnostic",3,3,4,
4059316084314035,5,"motivational,prognostic,diagnostic",1,2,4,
627060880017098,5,"motivational,prognostic,diagnostic",2,0,2,
1285820719203630,5,"motivational,prognostic,diagnostic",2,2,3,
1132601994734297,5,"motivational,prognostic,diagnostic",3,1,3,
1953508441820544,5,"motivational,prognostic,diagnostic",0,0,4,
523327920743101,5,"motivational,prognostic,diagnostic",0,0,4,
8750420001660989,5,"motivational,prognostic,diagnostic",2,1,4,
1149026473675176,5,"motivational,prognostic,diagnostic",1,1,4,
875692301191517,5,"motivational,prognostic,diagnostic",0,0,2,
1030871629491993,5,"motivational,prognostic,diagnostic",1,1,4,
1129880068691719,5,"motivational,prognostic,diagnostic",1,3,4,
990544830666031,5,"motivational,prognostic,diagnostic",0,1,4,
582727901332121,5,"motivational,prognostic,diagnostic",2,1,4,
1671847013728676,5,"motivational,prognostic,diagnostic",0,0,3,
1686700248572943,5,"motivational,prognostic,diagnostic",3,2,4,
1546487366060737,5,"motivational,prognostic,diagnostic",0,0,4,
791333399785537,5,"motivational,prognostic,diagnostic",0,1,4,
1699226327600860,5,"motivational,prognostic,diagnostic",1,1,4,
1036451052270601,5,"motivational,prognostic,diagnostic",0,0,2,
920381006909236,5,"motivational,prognostic,diagnostic",3,1,4,
557908700459769,5,"motivational,prognostic,diagnostic",1,1,4,
578026645101465,5,"motivational,prognostic,diagnostic",1,1,4,
1737555863938513,5,"motivational,prognostic,diagnostic",1,2,4,
1357674042363606,5,"motivational,prognostic,diagnostic",0,1,4,
1617063929244758,5,"motivational,prognostic,diagnostic",3,2,3,
1294673574865485,5,"motivational,prognostic,diagnostic",1,1,3,
947888484102797,5,"motivational,prognostic,diagnostic",3,1,4,
564802376558581,5,"motivational,prognostic,diagnostic",2,2,4,
1143430384059784,5,"motivational,prognostic,diagnostic",1,1,4,
586195010884644,5,"motivational,prognostic,diagnostic",0,0,3,
973064850823591,5,"motivational,prognostic,diagnostic",2,0,1,
968057634769764,5,"motivational,prognostic,diagnostic",1,0,3,
1421199075520655,5,"motivational,prognostic,diagnostic",0,1,4,
702303428767640,5,"motivational,prognostic,diagnostic",1,1,4,
613534517927897,5,"motivational,prognostic,diagnostic",2,1,3,
951184693632090,5,"motivational,prognostic,diagnostic",1,0,3,
913475451788936,5,"motivational,prognostic,diagnostic",0,1,3,
916628800456677,5,"motivational,prognostic,diagnostic",0,0,3,
1936586947059889,5,"motivational,prognostic,diagnostic",0,1,4,
1174482520943616,5,"motivational,prognostic,diagnostic",0,0,0,
1275871846977890,5,"motivational,prognostic,diagnostic",1,2,4,
8685466041539840,5,"motivational,prognostic,diagnostic",2,2,4,
971853418275144,5,"motivational,prognostic,diagnostic",0,0,1,
1427650952542789,5,"motivational,prognostic,diagnostic",2,2,4,
571309375845127,5,"motivational,prognostic,diagnostic",3,1,2,
1491957615574748,5,"motivational,prognostic,diagnostic",0,2,2,
2091032871346006,5,"motivational,prognostic,diagnostic",1,3,2,
977262944287748,5,"motivational,prognostic,diagnostic",3,0,1,
1557574411626706,5,"motivational,prognostic,diagnostic",1,1,4,
1244470629952506,5,"motivational,prognostic,diagnostic",2,4,3,
786746683597077,5,"motivational,prognostic,diagnostic",1,2,4,
584543591169281,5,"motivational,prognostic,diagnostic",2,1,4,
836718958419866,5,"motivational,prognostic,diagnostic",1,1,4,
551859234309198,5,"motivational,prognostic,diagnostic",2,2,4,
3421025354697136,5,"motivational,prognostic,diagnostic",0,0,2,
627085859973731,5,"motivational,prognostic,diagnostic",2,0,2,
605274878606992,5,"motivational,prognostic,diagnostic",3,1,3,
1416222146014719,5,"motivational,prognostic,diagnostic",1,3,3,
1555401288311089,5,"motivational,prognostic,diagnostic",0,1,4,
3807106556218299,5,"motivational,prognostic,diagnostic",2,3,3,
560941893598180,5,"motivational,prognostic,diagnostic",2,1,4,
597452026057296,5,"motivational,prognostic,diagnostic",2,1,4,
1702022374449716,5,"motivational,prognostic,diagnostic",3,2,4,
1767750004039041,5,"motivational,prognostic,diagnostic",3,3,2,
1110219197467528,5,"motivational,prognostic,diagnostic",1,0,0,
1748640132374601,5,"motivational,prognostic,diagnostic",0,0,4,
1139497823863554,5,"motivational,prognostic,diagnostic",2,2,4,
1276093303522189,5,"motivational,prognostic,diagnostic",3,2,3,
928300469414178,5,"motivational,prognostic,diagnostic",2,3,4,
1279950183027422,5,"motivational,prognostic,diagnostic",0,0,3,
971524815081454,5,"motivational,prognostic,diagnostic",0,0,4,
1346945740004711,5,"motivational,prognostic,diagnostic",2,1,4,
939444218069995,5,"motivational,prognostic,diagnostic",0,0,0,
615035201479571,5,"motivational,prognostic,diagnostic",1,1,4,
881341791159172,5,"motivational,prognostic,diagnostic",2,3,4,
565107919574753,5,"motivational,prognostic,diagnostic",2,1,4,
560593973644457,5,"motivational,prognostic,diagnostic",2,1,3,
1018416317613877,5,"motivational,prognostic,diagnostic",3,1,4,
1106563191011420,5,"motivational,prognostic,diagnostic",0,0,1,
927058139357131,5,"motivational,prognostic,diagnostic",1,1,4,
1112390856767024,5,"motivational,prognostic,diagnostic",2,1,3,
582883781381555,5,"motivational,prognostic,diagnostic",2,3,2,
4028668074085365,5,"motivational,prognostic,diagnostic",2,2,4,
1252668219343606,5,"motivational,prognostic,diagnostic",3,2,4,
1569643657979640,5,"motivational,prognostic,diagnostic",3,3,2,
595628010034644,5,"motivational,prognostic,diagnostic",1,1,4,
2667351190139885,5,"motivational,prognostic,diagnostic",2,2,4,
912902757216883,5,"motivational,prognostic,diagnostic",1,2,4,
644112671377272,5,"motivational,prognostic,diagnostic",2,1,4,
1582272139347305,5,"motivational,prognostic,diagnostic",2,3,4,
1353261469374916,5,"motivational,prognostic,diagnostic",3,1,4,
927619040412042,5,"motivational,prognostic,diagnostic",0,0,4,
1344277863585581,5,"motivational,prognostic,diagnostic",0,1,3,
591358187098194,5,"motivational,prognostic,diagnostic",0,1,4,
2244860386086839,5,"motivational,prognostic,diagnostic",3,1,2,
1162612125534440,5,"motivational,prognostic,diagnostic",2,2,3,
1744992209393757,5,"motivational,prognostic,diagnostic",2,1,2,
27229796373361422,5,"motivational,prognostic,diagnostic",1,2,4,
1088944663580758,5,"motivational,prognostic,diagnostic",2,1,2,
1087856537092968,5,"motivational,prognostic,diagnostic",0,1,4,
1164087405115870,5,"motivational,prognostic,diagnostic",2,1,4,
1061415150152448,5,"motivational,prognostic,diagnostic",0,1,4,
1110507631310855,5,"motivational,prognostic,diagnostic",0,1,4,
1596139554347776,5,"motivational,prognostic,diagnostic",2,1,4,
959604232902091,5,"motivational,prognostic,diagnostic",3,2,4,
522633413580839,5,"motivational,prognostic,diagnostic",2,0,1,
1335670100800098,5,"motivational,prognostic,diagnostic",4,3,4,
1324873738528449,5,"motivational,prognostic,diagnostic",0,0,2,
1778368512934265,5,"motivational,prognostic,diagnostic",0,0,4,
1726719777876126,5,"motivational,prognostic,diagnostic",2,1,4,
2505204226646655,5,"motivational,prognostic,diagnostic",2,1,3,
1256277215486290,5,"motivational,prognostic,diagnostic",1,1,4,
981885247163115,5,"motivational,prognostic,diagnostic",2,1,4,
1323518098695358,5,"motivational,prognostic,diagnostic",2,2,4,
897014192511331,5,"motivational,prognostic,diagnostic",1,1,4,
1121712089436205,5,"motivational,prognostic,diagnostic",1,1,3,
900593781806901,5,"motivational,prognostic,diagnostic",0,1,3,
1343327011266200,5,"motivational,prognostic,diagnostic",0,0,0,
1090513839393778,5,"motivational,prognostic,diagnostic",0,0,2,
882847390499437,5,"motivational,prognostic,diagnostic",1,2,4,
3887390728182134,5,"motivational,prognostic,diagnostic",0,0,2,
1138759677904405,5,"motivational,prognostic,diagnostic",2,0,1,
1071213912153437,5,"motivational,prognostic,diagnostic",0,1,4,
1340645520257229,5,"motivational,prognostic,diagnostic",0,0,4,
1465668141989085,5,"motivational,prognostic,diagnostic",3,4,3,
1128953431964646,5,"motivational,prognostic,diagnostic",0,1,4,
1024275190195657,5,"motivational,prognostic,diagnostic",3,1,4,
1356881359055488,5,"motivational,prognostic,diagnostic",1,1,4,
1511553430517498,5,"motivational,prognostic,diagnostic",2,1,4,
940957347906174,5,"motivational,prognostic,diagnostic",2,2,4,
2967528553596876,5,"motivational,prognostic,diagnostic",0,0,4,
872031595983597,5,"motivational,prognostic,diagnostic",0,1,4,
1109007447272549,5,"motivational,prognostic,diagnostic",1,2,4,
492540757167632,5,"motivational,prognostic,diagnostic",1,2,4,
565416772796633,5,"motivational,prognostic,diagnostic",1,1,4,
1597111978679445,5,"motivational,prognostic,diagnostic",1,1,3,
1638576126868599,5,"motivational,prognostic,diagnostic",1,2,4,
557778480333701,5,"motivational,prognostic,diagnostic",2,1,4,
1360219564981610,5,"motivational,prognostic,diagnostic",1,1,4,
1248409136221533,5,"motivational,prognostic,diagnostic",0,1,4,
3529636417200068,5,"motivational,prognostic,diagnostic",0,0,3,
9601224049898588,5,"motivational,prognostic,diagnostic",2,2,4,
1526113364720481,5,"motivational,prognostic,diagnostic",2,1,4,
1676037026673195,5,"motivational,prognostic,diagnostic",2,3,4,
2101762656945810,5,"motivational,prognostic,diagnostic",3,2,4,
1141252850895414,5,"motivational,prognostic,diagnostic",2,2,4,
2394097104260963,5,"motivational,prognostic,diagnostic",3,0,0,
1644391329485160,5,"motivational,prognostic,diagnostic",0,0,3,
1316560759461741,5,"motivational,prognostic,diagnostic",2,3,4,
889437226633583,5,"motivational,prognostic,diagnostic",1,1,4,
1001838399500594,5,"motivational,prognostic,diagnostic",2,2,4,
1167817991425214,5,"motivational,prognostic,diagnostic",3,1,4,
583139774690684,5,"motivational,prognostic,diagnostic",3,1,4,
505358838820540,5,"motivational,prognostic,diagnostic",0,0,4,
1219975549306951,5,"motivational,prognostic,diagnostic",2,1,3,
637956195411379,5,"motivational,prognostic,diagnostic",2,3,4,
505915048765304,5,"motivational,prognostic,diagnostic",0,1,4,
1268507504387158,5,"motivational,prognostic,diagnostic",2,2,4,
2025523264749711,5,"motivational,prognostic,diagnostic",0,1,4,
1325615295305651,5,"motivational,prognostic,diagnostic",0,0,0,
1307177300274832,5,"motivational,prognostic,diagnostic",3,2,3,
1105849271555367,5,"motivational,prognostic,diagnostic",1,1,2,
1001643848486680,5,"motivational,prognostic,diagnostic",0,0,2,
1620819912646444,5,"motivational,prognostic,diagnostic",0,0,1,
1093980203013513,5,"motivational,prognostic,diagnostic",0,0,3,
1182140856693729,5,"motivational,prognostic,diagnostic",0,1,3,
3533550263611316,5,"motivational,prognostic,diagnostic",2,2,4,
964937362349500,5,"motivational,prognostic,diagnostic",1,0,2,
1101604428209522,5,"motivational,prognostic,diagnostic",0,0,4,
2623426021440535,5,"motivational,prognostic,diagnostic",1,1,3,
642728508434396,5,"motivational,prognostic,diagnostic",3,0,0,
1807212613443727,5,"motivational,prognostic,diagnostic",0,0,4,
528306336934715,5,"motivational,prognostic,diagnostic",2,3,4,
1154825166021316,5,"motivational,prognostic,diagnostic",3,3,4,
4009220552542785,5,"motivational,prognostic,diagnostic",2,0,3,
1159752695741605,5,"motivational,prognostic,diagnostic",1,3,4,
2096597247439552,5,"motivational,prognostic,diagnostic",0,0,4,
729446615937609,5,"motivational,prognostic,diagnostic",3,3,4,
28234056732947945,5,"motivational,prognostic,diagnostic",3,1,4,
1381871880799391,5,"motivational,prognostic,diagnostic",0,0,4,
3865517963722937,5,"motivational,prognostic,diagnostic",0,0,2,
941101031489902,5,"motivational,prognostic,diagnostic",0,1,3,
1385680270121895,5,"motivational,prognostic,diagnostic",2,1,3,
452377094571215,5,"motivational,prognostic,diagnostic",0,0,2,
1162445539214549,5,"motivational,prognostic,diagnostic",0,0,4,
1751921222823815,5,"motivational,prognostic,diagnostic",3,1,4,
1135432314950335,5,"motivational,prognostic,diagnostic",1,1,4,
1861314848232913,5,"motivational,prognostic,diagnostic",1,1,3,
1298287954646256,5,"motivational,prognostic,diagnostic",0,0,1,
1785107202221602,5,"motivational,prognostic,diagnostic",2,2,4,
1047061054919364,5,"motivational,prognostic,diagnostic",2,3,3,
1240274750402472,5,"motivational,prognostic,diagnostic",0,1,4,
1839775530111085,5,"motivational,prognostic,diagnostic",0,2,4,
1314081963337788,5,"motivational,prognostic,diagnostic",3,1,4,
1153676506462062,5,"motivational,prognostic,diagnostic",3,2,4,
9094544347328343,5,"motivational,prognostic,diagnostic",0,1,3,
2078894792626765,5,"motivational,prognostic,diagnostic",3,3,3,
1167803648065392,5,"motivational,prognostic,diagnostic",0,0,2,
642855184831307,5,"motivational,prognostic,diagnostic",3,2,3,
1180226723461521,5,"motivational,prognostic,diagnostic",3,4,4,
2010790526420926,5,"motivational,prognostic,diagnostic",3,2,2,
613954871215289,5,"motivational,prognostic,diagnostic",1,2,4,
1023177319840343,5,"motivational,prognostic,diagnostic",3,0,2,
961695723586392,5,"motivational,prognostic,diagnostic",1,2,4,
2948217645332897,5,"motivational,prognostic,diagnostic",2,2,4,
1300809004490571,5,"motivational,prognostic,diagnostic",3,3,2,
1139405321746766,5,"motivational,prognostic,diagnostic",0,0,3,
587537370312703,5,"motivational,prognostic,diagnostic",3,3,4,
918158767027646,5,"motivational,prognostic,diagnostic",3,1,4,
1172593521119516,5,"motivational,prognostic,diagnostic",1,1,4,
1013492410600438,5,"motivational,prognostic,diagnostic",0,1,4,
926437556285879,5,"motivational,prognostic,diagnostic",1,1,4,
789095773523166,5,"motivational,prognostic,diagnostic",1,1,4,
1369654392003292,5,"motivational,prognostic,diagnostic",3,1,4,
538147732576294,5,"motivational,prognostic,diagnostic",0,1,4,
1530318172180937,5,"motivational,prognostic,diagnostic",3,1,4,
1019994400674907,5,"motivational,prognostic,diagnostic",2,2,4,
1737670004108398,5,"motivational,prognostic,diagnostic",2,4,3,
496535876797581,5,"motivational,prognostic,diagnostic",2,1,3,
628789132881989,5,"motivational,prognostic,diagnostic",0,0,2,
1144430307123709,5,"motivational,prognostic,diagnostic",3,0,1,
1123379499503686,5,"motivational,prognostic,diagnostic",0,2,3,
1090866280264783,5,"motivational,prognostic,diagnostic",0,0,4,
912698694775418,5,"motivational,prognostic,diagnostic",1,1,4,
1102078804756730,5,"motivational,prognostic,diagnostic",2,2,4,
999733152043771,5,"motivational,prognostic,diagnostic",1,0,4,
627348723115228,5,"motivational,prognostic,diagnostic",1,2,4,
2305187093551012,5,"motivational,prognostic,diagnostic",1,1,2,
1602616590647060,5,"motivational,prognostic,diagnostic",3,0,0,
1313940563145758,5,"motivational,prognostic,diagnostic",3,2,4,
1494132641233963,5,"motivational,prognostic,diagnostic",4,3,4,
27836035999327933,5,"motivational,prognostic,diagnostic",4,2,2,
1631990224379637,5,"motivational,prognostic,diagnostic",0,0,3,
964847671778996,5,"motivational,prognostic,diagnostic",3,3,3,
1130896785190840,5,"motivational,prognostic,diagnostic",1,1,3,
1153575379658603,5,"motivational,prognostic,diagnostic",0,0,0,
577694035076389,5,"motivational,prognostic,diagnostic",1,1,4,
1522978445526284,5,"motivational,prognostic,diagnostic",2,2,4,
1150201079927301,5,"motivational,prognostic,diagnostic",0,0,3,
31916417661305278,5,"motivational,prognostic,diagnostic",1,2,4,
1355758026482657,5,"motivational,prognostic,diagnostic",1,0,4,
1753527622329876,5,"motivational,prognostic,diagnostic",3,1,4,
628912389807029,5,"motivational,prognostic,diagnostic",2,2,1,
1765908070772859,5,"motivational,prognostic,diagnostic",3,3,3,
2377068735970342,5,"motivational,prognostic,diagnostic",3,2,1,
1349791203909489,5,"motivational,prognostic,diagnostic",2,2,4,
246590181839932,5,"motivational,prognostic,diagnostic",3,3,3,
1860002394535768,5,"motivational,prognostic,diagnostic",4,2,2,
1268687247577115,5,"motivational,prognostic,diagnostic",0,0,1,
1527203968089244,5,"motivational,prognostic,diagnostic",3,1,3,
29141681145420997,5,"motivational,prognostic,diagnostic",1,1,4,
1103470104513057,5,"motivational,prognostic,diagnostic",4,2,4,
1171885334845908,5,"motivational,prognostic,diagnostic",0,0,3,
1323650455427629,5,"motivational,prognostic,diagnostic",2,3,4,
1159213252055146,5,"motivational,prognostic,diagnostic",2,1,4,
942806181333797,5,"motivational,prognostic,diagnostic",0,0,4,
1132472591645347,5,"motivational,prognostic,diagnostic",3,3,4,
1608009133159434,5,"motivational,prognostic,diagnostic",2,3,4,
610001105316843,5,"motivational,prognostic,diagnostic",0,1,4,
2287009621769492,5,"motivational,prognostic,diagnostic",2,2,3,
1164544125235730,5,"motivational,prognostic,diagnostic",2,1,3,
1325254518632241,5,"motivational,prognostic,diagnostic",2,1,4,
3307650739425087,5,"motivational,prognostic,diagnostic",1,1,4,
4149346405286858,5,"motivational,prognostic,diagnostic",1,3,4,
488295704009004,5,"motivational,prognostic,diagnostic",0,1,2,
996053905897322,5,"motivational,prognostic,diagnostic",1,2,4,
2871941139860992,5,"motivational,prognostic,diagnostic",1,2,4,
1112127563124094,5,"motivational,prognostic,diagnostic",3,3,3,
1464775691476590,5,"motivational,prognostic,diagnostic",3,2,4,
1378973854302100,5,"motivational,prognostic,diagnostic",2,1,3,
2060264901062971,5,"motivational,prognostic,diagnostic",3,1,3,
1572544274268360,5,"motivational,prognostic,diagnostic",1,1,4,
810171201464405,5,"motivational,prognostic,diagnostic",3,1,4,
1513546742641351,5,"motivational,prognostic,diagnostic",3,3,4,
1322499352226405,5,"motivational,prognostic,diagnostic",1,1,4,
973228711436163,5,"motivational,prognostic,diagnostic",3,3,3,
928163632119708,5,"motivational,prognostic,diagnostic",2,1,3,
1415618119847636,5,"motivational,prognostic,diagnostic",1,1,4,
1434647893756140,5,"motivational,prognostic,diagnostic",2,1,4,
1125669819042012,5,"motivational,prognostic,diagnostic",2,2,4,
869378952074780,5,"motivational,prognostic,diagnostic",2,3,3,
1481052259892568,5,"motivational,prognostic,diagnostic",0,1,4,
634373459059649,5,"motivational,prognostic,diagnostic",3,2,3,
588564834147391,5,"motivational,prognostic,diagnostic",1,2,4,
1363961424973333,5,"motivational,prognostic,diagnostic",2,2,4,
1249699146124138,5,"motivational,prognostic,diagnostic",1,0,3,
1138561157910979,5,"motivational,prognostic,diagnostic",1,0,1,
595776006650840,5,"motivational,prognostic,diagnostic",0,0,0,
1619147075359567,5,"motivational,prognostic,diagnostic",2,1,4,
504048502299324,5,"motivational,prognostic,diagnostic",2,0,2,
1376603564616886,5,"motivational,prognostic,diagnostic",0,0,0,
1375290781336448,5,"motivational,prognostic,diagnostic",0,1,4,
8917507201693780,5,"motivational,prognostic,diagnostic",2,4,3,
3829000734018338,5,"motivational,prognostic,diagnostic",2,2,4,
28369188422695937,5,"motivational,prognostic,diagnostic",0,0,2,
1151206256562760,5,"motivational,prognostic,diagnostic",0,0,1,
971275821732948,5,"motivational,prognostic,diagnostic",1,3,4,
477323358559881,5,"motivational,prognostic,diagnostic",0,1,4,
1178325543960476,5,"motivational,prognostic,diagnostic",3,1,4,
1264671691444781,5,"motivational,prognostic,diagnostic",2,1,0,
3226818764186422,5,"motivational,prognostic,diagnostic",1,1,4,
1890737954798536,5,"motivational,prognostic,diagnostic",0,1,4,
1017901496839436,5,"motivational,prognostic,diagnostic",2,3,3,
1695275168081109,5,"motivational,prognostic,diagnostic",2,2,3,
923270146061347,5,"motivational,prognostic,diagnostic",1,3,3,
936637641925537,5,"motivational,prognostic,diagnostic",3,1,2,
1009525087604267,5,"motivational,prognostic,diagnostic",3,2,4,
599340886138963,5,"motivational,prognostic,diagnostic",1,0,0,
1132713511827830,5,"motivational,prognostic,diagnostic",3,2,4,
625771769960010,5,"motivational,prognostic,diagnostic",1,3,4,
1752338969339867,5,"motivational,prognostic,diagnostic",3,0,4,
1068702505657605,5,"motivational,prognostic,diagnostic",1,1,4,
1153568076284988,5,"motivational,prognostic,diagnostic",3,4,3,
650560300877069,5,"motivational,prognostic,diagnostic",3,1,4,
1312915886854911,5,"motivational,prognostic,diagnostic",3,2,4,
1141802087303652,5,"motivational,prognostic,diagnostic",2,3,4,
1584916386239678,5,"motivational,prognostic,diagnostic",2,0,1,
1467728542037250,5,"motivational,prognostic,diagnostic",1,2,4,
1295223151601261,5,"motivational,prognostic,diagnostic",1,1,4,
1119338906184572,5,"motivational,prognostic,diagnostic",1,2,2,
1046849940818421,5,"motivational,prognostic,diagnostic",2,2,4,
871191371882687,5,"motivational,prognostic,diagnostic",0,1,4,
1338342257520870,5,"motivational,prognostic,diagnostic",1,2,4,
1668594454360042,5,"motivational,prognostic,diagnostic",1,0,2,
933380451728405,5,"motivational,prognostic,diagnostic",3,4,3,
1807152293373908,5,"motivational,prognostic,diagnostic",0,0,3,
1751866736140220,5,"motivational,prognostic,diagnostic",0,0,1,
1105115374523422,5,"motivational,prognostic,diagnostic",1,1,4,
1745224453085480,5,"motivational,prognostic,diagnostic",0,0,3,
1075582450977167,5,"motivational,prognostic,diagnostic",3,3,4,
27795093930134591,5,"motivational,prognostic,diagnostic",2,1,3,
1119702199625097,5,"motivational,prognostic,diagnostic",2,3,4,
1103997415620093,5,"motivational,prognostic,diagnostic",0,0,2,
3544551529036184,5,"motivational,prognostic,diagnostic",3,1,4,
496511290143531,5,"motivational,prognostic,diagnostic",3,3,4,
1167473458130701,5,"motivational,prognostic,diagnostic",3,3,1,
1552432082134915,5,"motivational,prognostic,diagnostic",3,3,4,
876363891122073,5,"motivational,prognostic,diagnostic",4,4,4,
881900324120115,5,"motivational,prognostic,diagnostic",0,0,3,
1092590829335100,5,"motivational,prognostic,diagnostic",3,2,4,
1454095730088187,5,"motivational,prognostic,diagnostic",2,1,3,
2120473025179735,5,"motivational,prognostic,diagnostic",1,2,4,
628358093497779,5,"motivational,prognostic,diagnostic",2,2,4,
587863230320742,5,"motivational,prognostic,diagnostic",2,3,4,
1163408241797386,5,"motivational,prognostic,diagnostic",0,0,4,
1753388552327919,5,"motivational,prognostic,diagnostic",2,3,3,
625008463314844,5,"motivational,prognostic,diagnostic",2,2,3,
1064587625433616,5,"motivational,prognostic,diagnostic",1,2,2,
24899504139702726,5,"motivational,prognostic,diagnostic",3,2,4,
7625946067438176,5,"motivational,prognostic,diagnostic",1,1,3,
544916901695234,5,"motivational,prognostic,diagnostic",2,2,4,
1060197759683088,5,"motivational,prognostic,diagnostic",0,1,4,
849157107151746,5,"motivational,prognostic,diagnostic",1,1,4,
826341583837601,5,"motivational,prognostic,diagnostic",1,1,4,
1687554141840343,5,"motivational,prognostic,diagnostic",2,3,4,
1101356455100730,5,"motivational,prognostic,diagnostic",3,2,4,
1136857761240979,5,"motivational,prognostic,diagnostic",0,1,3,
962485069150922,5,"motivational,prognostic,diagnostic",1,2,4,
1342706304485324,5,"motivational,prognostic,diagnostic",2,1,4,
1627762551459970,5,"motivational,prognostic,diagnostic",3,3,4,
638455512423468,5,"motivational,prognostic,diagnostic",0,0,4,
2437239313464978,5,"motivational,prognostic,diagnostic",2,2,3,
475743548920299,5,"motivational,prognostic,diagnostic",0,1,4,
980824964756129,5,"motivational,prognostic,diagnostic",0,1,4,
1309349340159926,5,"motivational,prognostic,diagnostic",4,3,4,
1742117206362491,5,"motivational,prognostic,diagnostic",0,1,4,
1607626360173005,5,"motivational,prognostic,diagnostic",1,2,3,
1517607965598211,5,"motivational,prognostic,diagnostic",0,0,1,
3879800372293659,5,"motivational,prognostic,diagnostic",0,0,3,
1338244810647906,5,"motivational,prognostic,diagnostic",0,0,2,
27738599622421661,5,"motivational,prognostic,diagnostic",2,3,4,
543485655157961,5,"motivational,prognostic,diagnostic",3,3,4,
1722298418413010,5,"motivational,prognostic,diagnostic",1,1,4,
324405636756110,5,"motivational,prognostic,diagnostic",3,2,4,
1347207780158364,5,"motivational,prognostic,diagnostic",3,2,4,
568436806349176,5,"motivational,prognostic,diagnostic",0,0,4,
1146913779706662,5,"motivational,prognostic,diagnostic",3,2,4,
650709654185903,5,"motivational,prognostic,diagnostic",0,0,2,
522659246897684,5,"motivational,prognostic,diagnostic",3,1,4,
927742912885174,5,"motivational,prognostic,diagnostic",3,1,4,
946283730400848,5,"motivational,prognostic,diagnostic",0,1,4,
3794586830792819,5,"motivational,prognostic,diagnostic",0,0,2,
2082049612706684,5,"motivational,prognostic,diagnostic",0,1,4,
2155741614845758,5,"motivational,prognostic,diagnostic",3,3,4,
960755249346351,5,"motivational,prognostic,diagnostic",3,2,4,
1155427983254169,5,"motivational,prognostic,diagnostic",1,2,4,
1793547724831765,5,"motivational,prognostic,diagnostic",3,2,4,
1698029974389893,5,"motivational,prognostic,diagnostic",3,1,2,
2599019460296232,5,"motivational,prognostic,diagnostic",0,0,3,
1047908584804946,5,"motivational,prognostic,diagnostic",2,2,3,
1006763272214551,5,"motivational,prognostic,diagnostic",0,1,4,
600519346017928,5,"motivational,prognostic,diagnostic",3,1,4,
4604518506463144,5,"motivational,prognostic,diagnostic",2,1,4,
946853370418614,5,"motivational,prognostic,diagnostic",3,3,4,
2482323105309504,5,"motivational,prognostic,diagnostic",0,1,4,
581574761078245,5,"motivational,prognostic,diagnostic",2,2,4,
1343176103358713,5,"motivational,prognostic,diagnostic",1,0,3,
947538870601602,5,"motivational,prognostic,diagnostic",0,1,4,
576178875416265,5,"motivational,prognostic,diagnostic",3,4,3,
595262939806991,5,"motivational,prognostic,diagnostic",3,3,4,
1695119571431099,5,"motivational,prognostic,diagnostic",3,1,4,
1068860116076585,5,"motivational,prognostic,diagnostic",0,1,3,
1288043192546444,5,"motivational,prognostic,diagnostic",1,1,4,
636471479048324,5,"motivational,prognostic,diagnostic",2,1,4,
1785683608894947,5,"motivational,prognostic,diagnostic",3,1,3,
636455442657867,5,"motivational,prognostic,diagnostic",0,0,4,
584897268031340,5,"motivational,prognostic,diagnostic",1,1,4,
960620502234230,5,"motivational,prognostic,diagnostic",0,0,1,
1162250172264952,5,"motivational,prognostic,diagnostic",3,3,4,
593841340275645,5,"motivational,prognostic,diagnostic",3,2,4,
2923963877759784,5,"motivational,prognostic,diagnostic",1,1,4,
3560512714251617,5,"motivational,prognostic,diagnostic",1,0,0,
1312601259770344,5,"motivational,prognostic,diagnostic",0,0,4,
1397816257854996,5,"motivational,prognostic,diagnostic",3,1,4,
1139906064511067,5,"motivational,prognostic,diagnostic",1,1,4,
1548387863394886,5,"motivational,prognostic,diagnostic",0,0,4,
1282925939636044,5,"motivational,prognostic,diagnostic",3,1,4,
2886501091686351,5,"motivational,prognostic,diagnostic",3,4,4,
1756604011794560,5,"motivational,prognostic,diagnostic",1,1,4,
835672528671875,5,"motivational,prognostic,diagnostic",2,1,4,
2682079961999500,5,"motivational,prognostic,diagnostic",2,2,4,
1557503174941787,5,"motivational,prognostic,diagnostic",3,1,4,
1159598182243369,5,"motivational,prognostic,diagnostic",0,0,4,
1376247050643634,5,"motivational,prognostic,diagnostic",2,2,3,
472872475689313,5,"motivational,prognostic,diagnostic",0,0,4,
1534868720510659,5,"motivational,prognostic,diagnostic",3,3,4,
28055589927437528,5,"motivational,prognostic,diagnostic",0,1,4,
1331711658568816,5,"motivational,prognostic,diagnostic",2,1,1,
966678818265906,5,"motivational,prognostic,diagnostic",3,1,3,
2132085920561958,5,"motivational,prognostic,diagnostic",0,0,4,
1684709418759066,5,"motivational,prognostic,diagnostic",0,1,4,
3212967505759929,5,"motivational,prognostic,diagnostic",0,1,4,
2809177186136059,5,"motivational,prognostic,diagnostic",4,3,4,
1088767682969099,5,"motivational,prognostic,diagnostic",1,2,4,
520926931003086,5,"motivational,prognostic,diagnostic",1,3,4,
1194400998915350,5,"motivational,prognostic,diagnostic",4,1,3,
1338233697601165,5,"motivational,prognostic,diagnostic",2,3,4,
1826700731463016,5,"motivational,prognostic,diagnostic",3,3,4,
1306747133969324,5,"motivational,prognostic,diagnostic",3,2,4,
626448026518453,5,"motivational,prognostic,diagnostic",1,1,3,
1587760448551064,5,"motivational,prognostic,diagnostic",3,3,4,
508854305103985,5,"motivational,prognostic,diagnostic",1,0,4,
1572138990115190,5,"motivational,prognostic,diagnostic",1,1,4,
9047592588695695,5,"motivational,prognostic,diagnostic",2,1,4,
523749446799261,5,"motivational,prognostic,diagnostic",2,4,4,
2752288754958328,5,"motivational,prognostic,diagnostic",3,3,4,
1661400697783308,5,"motivational,prognostic,diagnostic",2,2,4,
1542251537654170,5,"motivational,prognostic,diagnostic",2,1,2,
792076536457329,5,"motivational,prognostic,diagnostic",1,1,4,
8998014366930279,5,"motivational,prognostic,diagnostic",0,1,4,
633597492377179,5,"motivational,prognostic,diagnostic",0,0,1,
1659836121893490,5,"motivational,prognostic,diagnostic",1,1,3,
634201975726685,5,"motivational,prognostic,diagnostic",2,1,4,
587894070754705,5,"motivational,prognostic,diagnostic",0,0,4,
1714997212765680,5,"motivational,prognostic,diagnostic",0,1,4,
1034558675100354,5,"motivational,prognostic,diagnostic",3,3,4,
1364196918087501,5,"motivational,prognostic,diagnostic",0,0,0,
538809485868846,5,"motivational,prognostic,diagnostic",0,0,2,
635330319149259,5,"motivational,prognostic,diagnostic",2,1,4,
1089607840420451,5,"motivational,prognostic,diagnostic",2,3,4,
1180654983670108,5,"motivational,prognostic,diagnostic",3,3,3,
1015003297121861,5,"motivational,prognostic,diagnostic",3,3,4,
610035641759187,5,"motivational,prognostic,diagnostic",1,1,4,
1379558054135765,5,"motivational,prognostic,diagnostic",0,0,3,
1976951792803502,5,"motivational,prognostic,diagnostic",0,0,4,
1564372007557607,5,"motivational,prognostic,diagnostic",2,1,3,
1440889143167119,5,"motivational,prognostic,diagnostic",2,2,4,
638355381866380,5,"motivational,prognostic,diagnostic",3,2,3,
547322564995907,5,"motivational,prognostic,diagnostic",0,0,1,
2134388706978446,5,"motivational,prognostic,diagnostic",2,2,4,
3132531896894159,5,"motivational,prognostic,diagnostic",4,3,4,
9055276384566724,5,"motivational,prognostic,diagnostic",3,2,4,
1327727771567436,5,"motivational,prognostic,diagnostic",0,1,4,
579555931292939,5,"motivational,prognostic,diagnostic",0,1,4,
1475772606730267,5,"motivational,prognostic,diagnostic",2,1,4,
3882901041971953,5,"motivational,prognostic,diagnostic",0,0,3,
1358568702205411,5,"motivational,prognostic,diagnostic",3,2,3,
1071360968077004,5,"motivational,prognostic,diagnostic",3,3,4,
1811876849564837,5,"motivational,prognostic,diagnostic",0,1,4,
1846546673382304,5,"motivational,prognostic,diagnostic",0,0,4,
1633530743940987,5,"motivational,prognostic,diagnostic",0,0,1,
958124715892608,5,"motivational,prognostic,diagnostic",2,3,4,
1180543637059351,5,"motivational,prognostic,diagnostic",0,1,4,
933169514882637,5,"motivational,prognostic,diagnostic",1,2,4,
1154291039604762,5,"motivational,prognostic,diagnostic",4,2,4,
9114470175295400,5,"motivational,prognostic,diagnostic",0,0,2,
3393637324105532,5,"motivational,prognostic,diagnostic",0,1,3,
1173981434312320,5,"motivational,prognostic,diagnostic",1,1,4,
8980212418694167,5,"motivational,prognostic,diagnostic",3,1,1,
515428014372248,5,"motivational,prognostic,diagnostic",3,3,4,
1049599059461670,5,"motivational,prognostic,diagnostic",1,2,3,
3840336412779103,5,"motivational,prognostic,diagnostic",0,2,4,
2056688891411056,5,"motivational,prognostic,diagnostic",3,1,4,
360638860220672,5,"motivational,prognostic,diagnostic",4,3,4,
1006673771315119,5,"motivational,prognostic,diagnostic",0,0,4,
1333389804337138,5,"motivational,prognostic,diagnostic",0,0,4,
914314723366904,5,"motivational,prognostic,diagnostic",4,0,1,
873749384924899,5,"motivational,prognostic,diagnostic",0,1,4,
598459456489878,5,"motivational,prognostic,diagnostic",2,4,4,
933822265549352,5,"motivational,prognostic,diagnostic",2,2,4,
1515241282489669,5,"motivational,prognostic,diagnostic",2,1,4,
587016040924199,5,"motivational,prognostic,diagnostic",1,1,3,
1537633216947607,5,"motivational,prognostic,diagnostic",3,1,4,
827011356444623,5,"motivational,prognostic,diagnostic",3,1,4,
1346543896705986,5,"motivational,prognostic,diagnostic",0,1,4,
1302104844314553,5,"motivational,prognostic,diagnostic",1,1,4,
1255791389010513,5,"motivational,prognostic,diagnostic",0,1,3,
961167385370620,5,"motivational,prognostic,diagnostic",3,4,4,
1202695668151339,5,"motivational,prognostic,diagnostic",3,1,4,
559489620166115,5,"motivational,prognostic,diagnostic",0,1,4,
1561307458046039,5,"motivational,prognostic,diagnostic",2,1,3,
1672512949971288,5,"motivational,prognostic,diagnostic",1,1,4,
2827621167397521,5,"motivational,prognostic,diagnostic",2,3,4,
585790967696364,5,"motivational,prognostic,diagnostic",2,3,4,
1277293756813316,5,"motivational,prognostic,diagnostic",2,1,4,
609325648201418,5,"motivational,prognostic,diagnostic",3,3,4,
1134658984835680,5,"motivational,prognostic,diagnostic",0,0,1,
1041442765461611,5,"motivational,prognostic,diagnostic",0,1,4,
895486739356537,5,"motivational,prognostic,diagnostic",2,3,4,
1720456419409838,5,"motivational,prognostic,diagnostic",2,1,4,
1613125325978380,5,"motivational,prognostic,diagnostic",3,3,4,
526650520153024,5,"motivational,prognostic,diagnostic",0,0,1,
1725532181792914,5,"motivational,prognostic,diagnostic",0,0,3,
1614416165843361,5,"motivational,prognostic,diagnostic",2,0,2,
1142801667468407,5,"motivational,prognostic,diagnostic",2,1,3,
958685859797658,5,"motivational,prognostic,diagnostic",2,1,4,
583894344436220,5,"motivational,prognostic,diagnostic",1,3,4,
1314877529935664,5,"motivational,prognostic,diagnostic",0,0,4,
2425312574537750,5,"motivational,prognostic,diagnostic",0,1,3,
1087444226406189,5,"motivational,prognostic,diagnostic",2,4,4,
1338104730439348,5,"motivational,prognostic,diagnostic",0,0,4,
779394308199571,5,"motivational,prognostic,diagnostic",0,1,4,
1672589620273440,5,"motivational,prognostic,diagnostic",3,2,4,
633591589133702,5,"motivational,prognostic,diagnostic",0,0,0,
1662079031048157,5,"motivational,prognostic,diagnostic",1,1,4,
414515324411471,5,"motivational,prognostic,diagnostic",3,1,1,
1290984838850680,5,"motivational,prognostic,diagnostic",1,0,3,
1778257966326597,5,"motivational,prognostic,diagnostic",0,0,2,
822084626722536,5,"motivational,prognostic,diagnostic",2,3,4,
1127204155369035,5,"motivational,prognostic,diagnostic",3,3,4,
593346286786907,5,"motivational,prognostic,diagnostic",1,1,4,
429298543507772,5,"motivational,prognostic,diagnostic",1,2,4,
439799842290683,5,"motivational,prognostic,diagnostic",2,3,4,
2280201212364794,5,"motivational,prognostic,diagnostic",2,3,4,
1811190153024111,5,"motivational,prognostic,diagnostic",2,2,4,
1624249384970057,5,"motivational,prognostic,diagnostic",2,2,4,
1344250603597746,5,"motivational,prognostic,diagnostic",3,2,4,
1764237197749497,5,"motivational,prognostic,diagnostic",1,2,4,
638767411940431,5,"motivational,prognostic,diagnostic",2,1,4,
1701003677148504,5,"motivational,prognostic,diagnostic",2,1,4,
1021415510004833,5,"motivational,prognostic,diagnostic",3,2,4,
1003427188273125,5,"motivational,prognostic,diagnostic",3,2,4,
8999727590122819,5,"motivational,prognostic,diagnostic",2,0,1,
2765323030527576,5,"motivational,prognostic,diagnostic",0,1,3,
1278158756731694,5,"motivational,prognostic,diagnostic",0,0,0,
9405654456152333,5,"motivational,prognostic,diagnostic",0,1,4,
1625184371438425,5,"motivational,prognostic,diagnostic",3,1,4,
1508444343184352,5,"motivational,prognostic,diagnostic",2,1,4,
2030191094059735,5,"motivational,prognostic,diagnostic",0,0,2,
1683730972178979,5,"motivational,prognostic,diagnostic",3,3,4,
604564485611975,5,"motivational,prognostic,diagnostic",2,1,4,
1137550961252839,5,"motivational,prognostic,diagnostic",2,2,4,
1298223494659498,5,"motivational,prognostic,diagnostic",3,2,2,
1554937718524511,5,"motivational,prognostic,diagnostic",3,2,4,
1651498185466984,5,"motivational,prognostic,diagnostic",3,4,3,
977103624526802,5,"motivational,prognostic,diagnostic",2,2,3,
967151299724765,5,"motivational,prognostic,diagnostic",1,1,3,
627826272994347,5,"motivational,prognostic,diagnostic",0,0,4,
2864674767077028,5,"motivational,prognostic,diagnostic",2,3,3,
373623262125302,5,"motivational,prognostic,diagnostic",3,1,4,
795521402768059,5,"motivational,prognostic,diagnostic",2,1,1,
308797011822434,5,"motivational,prognostic,diagnostic",1,3,4,
2085979901997400,5,"motivational,prognostic,diagnostic",0,0,3,
1118539566638090,5,"motivational,prognostic,diagnostic",0,0,0,
1308477520172183,5,"motivational,prognostic,diagnostic",1,0,0,
1400610815220594,5,"motivational,prognostic,diagnostic",0,1,4,
3015703085251906,5,"motivational,prognostic,diagnostic",3,3,4,
315416178126117,5,"motivational,prognostic,diagnostic",2,3,4,
594411406365307,5,"motivational,prognostic,diagnostic",0,0,3,
978050490413988,5,"motivational,prognostic,diagnostic",2,3,3,
854700756410365,5,"motivational,prognostic,diagnostic",3,2,3,
980757587266208,5,"motivational,prognostic,diagnostic",1,1,4,
1794467628072580,5,"motivational,prognostic,diagnostic",0,2,4,
918614553293789,5,"motivational,prognostic,diagnostic",3,3,4,
1285854235993389,5,"motivational,prognostic,diagnostic",3,1,3,
2644508029687648,5,"motivational,prognostic,diagnostic",1,1,3,
2001394133661743,5,"motivational,prognostic,diagnostic",3,3,4,
378473108223970,5,"motivational,prognostic,diagnostic",3,2,4,
365190452739535,5,"motivational,prognostic,diagnostic",4,1,3,
2122646278181832,5,"motivational,prognostic,diagnostic",3,1,3,
1550497362929348,5,"motivational,prognostic,diagnostic",1,1,4,
243035242144898,5,"motivational,prognostic,diagnostic",2,0,2,
2640637069659799,5,"motivational,prognostic,diagnostic",2,3,4,
2371568689695186,5,"motivational,prognostic,diagnostic",3,1,3,
4341409302795035,5,"motivational,prognostic,diagnostic",4,1,2,
1573112560008763,5,"motivational,prognostic,diagnostic",0,0,0,
1581681482803577,5,"motivational,prognostic,diagnostic",0,0,4,
1734664617109929,5,"motivational,prognostic,diagnostic",0,1,3,
987326573290137,5,"motivational,prognostic,diagnostic",3,2,1,
945466170785106,5,"motivational,prognostic,diagnostic",0,2,4,
2614148855709708,5,"motivational,prognostic,diagnostic",3,2,4,
4037421899912527,5,"motivational,prognostic,diagnostic",0,0,3,
2240447803425595,5,"motivational,prognostic,diagnostic",0,1,4,
1285847159361405,5,"motivational,prognostic,diagnostic",2,2,4,
9060383254008888,5,"motivational,prognostic,diagnostic",2,1,4,
1325938385388823,5,"motivational,prognostic,diagnostic",1,1,4,
690127840172654,5,"motivational,prognostic,diagnostic",0,0,3,
1611924403657672,5,"motivational,prognostic,diagnostic",1,0,2,
1157314285973209,5,"motivational,prognostic,diagnostic",3,2,3,
1596461861073063,5,"motivational,prognostic,diagnostic",0,0,4,
866315409015403,5,"motivational,prognostic,diagnostic",2,3,3,
623467490275834,5,"motivational,prognostic,diagnostic",2,2,4,
1514306183216402,5,"motivational,prognostic,diagnostic",0,1,4,
1015009384469536,5,"motivational,prognostic,diagnostic",2,1,4,
443764781869374,5,"motivational,prognostic,diagnostic",2,3,4,
1408457043445048,5,"motivational,prognostic,diagnostic",3,1,4,
1744153463406976,5,"motivational,prognostic,diagnostic",2,1,4,
1842297899508614,5,"motivational,prognostic,diagnostic",0,0,2,
920306709889225,5,"motivational,prognostic,diagnostic",3,3,3,
1375689677775852,5,"motivational,prognostic,diagnostic",2,2,3,
596081206468549,5,"motivational,prognostic,diagnostic",0,1,4,
1992725481503756,5,"motivational,prognostic,diagnostic",2,2,4,
471761559147616,5,"motivational,prognostic,diagnostic",0,0,4,
1776876496486344,5,"motivational,prognostic,diagnostic",3,1,3,
24679996915001602,5,"motivational,prognostic,diagnostic",4,4,4,
473791479106948,5,"motivational,prognostic,diagnostic",0,0,0,
1693150701551734,5,"motivational,prognostic,diagnostic",3,2,4,
1510909723690629,5,"motivational,prognostic,diagnostic",3,2,4,
1590931678482939,5,"motivational,prognostic,diagnostic",3,1,4,
598297086160296,5,"motivational,prognostic,diagnostic",2,2,4,
1148545780314022,5,"motivational,prognostic,diagnostic",0,0,4,
989701979725469,5,"motivational,prognostic,diagnostic",0,0,0,
1830143677788157,5,"motivational,prognostic,diagnostic",1,1,4,
602282142558517,5,"motivational,prognostic,diagnostic",0,1,4,
619046604231016,5,"motivational,prognostic,diagnostic",1,1,4,
1034848342244274,5,"motivational,prognostic,diagnostic",0,0,0,
492621239825612,5,"motivational,prognostic,diagnostic",0,0,4,
4275978315964899,5,"motivational,prognostic,diagnostic",1,0,0,
324715133739643,5,"motivational,prognostic,diagnostic",3,1,4,
2612998049047136,5,"motivational,prognostic,diagnostic",2,4,4,
838438471416006,5,"motivational,prognostic,diagnostic",2,2,3,
1202587894175745,5,"motivational,prognostic,diagnostic",3,2,3,
861941400209791,5,"motivational,prognostic,diagnostic",2,1,1,
1666697700922484,5,"motivational,prognostic,diagnostic",2,1,4,
963081928677045,5,"motivational,prognostic,diagnostic",3,2,4,
1047060954457939,5,"motivational,prognostic,diagnostic",0,1,4,
1467120287206208,5,"motivational,prognostic,diagnostic",1,1,3,
1156474766037332,5,"motivational,prognostic,diagnostic",1,0,1,
1654458612114372,5,"motivational,prognostic,diagnostic",0,1,4,
27444131088539193,5,"motivational,prognostic,diagnostic",1,1,4,
1664714238996685,5,"motivational,prognostic,diagnostic",2,2,4,
1174378884020022,5,"motivational,prognostic,diagnostic",1,1,4,
616554067446868,5,"motivational,prognostic,diagnostic",1,2,4,
1384999402909325,5,"motivational,prognostic,diagnostic",3,2,3,
781216904865154,5,"motivational,prognostic,diagnostic",1,2,4,
1053984950914220,5,"motivational,prognostic,diagnostic",0,0,3,
1541507243225095,5,"motivational,prognostic,diagnostic",3,2,3,
912912760936284,5,"motivational,prognostic,diagnostic",3,1,3,
1835032003933491,5,"motivational,prognostic,diagnostic",1,0,3,
1273792983903431,5,"motivational,prognostic,diagnostic",1,2,4,
1341291163962380,5,"motivational,prognostic,diagnostic",1,2,4,
975092294541669,5,"motivational,prognostic,diagnostic",3,1,3,
1323487428984613,5,"motivational,prognostic,diagnostic",0,0,4,
589273970237907,5,"motivational,prognostic,diagnostic",1,2,4,
1036780938494383,5,"motivational,prognostic,diagnostic",0,0,3,
1130119396342417,5,"motivational,prognostic,diagnostic",1,0,1,
2936141996746504,5,"motivational,prognostic,diagnostic",0,0,4,
2292817127915719,5,"motivational,prognostic,diagnostic",1,1,3,
1473361836551436,5,"motivational,prognostic,diagnostic",3,2,4,
1087860509693015,5,"motivational,prognostic,diagnostic",1,1,4,
587994484154984,5,"motivational,prognostic,diagnostic",0,0,1,
604363578898563,5,"motivational,prognostic,diagnostic",1,0,3,
1278685856754043,5,"motivational,prognostic,diagnostic",0,0,3,
1100883008344767,5,"motivational,prognostic,diagnostic",1,1,4,
1118186226442029,5,"motivational,prognostic,diagnostic",2,1,4,
480789531734925,5,"motivational,prognostic,diagnostic",2,0,2,
1354142630136075,5,"motivational,prognostic,diagnostic",3,1,1,
1349031336465847,5,"motivational,prognostic,diagnostic",2,2,4,
1550667759775210,5,"motivational,prognostic,diagnostic",0,1,4,
2922718441220229,5,"motivational,prognostic,diagnostic",3,2,4,
970358864550319,5,"motivational,prognostic,diagnostic",0,0,4,
631683535999753,5,"motivational,prognostic,diagnostic",1,0,0,
475587768926209,5,"motivational,prognostic,diagnostic",3,1,3,
918967117016330,5,"motivational,prognostic,diagnostic",2,4,4,
604524499292447,5,"motivational,prognostic,diagnostic",2,1,4,
2367618000253213,5,"motivational,prognostic,diagnostic",3,2,4,
596508662995269,5,"motivational,prognostic,diagnostic",0,0,4,
1088863178921274,5,"motivational,prognostic,diagnostic",2,1,4,
1785726811969846,5,"motivational,prognostic,diagnostic",3,1,3,
3905636399752923,5,"motivational,prognostic,diagnostic",3,3,4,
486118821197022,5,"motivational,prognostic,diagnostic",2,1,4,
795067709946741,5,"motivational,prognostic,diagnostic",3,3,3,
1223263452765031,5,"motivational,prognostic,diagnostic",0,1,2,
1699466780637799,5,"motivational,prognostic,diagnostic",2,3,4,
1671342880404065,5,"motivational,prognostic,diagnostic",3,3,4,
642785391491531,5,"motivational,prognostic,diagnostic",3,3,4,
638887898617914,5,"motivational,prognostic,diagnostic",4,1,3,
399726656536198,5,"motivational,prognostic,diagnostic",3,2,1,
599450316020468,5,"motivational,prognostic,diagnostic",0,1,4,
1315020476201761,5,"motivational,prognostic,diagnostic",0,0,0,
314357591627895,5,"motivational,prognostic,diagnostic",3,3,4,
590334327230197,5,"motivational,prognostic,diagnostic",0,2,4,
587830234403496,5,"motivational,prognostic,diagnostic",0,1,4,
1745392366539637,5,"motivational,prognostic,diagnostic",3,1,4,
27337918919234161,5,"motivational,prognostic,diagnostic",0,1,4,
2488872728207443,5,"motivational,prognostic,diagnostic",0,0,3,
958594556230217,5,"motivational,prognostic,diagnostic",3,2,4,
639203795235518,5,"motivational,prognostic,diagnostic",3,2,4,
542988022102772,5,"motivational,prognostic,diagnostic",1,0,0,
1282129196423246,5,"motivational,prognostic,diagnostic",1,1,4,
1331256016490142,5,"motivational,prognostic,diagnostic",0,0,4,
2088570391594488,5,"motivational,prognostic,diagnostic",1,1,4,
1014943717961464,5,"motivational,prognostic,diagnostic",0,0,2,
1085303306423209,5,"motivational,prognostic,diagnostic",0,0,4,
582372721274716,5,"motivational,prognostic,diagnostic",2,1,4,
1077582551352850,5,"motivational,prognostic,diagnostic",2,0,0,
2355801208122838,5,"motivational,prognostic,diagnostic",3,1,3,
1069414314895222,5,"motivational,prognostic,diagnostic",3,2,4,
3067837476697905,5,"motivational,prognostic,diagnostic",3,3,4,
599657749076443,5,"motivational,prognostic,diagnostic",3,2,4,
1388811016641777,5,"motivational,prognostic,diagnostic",2,3,4,
488802673949516,5,"motivational,prognostic,diagnostic",0,0,2,
1452929612658613,5,"motivational,prognostic,diagnostic",0,1,4,
660332316522459,5,"motivational,prognostic,diagnostic",4,2,4,
2413951005609031,5,"motivational,prognostic,diagnostic",2,2,4,
1704673213358536,5,"motivational,prognostic,diagnostic",2,1,4,
954839269648726,5,"motivational,prognostic,diagnostic",2,2,4,
962864519123005,5,"motivational,prognostic,diagnostic",0,0,0,
584467274549026,5,"motivational,prognostic,diagnostic",3,0,1,
242749248699325,5,"motivational,prognostic,diagnostic",0,0,0,
2064271974037979,5,"motivational,prognostic,diagnostic",3,2,4,
1051831714190280,5,"motivational,prognostic,diagnostic",1,2,2,
9415499608489876,5,"motivational,prognostic,diagnostic",2,3,4,
581804394672282,5,"motivational,prognostic,diagnostic",3,2,4,
842832121253359,5,"motivational,prognostic,diagnostic",2,1,4,
1904185617207866,5,"motivational,prognostic,diagnostic",0,1,3,
491699056957488,5,"motivational,prognostic,diagnostic",2,3,3,
1608344846441449,5,"motivational,prognostic,diagnostic",3,2,4,
1145210427384222,5,"motivational,prognostic,diagnostic",0,1,4,
1292388618615900,5,"motivational,prognostic,diagnostic",0,0,1,
556534650872934,5,"motivational,prognostic,diagnostic",3,1,4,
9957261067642073,5,"motivational,prognostic,diagnostic",2,1,4,
1780858042755262,5,"motivational,prognostic,diagnostic",3,3,4,
921124793559096,5,"motivational,prognostic,diagnostic",3,1,4,
1373798020968494,5,"motivational,prognostic,diagnostic",2,1,1,
669096998906901,5,"motivational,prognostic,diagnostic",2,1,3,
869062385202726,5,"motivational,prognostic,diagnostic",3,1,4,
1675035050115031,5,"motivational,prognostic,diagnostic",0,1,4,
913167700637693,5,"motivational,prognostic,diagnostic",1,2,4,
1140836627493575,5,"motivational,prognostic,diagnostic",2,1,3,
605582065666741,5,"motivational,prognostic,diagnostic",0,1,4,
604917105622740,5,"motivational,prognostic,diagnostic",2,1,4,
3946954868894211,5,"motivational,prognostic,diagnostic",2,3,2,
1565984661461129,5,"motivational,prognostic,diagnostic",1,2,3,
485263034332216,5,"motivational,prognostic,diagnostic",0,0,3,
2062667110830736,5,"motivational,prognostic,diagnostic",3,2,4,
3796014083993882,5,"motivational,prognostic,diagnostic",0,0,1,
556579700418579,5,"motivational,prognostic,diagnostic",3,1,3,
1329653458054263,5,"motivational,prognostic,diagnostic",1,0,2,
628242919682757,5,"motivational,prognostic,diagnostic",2,2,4,
1329708298432959,5,"motivational,prognostic,diagnostic",2,3,4,
2082138255577256,5,"motivational,prognostic,diagnostic",3,2,3,
633468645881105,5,"motivational,prognostic,diagnostic",0,1,4,
1391368888969906,5,"motivational,prognostic,diagnostic",0,1,4,
964739745120503,5,"motivational,prognostic,diagnostic",0,0,2,
1447612855795462,5,"motivational,prognostic,diagnostic",3,1,4,
1158843005768713,5,"motivational,prognostic,diagnostic",1,1,4,
1420547588813716,5,"motivational,prognostic,diagnostic",2,1,4,
9440161989327864,5,"motivational,prognostic,diagnostic",2,3,4,
952825333701386,5,"motivational,prognostic,diagnostic",3,2,2,
1295232321586383,5,"motivational,prognostic,diagnostic",1,1,4,
1995349734508904,5,"motivational,prognostic,diagnostic",1,1,3,
1080927393126491,5,"motivational,prognostic,diagnostic",1,1,3,
1152998946170073,5,"motivational,prognostic,diagnostic",2,2,1,
941895102237536,5,"motivational,prognostic,diagnostic",1,1,4,
2016049182608492,5,"motivational,prognostic,diagnostic",4,2,3,
1123632219870745,5,"motivational,prognostic,diagnostic",0,1,4,
848846180511882,5,"motivational,prognostic,diagnostic",2,1,4,
884449200561198,5,"motivational,prognostic,diagnostic",0,0,0,
622532510259029,5,"motivational,prognostic,diagnostic",2,3,4,
2120194405206969,5,"motivational,prognostic,diagnostic",3,4,2,
628426219598812,5,"motivational,prognostic,diagnostic",1,2,4,
373796122336276,5,"motivational,prognostic,diagnostic",1,2,3,
487712657403543,5,"motivational,prognostic,diagnostic",2,0,3,
1307090617007433,5,"motivational,prognostic,diagnostic",2,2,4,
1610944200587941,5,"motivational,prognostic,diagnostic",3,3,3,
483235424096923,5,"motivational,prognostic,diagnostic",2,1,4,
962859182207994,5,"motivational,prognostic,diagnostic",2,3,4,
971876277695852,5,"motivational,prognostic,diagnostic",3,2,4,
941998208892822,5,"motivational,prognostic,diagnostic",2,1,4,
1413223779743915,5,"motivational,prognostic,diagnostic",2,3,4,
2319097668622328,5,"motivational,prognostic,diagnostic",2,0,3,
732486623198065,5,"motivational,prognostic,diagnostic",1,2,4,
1567520901502536,5,"motivational,prognostic,diagnostic",0,0,4,
484991460555995,5,"motivational,prognostic,diagnostic",3,1,2,
1362330588705738,5,"motivational,prognostic,diagnostic",2,2,3,
1194615320401772,5,"motivational,prognostic,diagnostic",1,2,4,
2020725001770250,5,"motivational,prognostic,diagnostic",3,1,4,
1581901713438123,5,"motivational,prognostic,diagnostic",3,2,4,
1142086794365723,5,"motivational,prognostic,diagnostic",2,3,4,
1745716216828277,5,"motivational,prognostic,diagnostic",0,0,3,
1274401577201311,5,"motivational,prognostic,diagnostic",0,0,3,
646670041356749,5,"motivational,prognostic,diagnostic",2,1,4,
467069309189776,5,"motivational,prognostic,diagnostic",0,0,3,
1375938729784183,5,"motivational,prognostic,diagnostic",3,2,4,
1365846982093944,5,"motivational,prognostic,diagnostic",1,1,4,
971073831049861,5,"motivational,prognostic,diagnostic",2,3,4,
1025189083429263,5,"motivational,prognostic,diagnostic",0,1,4,
562687792797844,5,"motivational,prognostic,diagnostic",4,0,2,
472666991840738,5,"motivational,prognostic,diagnostic",0,0,3,
543541258294798,5,"motivational,prognostic,diagnostic",0,0,3,
2771196933265776,5,"motivational,prognostic,diagnostic",2,2,3,
1904823576861450,5,"motivational,prognostic,diagnostic",2,3,4,
1199053815683542,5,"motivational,prognostic,diagnostic",0,0,0,
1443675796612227,5,"motivational,prognostic,diagnostic",0,0,1,
962684919162004,5,"motivational,prognostic,diagnostic",2,2,4,
784780093959053,5,"motivational,prognostic,diagnostic",0,0,3,
2146682909587986,5,"motivational,prognostic,diagnostic",0,0,2,
362946583112219,5,"motivational,prognostic,diagnostic",3,1,3,
2530276157414773,5,"motivational,prognostic,diagnostic",1,1,4,
853079583322426,5,"motivational,prognostic,diagnostic",4,3,4,
1942410626211029,5,"motivational,prognostic,diagnostic",1,1,4,
1734045977153288,5,"motivational,prognostic,diagnostic",3,2,4,
917136051398825,5,"motivational,prognostic,diagnostic",1,1,4,
2092020758330485,5,"motivational,prognostic,diagnostic",0,0,2,
8834809209975063,5,"motivational,prognostic,diagnostic",1,2,4,
870686416110328,5,"motivational,prognostic,diagnostic",2,3,4,
349229891430150,5,"motivational,prognostic,diagnostic",2,1,4,
565573689496390,5,"motivational,prognostic,diagnostic",2,3,4,
1457468888501840,5,"motivational,prognostic,diagnostic",1,1,2,
966005778801879,5,"motivational,prognostic,diagnostic",2,1,1,
561492046937138,5,"motivational,prognostic,diagnostic",2,1,4,
2347783768951460,5,"motivational,prognostic,diagnostic",2,1,4,
1087078743662381,5,"motivational,prognostic,diagnostic",0,0,3,
1550308922998056,5,"motivational,prognostic,diagnostic",3,2,3,
1003282811849059,5,"motivational,prognostic,diagnostic",1,2,4,
1316518670654211,5,"motivational,prognostic,diagnostic",3,4,3,
2229147617943788,5,"motivational,prognostic,diagnostic",3,1,3,
2067158137058354,5,"motivational,prognostic,diagnostic",1,1,2,
1530822600962540,5,"motivational,prognostic,diagnostic",2,1,4,
1102300311575772,5,"motivational,prognostic,diagnostic",1,3,4,
1061117608654910,5,"motivational,prognostic,diagnostic",3,2,4,
1450188760206644,5,"motivational,prognostic,diagnostic",0,1,3,
1376312160020123,5,"motivational,prognostic,diagnostic",2,3,2,
1722585111989390,5,"motivational,prognostic,diagnostic",2,2,4,
1063694509657135,5,"motivational,prognostic,diagnostic",0,0,1,
2012797319471157,5,"motivational,prognostic,diagnostic",2,2,4,
1132049498021939,5,"motivational,prognostic,diagnostic",0,0,4,
1343599451070628,5,"motivational,prognostic,diagnostic",3,0,3,
1152404916585203,5,"motivational,prognostic,diagnostic",1,2,4,
2559671247811957,5,"motivational,prognostic,diagnostic",1,0,4,
2090466428469931,5,"motivational,prognostic,diagnostic",2,2,4,
2115946859278089,5,"motivational,prognostic,diagnostic",3,3,4,
600356382950375,5,"motivational,prognostic,diagnostic",1,2,4,
918961343751998,5,"motivational,prognostic,diagnostic",0,0,3,
1144666673583895,5,"motivational,prognostic,diagnostic",2,0,1,
2723322174519317,5,"motivational,prognostic,diagnostic",0,0,4,
927938095742076,5,"motivational,prognostic,diagnostic",1,1,4,
1098449118679029,5,"motivational,prognostic,diagnostic",3,2,4,
1806581486547612,5,"motivational,prognostic,diagnostic",0,2,4,
1132709174708606,5,"motivational,prognostic,diagnostic",0,1,4,
1611029850263910,5,"motivational,prognostic,diagnostic",2,0,3,
474045169110035,5,"motivational,prognostic,diagnostic",3,1,3,
1486238359251135,5,"motivational,prognostic,diagnostic",0,2,4,
3329357400701910,5,"motivational,prognostic,diagnostic",0,1,4,
1506496943357660,5,"motivational,prognostic,diagnostic",0,0,2,
965513651816359,5,"motivational,prognostic,diagnostic",0,1,4,
788427536373053,5,"motivational,prognostic,diagnostic",3,3,4,
1097429858849963,5,"motivational,prognostic,diagnostic",2,1,4,
1551275112246044,5,"motivational,prognostic,diagnostic",3,1,4,
28059107713714546,5,"motivational,prognostic,diagnostic",3,2,4,
1530980000800011,5,"motivational,prognostic,diagnostic",2,1,4,
3451887901645079,5,"motivational,prognostic,diagnostic",0,0,0,
788205253822282,5,"motivational,prognostic,diagnostic",2,2,4,
1153695905977242,5,"motivational,prognostic,diagnostic",1,1,3,
3001464893344887,5,"motivational,prognostic,diagnostic",3,2,4,
1562735515201696,5,"motivational,prognostic,diagnostic",0,0,3,
976379730938531,5,"motivational,prognostic,diagnostic",1,1,3,
798816909562890,5,"motivational,prognostic,diagnostic",0,1,4,
1008271025276666,5,"motivational,prognostic,diagnostic",0,1,4,
1507458371062799,5,"motivational,prognostic,diagnostic",0,0,3,
734198646109280,5,"motivational,prognostic,diagnostic",3,2,4,
2064125574507477,5,"motivational,prognostic,diagnostic",1,2,4,
4108090222656636,5,"motivational,prognostic,diagnostic",2,2,4,
1294087411616860,5,"motivational,prognostic,diagnostic",3,2,4,
2342376572785320,5,"motivational,prognostic,diagnostic",1,4,4,
1552423282777266,5,"motivational,prognostic,diagnostic",2,1,4,
2010648582912746,5,"motivational,prognostic,diagnostic",0,1,4,
1457249752898978,5,"motivational,prognostic,diagnostic",1,1,4,
663944139403675,5,"motivational,prognostic,diagnostic",2,1,4,
3942825259309591,5,"motivational,prognostic,diagnostic",1,1,4,
1524219395101722,5,"motivational,prognostic,diagnostic",1,0,2,
2050978312089251,5,"motivational,prognostic,diagnostic",4,1,1,
3438969699605976,5,"motivational,prognostic,diagnostic",3,3,4,
1119586585749497,5,"motivational,prognostic,diagnostic",3,2,4,
2011865955947422,5,"motivational,prognostic,diagnostic",1,1,4,
1370356705077304,5,"motivational,prognostic,diagnostic",2,2,4,
413225937903966,5,"motivational,prognostic,diagnostic",3,1,2,
1725890605114878,5,"motivational,prognostic,diagnostic",3,3,4,
928516692523767,5,"motivational,prognostic,diagnostic",0,1,3,
1557788621592144,5,"motivational,prognostic,diagnostic",3,1,4,
3459517980881045,5,"motivational,prognostic,diagnostic",4,1,1,
964011325155229,5,"motivational,prognostic,diagnostic",2,1,3,
1127478965543348,5,"motivational,prognostic,diagnostic",1,1,4,
659938999852103,5,"motivational,prognostic,diagnostic",3,3,4,
1451874179046350,5,"motivational,prognostic,diagnostic",3,3,4,
1337873533888064,5,"motivational,prognostic,diagnostic",1,2,4,
984551146921794,5,"motivational,prognostic,diagnostic",2,1,4,
1554768439694507,5,"motivational,prognostic,diagnostic",4,4,3,
913088213652909,5,"motivational,prognostic,diagnostic",4,2,4,
1204913700473774,5,"motivational,prognostic,diagnostic",3,0,1,
1021535170272890,5,"motivational,prognostic,diagnostic",0,0,4,
635384005727700,5,"motivational,prognostic,diagnostic",1,2,3,
503559242339003,5,"motivational,prognostic,diagnostic",2,1,4,
1001998559413129,5,"motivational,prognostic,diagnostic",0,0,4,
581984257525893,5,"motivational,prognostic,diagnostic",1,2,4,
1676822056590515,5,"motivational,prognostic,diagnostic",4,1,1,
1798825444080518,5,"motivational,prognostic,diagnostic",3,2,4,
1023300567357151,5,"motivational,prognostic,diagnostic",1,0,1,
1345003696964733,5,"motivational,prognostic,diagnostic",2,1,4,
1396151405673775,5,"motivational,prognostic,diagnostic",2,2,4,
2666498876881823,5,"motivational,prognostic,diagnostic",0,0,3,
660446009755075,5,"motivational,prognostic,diagnostic",0,0,4,
1765167931323633,5,"motivational,prognostic,diagnostic",3,2,3,
965404731799799,5,"motivational,prognostic,diagnostic",0,1,4,
1546981080150330,5,"motivational,prognostic,diagnostic",1,2,4,
1779203532865049,5,"motivational,prognostic,diagnostic",1,0,2,
1254845358940493,5,"motivational,prognostic,diagnostic",0,1,4,
1025206482709324,5,"motivational,prognostic,diagnostic",3,2,3,
3590053204625528,5,"motivational,prognostic,diagnostic",1,1,4,
2124179184651776,5,"motivational,prognostic,diagnostic",1,2,4,
2307087463032131,5,"motivational,prognostic,diagnostic",2,2,3,
1114361183525768,5,"motivational,prognostic,diagnostic",2,1,4,
1787764931979719,5,"motivational,prognostic,diagnostic",3,2,4,
502331429498729,5,"motivational,prognostic,diagnostic",2,1,3,
862264216454796,5,"motivational,prognostic,diagnostic",1,2,3,
1120924859827946,5,"motivational,prognostic,diagnostic",1,2,4,
3697563997165529,5,"motivational,prognostic,diagnostic",1,2,4,
563361333525402,5,"motivational,prognostic,diagnostic",0,1,4,
836008519201456,5,"motivational,prognostic,diagnostic",0,0,3,
1795838157939383,5,"motivational,prognostic,diagnostic",2,0,3,
1105377081337626,5,"motivational,prognostic,diagnostic",1,0,3,
1583268090174808,5,"motivational,prognostic,diagnostic",0,0,3,
960480162718522,5,"motivational,prognostic,diagnostic",0,1,4,
1114348719675022,5,"motivational,prognostic,diagnostic",0,1,4,
641879825071949,5,"motivational,prognostic,diagnostic",2,1,4,
770032595345971,5,"motivational,prognostic,diagnostic",1,1,4,
2506644846521720,5,"motivational,prognostic,diagnostic",0,0,4,
1505631080644426,5,"motivational,prognostic,diagnostic",3,4,3,
644989057920877,5,"motivational,prognostic,diagnostic",2,3,4,
1119291902651222,5,"motivational,prognostic,diagnostic",1,2,3,
1359392422161104,5,"motivational,prognostic,diagnostic",0,1,4,
2223917595072359,5,"motivational,prognostic,diagnostic",2,1,4,
1173736320758697,5,"motivational,prognostic,diagnostic",2,4,3,
1020256376513898,5,"motivational,prognostic,diagnostic",2,2,4,
2045465819387827,5,"motivational,prognostic,diagnostic",1,0,0,
1557308712606998,5,"motivational,prognostic,diagnostic",3,4,3,
1075790187003539,5,"motivational,prognostic,diagnostic",4,2,4,
1727704968251662,5,"motivational,prognostic,diagnostic",1,1,4,
3909694869309277,5,"motivational,prognostic,diagnostic",2,4,4,
1037131452184619,5,"motivational,prognostic,diagnostic",3,3,4,
1343881667947562,5,"motivational,prognostic,diagnostic",3,1,4,
1688501955404341,5,"motivational,prognostic,diagnostic",1,0,3,
4532354583682699,5,"motivational,prognostic,diagnostic",3,3,4,
643011201495247,5,"motivational,prognostic,diagnostic",2,1,4,
