text_id,label_1,label_2,label_3,parse_error
1023172036834829,demonstration,orte,klima,
4005500556400854,demonstration,klima,orte,
1575996174255675,demonstration,zukunft,orte,
1567989358296502,unclassified,,,
27589419697356625,unclassified,,,
1204670665108860,unclassified,,,
1317240037277455,unclassified,,,
2171321440110888,unclassified,,,
1035851095513631,unclassified,,,
997352393352376,unclassified,,,
1530289834321033,demonstration,teilnahme,,
465767503204664,klima,kohle,aufruf,
391953857240064,unclassified,,,
592570296957910,demonstration,feste,,
1096849961884093,jugend,demonstration,orte,
2920056458345966,unclassified,,,
1793156998518926,unclassified,,,
1035910789016875,unclassified,,,
2955392211467029,demonstration,orte,feste,
1137437644839772,klima,engagement,,
930210122376753,orte,,,
1742839476293911,demonstration,orte,,
594082553437367,feste,politik,,
1109007447272549,demonstration,klima,aufruf,
3454936918148001,unclassified,,,
1762808067838279,gemeinsam,unclassified,,
415895688260902,demonstration,klima,jugend,
1635635837313818,klima,demonstration,zukunft,
1261547441805405,orte,unclassified,,
1103696994604262,personen,krise,kapitalismus,
1794112541365782,demonstration,orte,,
956145182782340,krise,zukunft,,
1416222146014719,demonstration,climate justice,energie,
4095881497361074,demonstration,klima,orte,
635621519140633,demonstration,klima,zukunft,
1066427485171745,demonstration,klima,,
1958046701335520,demonstration,jugend,klima,
2389514421383083,demonstration,aufruf,zukunft,
1137438724201785,kohle,mobilität,,
579313384681310,klima,zukunft,,
1131292644860996,mobilität,klima,,
879282981026581,climate justice,zukunft,klima,
1260697295170127,jugend,teilnahme,,
916628800456677,engagement,gemeinsam,aufruf,
2667351190139885,demonstration,klima,globaler,
1138883321083159,demonstration,klima,gemeinsam,
1264979762010699,demonstration,zukunft,gemeinsam,
1155365869479123,demonstration,klima,aufruf,
929668959099537,jugend,zukunft,,
1174482520943616,teilnahme,,,
1602185193761985,klima,,,
872900928251532,jugend,klima,demonstration,
600918402872753,demonstration,climate justice,zukunft,
1504199976962111,demonstration,klima,jugend,
2107811549638363,demonstration,klima,,
1061079092454358,unclassified,,,
1804707356947805,kohle,demonstration,energie,
637785175362890,demonstration,klima,politik,
940957347906174,demonstration,aufruf,klima,
1764680110946655,klima,krise,,
977546760955234,demonstration,orte,engagement,
1349299919401151,demonstration,klima,orte,
1775353923242297,demonstration,klima,orte,
927058139357131,demonstration,kohle,jugend,
995431013272872,demonstration,dörfer,globaler,
584543591169281,klima,zukunft,,
1001958669267150,unclassified,,,
1734432077346478,demonstration,klima,kohle,
1541369053209004,gemeinsam,zukunft,,
1700177764173242,demonstration,orte,,
644112671377272,demonstration,klima,gemeinsam,
1097627725236462,demonstration,jugend,klima,
422293897617776,demonstration,klima,politik,
499031439814302,demonstration,klima,globaler,
959961015732078,demonstration,zukunft,klima,
965363142260445,demonstration,orte,,
1953508441820544,demonstration,orte,globaler,
550451977880514,demonstration,klima,zukunft,
586195010884644,demonstration,orte,teilnahme,
1146223446845258,jugend,demonstration,klima,
887627120021358,demonstration,jugend,,
889437226633583,demonstration,aufruf,,
1031612045653790,demonstration,teilnahme,,
598994669561884,teilnahme,,,
1647655729642438,demonstration,kohle,jugend,
1325639525296777,gemeinsam,demonstration,,
8856300767818884,demonstration,jugend,zukunft,
2603825070020479,demonstration,kohle,aufruf,
616542760966442,demonstration,orte,,
561830386620533,orte,demonstration,zukunft,
502400899549938,unclassified,,,
1105139481397803,demonstration,orte,zukunft,
497934402939738,demonstration,orte,klima,
599964346228854,demonstration,climate justice,zukunft,
983193860326344,klima,engagement,gemeinsam,
3363945187070697,demonstration,jugend,orte,
949255440202079,unclassified,,,
1884665452024702,demonstration,kohle,jugend,
1271074260670168,orte,teilnahme,,
1035565454989079,jugend,demonstration,kohle,
1995387520969682,jugend,demonstration,klima,
1767750004039041,kohle,zukunft,politik,
1700369774222524,jugend,demonstration,gemeinsam,
4722731161285458,jugend,demonstration,teilnahme,
1605733350014938,kohle,demonstration,jugend,
1130689735163961,engagement,aufruf,,
4045830062355001,demonstration,,,
492540757167632,demonstration,klima,zukunft,
1570829753564642,kohle,zukunft,demonstration,
1267642231017949,zukunft,engagement,,
1032456171900295,demonstration,jugend,klima,
1219975549306951,demonstration,cop,zukunft,
898605112163580,unclassified,,,
627201633019025,demonstration,jugend,klima,
2024179998486124,kohle,demonstration,klima,
968057634769764,aufruf,zukunft,,
892116243032917,demonstration,zukunft,cop,
583370290758671,demonstration,cop,zukunft,
956411482761583,demonstration,orte,,
577872808162999,demonstration,zukunft,globaler,
28736113246002933,demonstration,orte,engagement,
630392536034539,engagement,klima,gemeinsam,
1123827252289271,demonstration,klima,gemeinsam,
576486378261320,demonstration,jugend,klima,
1107097461009092,kohle,jugend,demonstration,
1066230571974055,demonstration,gemeinsam,,
984027510262897,demonstration,klima,,
554712390516379,demonstration,globaler,,
1097757658611006,zukunft,jugend,aufruf,
626979996388462,demonstration,orte,,
3962455517333452,demonstration,globaler,klima,
28456433547335048,klima,zukunft,engagement,
1353254265706961,teilnahme,unclassified,,
623036940239620,unclassified,,,
987513976768956,unclassified,,,
621770367003203,unclassified,,,
439405112336317,jugend,klima,politik,
1147217500443144,politik,,,
1092214049036162,demonstration,orte,engagement,
1641168476498403,demonstration,gemeinsam,klima,
1179022547125195,demonstration,kohle,jugend,
522123216964148,demonstration,globaler,,
3994265654191885,unclassified,,,
967400471565777,globaler,demonstration,jugend,
506856715664016,demonstration,klima,aufruf,
1334466258869777,kohle,demonstration,orte,
2444248855917394,demonstration,klima,kohle,
1548574922468563,demonstration,klima,globaler,
1328925178287266,demonstration,jugend,klima,
1607791626613638,jugend,kohle,demonstration,
481216284791227,demonstration,,,
636384102107617,demonstration,klima,gemeinsam,
520097207201631,jugend,demonstration,,
1584997569850188,orte,demonstration,teilnahme,
554166487332883,gemeinsam,zukunft,engagement,
566368222806485,demonstration,climate justice,klima,
947219983975581,engagement,demonstration,dörfer,
1340592307262321,demonstration,zukunft,orte,
640858678460297,gemeinsam,teilnahme,,
1106596740992771,jugend,klima,aufruf,
1740906150101147,demonstration,jugend,klima,
1562316987804316,engagement,,,
1146996213712669,globaler,,,
3770522479929599,demonstration,orte,globaler,
1027988196035838,orte,engagement,,
1322347285450781,demonstration,zukunft,,
1376091400465384,demonstration,aufruf,,
512890564648954,demonstration,engagement,teilnahme,
1279950183027422,demonstration,orte,globaler,
2395032294174390,demonstration,climate justice,klima,
476035468335073,demonstration,klima,orte,
607413345211782,demonstration,orte,teilnahme,
4069046626714848,jugend,klima,demonstration,
3953058251605762,jugend,zukunft,gemeinsam,
1794346461768295,kohle,demonstration,zukunft,
1001643848486680,unclassified,,,
549413181586414,demonstration,teilnahme,,
857910149750502,demonstration,zukunft,,
892917266339520,jugend,demonstration,climate justice,
1223370562289445,demonstration,globaler,jugend,
531807066568952,demonstration,klima,gemeinsam,
2278546622950400,klima,landwirtschaft,,
946849290495675,demonstration,orte,klima,
1319151406745599,klima,demonstration,zukunft,
1047446551611297,jugend,klima,aufruf,
2010443062792570,ozean,klima,demonstration,
2398788510466373,krieg,jugend,klima,
1976061503084182,demonstration,kohle,orte,
967996241434757,jugend,orte,gemeinsam,
1237523643967556,jugend,demonstration,zukunft,
805023061753541,engagement,globaler,,
3054679368199190,klima,demonstration,gemeinsam,
1112390856767024,demonstration,mobilität,politik,
597090486337734,globaler,jugend,demonstration,
1231900915172535,gemeinsam,unclassified,,
2438273303178278,jugend,demonstration,klima,
557908700459769,personen,demonstration,climate justice,
1631381648417741,demonstration,klima,globaler,
8685466041539840,jugend,demonstration,zukunft,
1524827692748302,demonstration,klima,,
1085343339469734,jugend,gemeinsam,demonstration,
485354917665238,politik,klima,demonstration,
1712498442628331,engagement,gemeinsam,,
1302823835133752,demonstration,globaler,klima,
1513639220506373,kohle,demonstration,orte,
462993753090892,jugend,demonstration,climate justice,
921941223209052,demonstration,jugend,klima,
889808026400057,demonstration,jugend,teilnahme,
462210553649783,jugend,demonstration,krise,
985868916728982,jugend,demonstration,klima,
1379736889675665,demonstration,gemeinsam,,
27408909155414447,jugend,demonstration,klima,
1976717476175887,globaler,jugend,personen,
1582573580141143,orte,,,
563371149767849,jugend,demonstration,politik,
1339401621640688,demonstration,klima,jugend,
1030500096502702,demonstration,klima,climate justice,
3897378130520127,unclassified,,,
1252668219343606,klima,aufruf,demonstration,
3874859089392506,globaler,demonstration,aufruf,
1752828312413088,orte,personen,demonstration,
587320807552179,demonstration,teilnahme,,
533993199696805,spenden,demonstration,,
615629411032218,jugend,demonstration,gemeinsam,
1509973367776070,demonstration,zukunft,klima,
591333526944207,unclassified,,,
1302037967368678,jugend,aufruf,zukunft,
1577564170761125,demonstration,gemeinsam,,
2006802676605888,demonstration,,,
1678240292754568,demonstration,jugend,zukunft,
1857146438358389,jugend,klima,demonstration,
1421199075520655,personen,demonstration,orte,
571820128869757,jugend,demonstration,zukunft,
1294673574865485,demonstration,klima,teilnahme,
1395389105985538,demonstration,zukunft,kapitalismus,
1246296376491384,teilnahme,,,
843290968640734,demonstration,jugend,zukunft,
986576306633702,unclassified,,,
4518628871792088,zukunft,demonstration,,
2967528553596876,demonstration,orte,,
1090513839393778,jugend,demonstration,unclassified,
3857687684446862,unclassified,,,
4243403275794410,klima,demonstration,,
599351045825313,jugend,demonstration,zukunft,
1030871629491993,demonstration,jugend,zukunft,
1666904254239188,globaler,demonstration,klima,
2233927227446316,demonstration,orte,klima,
964937362349500,demonstration,zukunft,orte,
1120724459553789,demonstration,jugend,orte,
1349271542920785,demonstration,jugend,teilnahme,
900402815610090,jugend,zukunft,demonstration,
9065192426894679,teilnahme,,,
1289757215705566,klima,aufruf,zukunft,
834113462027693,jugend,demonstration,zukunft,
827939919463638,demonstration,orte,globaler,
583289227551133,globaler,jugend,demonstration,
920113750659303,demonstration,klima,globaler,
437355039257831,spenden,demonstration,engagement,
4155655891398586,demonstration,globaler,orte,
912902757216883,spenden,demonstration,engagement,
1037457125603746,demonstration,globaler,orte,
569928316043526,jugend,demonstration,orte,
1713274469528767,spenden,demonstration,engagement,
1532881104042678,globaler,orte,klima,
1088068119478007,demonstration,klima,jugend,
1141252850895414,spenden,engagement,demonstration,
887379404416106,demonstration,orte,globaler,
654078270378195,unclassified,,,
1442416033828918,demonstration,jugend,klima,
2275919846595972,demonstration,globaler,orte,
1748640132374601,demonstration,feste,,
1266481221061355,spenden,demonstration,engagement,
982408207114343,demonstration,globaler,gemeinsam,
2461963677620190,demonstration,feminismus,climate justice,
8646731682112109,demonstration,zukunft,orte,
2163450137886845,demonstration,globaler,zukunft,
1069607418856417,demonstration,zukunft,globaler,
1071213912153437,demonstration,globaler,klima,
28490959390593005,kohle,demonstration,aufruf,
460922739975365,spenden,demonstration,engagement,
1571049434713228,globaler,klima,demonstration,
617465867507823,spenden,demonstration,engagement,
1657376818318612,klima,krise,,
483842821158822,feminismus,mobilität,,
4691595141164884,globaler,demonstration,klima,
1515008995818934,demonstration,jugend,globaler,
1760404158635050,demonstration,feminismus,dörfer,
2048629952684427,globaler,demonstration,zukunft,
1568915584646780,orte,unclassified,,
1065917971981548,spenden,engagement,jugend,
1328246012221134,globaler,demonstration,orte,
1202777384832729,klima,krise,,
1217856395963342,spenden,globaler,engagement,
1913509406279140,jugend,demonstration,klima,
968702844661638,demonstration,,,
1334861701474917,demonstration,engagement,teilnahme,
1385445400363730,demonstration,globaler,orte,
1956826115004848,demonstration,climate justice,globaler,
1047575664274773,demonstration,politik,,
2483422312163138,demonstration,orte,klima,
1094645032102229,spenden,demonstration,engagement,
9232179190173539,jugend,demonstration,zukunft,
934798318531314,klima,jugend,zukunft,
1427650952542789,klima,demonstration,globaler,
941261691318495,demonstration,orte,,
1707112323994743,globaler,aufruf,klima,
1541637020988054,globaler,demonstration,orte,
4136417329903524,jugend,demonstration,orte,
1651457572580423,demonstration,orte,,
2667943273393637,globaler,orte,gemeinsam,
1061415150152448,demonstration,globaler,aufruf,
1037552435821024,demonstration,klima,globaler,
1110507631310855,demonstration,engagement,globaler,
594784249745158,spenden,demonstration,engagement,
995070543310706,globaler,demonstration,,
1417116636999019,demonstration,klima,kohle,
1096722516120605,demonstration,zukunft,globaler,
1958301994691126,globaler,demonstration,klima,
651858203951187,zukunft,gemeinsam,,
2045200516088753,demonstration,zukunft,orte,
1169520628028419,globaler,demonstration,orte,
1531965835284814,demonstration,gemeinsam,globaler,
636509235729623,climate justice,demonstration,,
875321685637149,orte,demonstration,zukunft,
638615811960616,demonstration,engagement,globaler,
547430551681735,orte,gemeinsam,teilnahme,
580481711519086,demonstration,climate justice,jugend,
913672684312408,demonstration,teilnahme,,
895964709400086,demonstration,klima,zukunft,
36725400127104886,demonstration,gemeinsam,klima,
1263951788041172,jugend,zukunft,demonstration,
544465078433772,klima,unclassified,,
1031678045650720,demonstration,globaler,orte,
829108729341186,demonstration,teilnahme,,
4327482634159289,demonstration,politik,klima,
1334875351199672,klima,aufruf,,
618637614044067,ozean,klima,feste,
611106448217816,jugend,demonstration,klima,
1113195374365075,demonstration,orte,engagement,
652550363795617,demonstration,gemeinsam,klima,
593987319756018,demonstration,orte,engagement,
2394097104260963,klima,krise,wissenschaft,
1509721953504380,demonstration,jugend,politik,
3616932835112643,demonstration,orte,,
1231603571470607,demokratie,,,
1628002832323848,demonstration,klima,wissenschaft,
632125986019089,jugend,teilnahme,,
369753032892658,jugend,zukunft,demonstration,
1303486714123158,demonstration,ozean,jugend,
1965058377293371,zukunft,demonstration,politik,
1020792327579383,demonstration,jugend,politik,
550286454518498,demonstration,climate justice,zukunft,
635038158915604,demonstration,gemeinsam,engagement,
1257394872175761,klima,kapitalismus,,
530424066170895,demonstration,jugend,gemeinsam,
1026202095931693,unclassified,,,
1380654480270922,demonstration,zukunft,orte,
1248409136221533,teilnahme,demonstration,,
3807112766206431,unclassified,,,
638153408563549,orte,demonstration,,
565416772796633,demonstration,klima,jugend,
2015027055790076,klima,demonstration,aufruf,
1533950447268805,klima,engagement,orte,
944709600882481,demonstration,klima,aufruf,
1758633982130272,klima,zukunft,,
1376459621034141,demonstration,klima,zukunft,
2629625014092642,demonstration,,,
1232436997864811,klima,demonstration,gemeinsam,
635575738995069,jugend,demonstration,teilnahme,
2257471527961921,demonstration,zukunft,politik,
1776629919856537,zukunft,mobilität,politik,
1449098993721407,klima,engagement,,
913594827644117,jugend,engagement,orte,
989602613051794,feste,klima,unclassified,
1281079183147827,jugend,demonstration,klima,
1708225520415664,klima,demonstration,orte,
1563177084559334,orte,,,
1535128437138887,klima,climate justice,aufruf,
1118231572958413,teilnahme,,,
898655392578376,unclassified,,,
1320769342620793,krise,klima,,
410244902166545,ozean,klima,demonstration,
1328690708267751,demonstration,jugend,aufruf,
890001686553227,klima,krise,aufruf,
551430181094077,teilnahme,,,
1277432790149277,demonstration,jugend,klima,
1356694209010935,mobilität,demonstration,gemeinsam,
1308130658142491,demonstration,klima,politik,
901272005465789,unclassified,,,
1045293344826007,demonstration,jugend,orte,
932123682370316,demonstration,zukunft,klima,
881903434982396,demonstration,orte,klima,
1618642732408537,demonstration,gemeinsam,zukunft,
557778480333701,demonstration,klima,zukunft,
1938537160181652,demonstration,jugend,klima,
2463315660814727,climate justice,demonstration,teilnahme,
969980348429765,demonstration,climate justice,klima,
1845744863459855,krise,aufruf,,
605297585175156,orte,gemeinsam,engagement,
27290576280552410,demonstration,orte,globaler,
1107094020941287,politik,aufruf,,
9131043483676125,klima,mobilität,politik,
1368646565186801,unclassified,,,
623330963360883,klima,politik,aufruf,
1132543958658523,klima,politik,,
2401591723529305,klima,zukunft,aufruf,
1733997831087567,unclassified,,,
8544180472360847,engagement,demonstration,politik,
821933796740655,kapitalismus,demonstration,klima,
897014192511331,demonstration,aufruf,,
1580737097387377,demonstration,klima,orte,
3878459015760210,klima,krise,politik,
597452026057296,politik,aufruf,,
2018226328679495,aufruf,klima,politik,
1579643440609504,kohle,demonstration,kapitalismus,
3806964532885185,jugend,demonstration,klima,
915320980244423,wissenschaft,klima,ozean,
1145419437304484,demonstration,aufruf,,
1696703444933904,demonstration,klima,orte,
1676037026673195,mobilität,demonstration,orte,
2084296642293091,demonstration,klima,gemeinsam,
1349352106530657,demonstration,orte,,
2627863527396869,politik,klima,zukunft,
2560025271101407,demonstration,jugend,klima,
959604232902091,climate justice,zukunft,politik,
1014239864822778,engagement,demonstration,jugend,
956226376353395,demonstration,krise,politik,
1387460252662756,demonstration,klima,teilnahme,
1738140464052571,aufruf,demonstration,zukunft,
1106563191011420,unclassified,,,
1080869984296373,demonstration,ozean,orte,
443295748750291,teilnahme,,,
997267369741268,engagement,orte,feste,
1500114228012079,klima,politik,wahl,
1065322432907653,jugend,klima,cop,
1053700583675956,demonstration,ozean,orte,
2247645299109834,demonstration,jugend,,
1489695478365270,demonstration,klima,orte,
3533550263611316,demonstration,klima,feste,
928368726957872,demonstration,klima,gemeinsam,
1670620993879915,demonstration,klima,orte,
1275314043696414,jugend,engagement,klima,
583673334017853,jugend,demonstration,klima,
861859500329718,demonstration,orte,klima,
2828269864201422,demonstration,feste,,
1085074127810260,demonstration,klima,krise,
1526525122451758,demonstration,klima,gemeinsam,
1535269447156023,demonstration,klima,jugend,
1008004515479192,demonstration,klima,gemeinsam,
1797304205013838,demonstration,jugend,aufruf,
1346945740004711,demonstration,climate justice,klima,
472624145902463,klima,cop,,
913475451788936,demonstration,gemeinsam,orte,
1540154570736682,klima,wissenschaft,globaler,
1124217436041058,klima,demonstration,zukunft,
518412567934546,klima,gemeinsam,wissenschaft,
500414279696930,klima,feste,,
505358838820540,engagement,jugend,demonstration,
1573796130831402,demonstration,klima,aufruf,
1299433047927743,demonstration,klima,zukunft,
1362963978116233,demonstration,klima,jugend,
1164087405115870,demonstration,klima,,
1767018747416703,demonstration,klima,krise,
4059316084314035,globaler,demonstration,klima,
2542476856172001,demonstration,klima,jugend,
1035619464998029,demonstration,kohle,energie,
1794806038559136,demonstration,klima,,
1590726588220450,aufruf,engagement,,
1998210754173653,gemeinsam,orte,,
1666079577667992,demonstration,politik,jugend,
1209046422291907,demonstration,jugend,klima,
1758758018275477,jugend,demonstration,klima,
1545819086061305,demonstration,krise,,
605135615376109,demonstration,personen,orte,
997439105607985,demonstration,klima,jugend,
1321837213438358,demonstration,jugend,politik,
2025523264749711,demonstration,gemeinsam,orte,
3787680021493711,wahl,jugend,demokratie,
1339586874264675,demonstration,klima,orte,
1369856338388678,demonstration,zukunft,orte,
951184693632090,demonstration,orte,klima,
591505800514765,demonstration,jugend,aufruf,
2504724330024345,demonstration,orte,kohle,
1807678240082871,engagement,wahl,klima,
1252741772438181,wahl,klima,engagement,
1569643657979640,demonstration,kohle,zukunft,
3917224051938452,demonstration,globaler,,
515114257723768,demonstration,klima,orte,
4230750830569688,demonstration,politik,orte,
2285351091864349,demonstration,wahl,engagement,
1269987790960501,klima,demonstration,orte,
1767004561125939,demonstration,gemeinsam,energie,
1358830589547973,demonstration,orte,zukunft,
2910425302457906,klima,kapitalismus,orte,
1130623625144681,klima,zukunft,orte,
2288206855341437,demonstration,orte,globaler,
2016972465672821,demonstration,zukunft,cop,
2034145447191737,demonstration,zukunft,orte,
997377488932776,demonstration,klima,orte,
1352873389457351,wahl,demonstration,klima,
924270742817768,demonstration,globaler,teilnahme,
2884232841735157,demonstration,klima,jugend,
1180494716332192,demonstration,klima,orte,
3931167930429721,wahl,klima,zukunft,
1148774220178759,unclassified,,,
4028668074085365,klima,demonstration,aufruf,
591356470365761,demonstration,jugend,klima,
1376265967078812,klima,wissenschaft,krise,
556896227115099,jugend,wahl,demonstration,
1099543338622999,wahl,klima,engagement,
27164128919926498,demonstration,jugend,politik,
646745614459636,climate justice,orte,engagement,
1654268378769571,wissenschaft,klima,aufruf,
642728508434396,klima,wissenschaft,krise,
1793937357879794,demonstration,jugend,,
1686391282310144,zukunft,teilnahme,,
1694788701076277,demonstration,engagement,,
598641759738811,demonstration,klima,zukunft,
2294785584684578,demonstration,globaler,zukunft,
2080456092505879,demonstration,engagement,zukunft,
932314085667231,demonstration,klima,jugend,
843198688668084,wahl,klima,demonstration,
1049298264436388,demonstration,jugend,zukunft,
1088859532687313,demonstration,wahl,klima,
554872177583139,demonstration,spenden,wahl,
2263772144450419,demonstration,jugend,orte,
652679143866964,demonstration,klima,politik,
4009220552542785,klima,orte,demonstration,
924271636484819,demonstration,teilnahme,,
1168555944661543,globaler,engagement,orte,
1279158496503971,jugend,demonstration,zukunft,
1221116629002082,wahl,klima,engagement,
1039424954869591,klima,krise,,
2723916357996791,globaler,demonstration,klima,
1017416917705634,demonstration,dörfer,climate justice,
3035456486606922,demonstration,globaler,,
1467697987967006,landwirtschaft,wahl,demonstration,
1382056857147760,demonstration,zukunft,politik,
4042201422683965,engagement,,,
1291594728524042,demonstration,klima,mobilität,
1153510336327290,demonstration,klima,globaler,
1233052094477725,unclassified,,,
1562905932095265,demonstration,aufruf,,
29314663861456634,jugend,demonstration,globaler,
1132106601344622,wissenschaft,klima,orte,
9173989329311645,demonstration,klima,politik,
1168114208312177,demonstration,orte,klima,
27636449625984973,demonstration,kapitalismus,gemeinsam,
1312999966509655,zukunft,demonstration,engagement,
612213004871631,demonstration,wahl,orte,
994247570097633,demonstration,orte,,
1733699024055933,demonstration,jugend,zukunft,
9292622500788338,demonstration,klima,wahl,
622986056989672,klima,demonstration,wissenschaft,
851491857035023,jugend,wahl,engagement,
965847915037986,klima,wahl,demonstration,
1902478051137536,demonstration,klima,zukunft,
786746683597077,demonstration,zukunft,jugend,
1408948881284700,dörfer,kohle,demonstration,
1105849271555367,demonstration,globaler,wahl,
1139497823863554,demonstration,globaler,politik,
1336218825265613,demonstration,kohle,dörfer,
972351914792895,demonstration,globaler,aufruf,
541971801983701,klima,jugend,wahl,
985461616768155,demonstration,wahl,klima,
8754117641384322,globaler,wahl,klima,
1994845701160498,globaler,demonstration,klima,
385116704686925,kohle,wahl,politik,
2415787525578886,demonstration,globaler,orte,
1555401288311089,gemeinsam,jugend,zukunft,
1529324571099870,wahl,demonstration,klima,
1321593172331179,demonstration,globaler,klima,
2231060677290841,demonstration,klima,wahl,
1587771592764870,demonstration,climate justice,orte,
608656515360664,demonstration,engagement,klima,
938126485076938,jugend,wahl,demonstration,
1858188531819591,demonstration,jugend,globaler,
1149026473675176,demonstration,gemeinsam,jugend,
1542669927123464,demonstration,zukunft,climate justice,
1370164430813597,globaler,demonstration,,
645236954598274,globaler,demonstration,teilnahme,
1159752695741605,jugend,demonstration,klima,
948159190372875,teilnahme,globaler,,
1036451052270601,orte,jugend,,
571004375512260,energie,demonstration,politik,
38118087217807218,globaler,jugend,demonstration,
504725409309127,demonstration,klima,orte,
509564662153642,orte,demonstration,,
3421025354697136,orte,demonstration,,
1101604428209522,demonstration,globaler,jugend,
1087856537092968,globaler,jugend,demonstration,
1374928874701243,demonstration,klima,orte,
1106945287885538,jugend,demonstration,klima,
897657158928258,globaler,demonstration,wahl,
1386399379435011,orte,demonstration,,
929301855958908,globaler,demonstration,,
1268430080862390,demonstration,klima,wahl,
1164536478615960,jugend,demonstration,orte,
2902024756638362,demonstration,orte,globaler,
1319511285740495,demonstration,klima,globaler,
2352122325138098,globaler,demonstration,wahl,
1069086952303538,demonstration,jugend,globaler,
2064243864001823,demonstration,jugend,zukunft,
2026696201186995,personen,demonstration,zukunft,
1691697401889310,demonstration,klima,orte,
1417695829208418,demonstration,zukunft,,
663057649402423,demonstration,gemeinsam,klima,
1046591401149712,demonstration,jugend,climate justice,
2253029578568153,demonstration,klima,politik,
1582272139347305,demonstration,klima,wahl,
1528823414593979,demonstration,gemeinsam,,
994034856727801,demonstration,klima,zukunft,
1288847799026065,personen,orte,engagement,
1129880068691719,demonstration,wahl,engagement,
4058993187710420,wahl,klima,engagement,
28842584072009714,demonstration,wahl,orte,
609819095297487,wahl,,,
1555524986356502,wahl,orte,zukunft,
471881492469676,klima,demonstration,gemeinsam,
1089867686226181,jugend,politik,,
548180888266562,demonstration,orte,jugend,
1294918115134943,jugend,demonstration,orte,
405086746027263,klima,demonstration,orte,
2018183882113768,demonstration,klima,orte,
630780832798460,demonstration,jugend,orte,
944714667789429,personen,demonstration,,
481188834786814,demonstration,kohle,jugend,
2832207733655452,demonstration,politik,,
1128527988998722,landwirtschaft,klima,,
534006579714368,wahl,demonstration,jugend,
1156979273133299,wahl,demonstration,klima,
1941193209870500,demonstration,aufruf,orte,
1062544022312561,klima,gemeinsam,demonstration,
1596139554347776,kohle,klima,demonstration,
2419836335081907,kohle,klima,demonstration,
588490483809638,demonstration,engagement,,
1152050166638265,demonstration,klima,krise,
1132601994734297,klima,demonstration,krise,
596833353064992,demonstration,orte,,
1031996549766395,demonstration,,,
960399305675402,demonstration,gemeinsam,,
1001838399500594,demonstration,klima,orte,
995568899054070,demonstration,zukunft,klima,
1722448604966386,demonstration,klima,zukunft,
1685024879036005,teilnahme,politik,,
1040390671836187,demonstration,orte,,
987604676560115,demonstration,klima,orte,
611376624815570,teilnahme,,,
1086417723259291,demonstration,,,
1842301339731740,klima,demonstration,ozean,
610866578310891,teilnahme,,,
3848511072145456,zukunft,orte,aufruf,
1368276307492945,demonstration,gemeinsam,orte,
1408992094378603,demonstration,teilnahme,,
1823370201768084,demonstration,orte,engagement,
1580296780558401,demonstration,gemeinsam,aufruf,
1182662997201801,demonstration,klima,orte,
541411242265019,mobilität,demonstration,orte,
1371278701884554,demonstration,climate justice,kohle,
8750420001660989,klima,demonstration,jugend,
1546270975992350,demonstration,klima,orte,
1128051945700958,demonstration,klima,politik,
587011964135661,orte,unclassified,,
2508745459646722,aufruf,klima,engagement,
1028865896320326,demonstration,jugend,zukunft,
901021995256482,demonstration,orte,,
1953596485120125,feminismus,klima,gemeinsam,
626211686467475,demonstration,,,
505915048765304,engagement,teilnahme,,
1587853328496314,globaler,demonstration,gemeinsam,
875692301191517,orte,demonstration,,
1129721808296574,demonstration,orte,zukunft,
1736187260559978,demonstration,orte,engagement,
907737461531524,politik,aufruf,,
1667208147559325,demonstration,orte,politik,
2455489611584179,unclassified,,,
2179914105757025,demonstration,klima,orte,
1090902730052660,demonstration,orte,dörfer,
9073721229344168,demonstration,klima,orte,
635302675612955,demonstration,gemeinsam,,
1340645520257229,demonstration,orte,gemeinsam,
938216031377983,demonstration,orte,wissenschaft,
1337035030613121,orte,engagement,spenden,
1159674639082216,krise,orte,demonstration,
1797816157421923,demonstration,klima,orte,
578601178344252,demonstration,klima,orte,
633834995666528,feminismus,klima,gemeinsam,
1293394328341156,demonstration,climate justice,klima,
951278201274028,demonstration,gemeinsam,orte,
549350917903146,klima,demonstration,krise,
3137533163081306,demonstration,klima,orte,
591455276668941,demonstration,kohle,zukunft,
484957994374470,demonstration,klima,orte,
995833333230112,demonstration,orte,gemeinsam,
1357303345232855,gemeinsam,climate justice,demonstration,
1672748436670074,kohle,gemeinsam,politik,
3826185487642462,klima,krise,orte,
621589090823668,demonstration,jugend,orte,
2319410385118587,jugend,zukunft,engagement,
1017304230233700,demonstration,klima,krise,
3759789644238299,klima,jugend,personen,
1741907246642438,demonstration,orte,jugend,
1126867758974802,demonstration,klima,orte,
578060385045253,demonstration,orte,krise,
1741409713314370,demonstration,orte,jugend,
3971299619806514,demonstration,jugend,orte,
2369294697212550,demonstration,orte,teilnahme,
1903484206729953,demonstration,kohle,engagement,
1293378495446457,demonstration,dörfer,feste,
9283473735101822,demonstration,krise,orte,
1142058194128844,krise,orte,zukunft,
1567102884507409,kohle,demonstration,climate justice,
1121829279690109,gemeinsam,engagement,demonstration,
3823551527895117,krise,klima,orte,
2399336107097858,demonstration,politik,gemeinsam,
904590028423123,krise,orte,klima,
1275877227010010,demonstration,engagement,klima,
1723238192036196,klima,jugend,demonstration,
1348262496605935,demonstration,politik,,
588267044092222,demonstration,orte,,
522633413580839,demonstration,klima,orte,
1158164959143526,demonstration,krise,orte,
1131030862147224,demonstration,politik,,
998071782168740,aufruf,krise,orte,
1018206630575693,demonstration,zukunft,gemeinsam,
523327920743101,demonstration,orte,engagement,
478753768610893,demonstration,klima,jugend,
1115888616528752,engagement,orte,feste,
1641950299732436,spenden,gemeinsam,orte,
965573578326643,engagement,demonstration,klima,
1085784989902664,engagement,orte,demonstration,
2410397109299395,politik,klima,orte,
1158923645803424,demonstration,jugend,wahl,
1360522359507848,demonstration,orte,politik,
872982751343446,klima,personen,feste,
1657438804984598,demonstration,orte,,
1061108042487598,krise,demonstration,gemeinsam,
1358041272029780,krise,demonstration,klima,
645290921254291,demonstration,zukunft,orte,
979583074043076,demonstration,orte,engagement,
9759469147399556,mobilität,demonstration,,
3533393813630293,krise,politik,,
956765954127237,demonstration,klima,gemeinsam,
1293033251903902,orte,aufruf,,
1138759677904405,politik,klima,orte,
589227137299870,demonstration,orte,,
1666341940584176,demonstration,klima,jugend,
878228048673656,unclassified,,,
1053315840704426,demonstration,zukunft,kapitalismus,
1018542310157541,demonstration,politik,gemeinsam,
583725847361183,jugend,krise,zukunft,
1586781968878717,spenden,jugend,engagement,
1876432653096881,engagement,demonstration,zukunft,
1671847013728676,unclassified,,,
1162612125534440,krise,orte,,
500379159356905,demonstration,engagement,,
3080670588756454,demonstration,engagement,,
3908415076080532,orte,engagement,,
942317801089644,engagement,aufruf,orte,
852603290285791,spenden,engagement,gemeinsam,
1312942286419311,orte,engagement,demonstration,
1353923265605546,demonstration,orte,,
962522802499236,klima,globaler,,
939444218069995,engagement,unclassified,,
3865804853678359,demonstration,,,
1105510333908975,engagement,orte,jugend,
1761675251313117,orte,engagement,klima,
1296765001651081,krise,politik,,
1319947709041301,krise,politik,aufruf,
626730503191336,demonstration,teilnahme,,
969593141891373,demonstration,klima,climate justice,
525059420591505,teilnahme,gemeinsam,,
900593781806901,orte,engagement,jugend,
1783589512439697,klima,gemeinsam,engagement,
607171415393482,demonstration,orte,,
990544830666031,demonstration,orte,globaler,
1317830709527851,demonstration,orte,,
580294994999655,demonstration,personen,orte,
4069742979913774,teilnahme,demonstration,orte,
1419983563350135,demonstration,mobilität,orte,
1324873738528449,demonstration,,,
1778368512934265,engagement,jugend,orte,
2436889977070352,demonstration,klima,jugend,
605274878606992,klima,aufruf,,
649983430703771,klima,krise,,
1357349822294435,jugend,klima,engagement,
1007219007932070,demonstration,klima,wahl,
962430872487545,demonstration,gemeinsam,orte,
1114504550160230,demonstration,personen,orte,
1314811599521072,jugend,aufruf,,
9624047200952909,engagement,demonstration,,
588384047454457,demonstration,orte,teilnahme,
923085586427756,zukunft,politik,demonstration,
1304649070738854,orte,teilnahme,,
593096993250704,demonstration,klima,jugend,
434526439704734,engagement,jugend,orte,
1392420251724109,klima,,,
1546487366060737,orte,unclassified,,
614654528179246,demonstration,orte,,
534556096118136,feste,teilnahme,,
630674399544546,klima,aufruf,,
1298819074637348,klima,krise,orte,
926353689663332,klima,engagement,,
3836308516584886,jugend,zukunft,engagement,
1378979726861006,demonstration,wahl,orte,
1450663653784035,demonstration,engagement,orte,
595113503285774,demonstration,mobilität,,
1107373694435774,klima,krise,aufruf,
9258205027570190,krise,demonstration,orte,
1128953431964646,demonstration,aufruf,,
591358187098194,globaler,demonstration,gemeinsam,
542089942139823,demonstration,klima,krise,
1279321289951060,engagement,orte,globaler,
1245070573232271,klima,teilnahme,,
646351237819027,demonstration,gemeinsam,orte,
1533836987480484,demonstration,orte,,
2974361686055560,orte,gemeinsam,,
1258680862084620,demonstration,klima,teilnahme,
1307177300274832,demonstration,klima,politik,
1132918987944027,demonstration,orte,,
1679899702597627,krise,aufruf,,
2489513921390759,dörfer,kohle,,
973060450847265,cop,aufruf,demonstration,
619255297315983,engagement,aufruf,globaler,
3988820578103058,engagement,aufruf,orte,
553496871040757,orte,engagement,,
1121712089436205,demonstration,orte,,
1699747974479448,demonstration,klima,gemeinsam,
1346990256485395,demonstration,spenden,globaler,
971853418275144,engagement,orte,zukunft,
1352803519226125,demonstration,klima,orte,
559612880369123,demonstration,jugend,,
1652007538725883,demonstration,,,
1307738511090408,klima,demonstration,wissenschaft,
632278542624839,krise,klima,,
1133661888102191,wissenschaft,landwirtschaft,demonstration,
4566179910372626,demonstration,gemeinsam,orte,
1623767341848054,demonstration,orte,,
586950010401636,demonstration,klima,wissenschaft,
1419317240046195,engagement,teilnahme,,
1093980203013513,engagement,unclassified,,
495261190273292,klima,,,
1605124060129247,demonstration,engagement,zukunft,
933625268953785,demonstration,globaler,orte,
1152052799955833,jugend,engagement,orte,
1074314061040685,demonstration,aufruf,,
28848381374752955,demonstration,orte,,
477465895186902,jugend,gemeinsam,,
596904639723320,engagement,orte,,
2091032871346006,politik,orte,klima,
1361043135070238,demonstration,kapitalismus,klima,
1275934207032701,demonstration,orte,,
601400322675846,demonstration,orte,,
1755055595068516,klima,aufruf,zukunft,
491839569914411,demonstration,klima,politik,
1162592122104052,demonstration,orte,,
607009815247389,klima,politik,zukunft,
934975322125057,demonstration,orte,,
601932169059875,demonstration,klima,engagement,
1358558045307787,demonstration,jugend,,
1381629942821203,demonstration,klima,orte,
950736106702937,demonstration,klima,climate justice,
1081629710642195,demonstration,orte,,
1676159746303241,demonstration,krise,,
1110517340692495,demonstration,klima,aufruf,
1139111724892111,demonstration,politik,klima,
598539866483007,politik,engagement,wahl,
2198353447226713,demonstration,klima,wissenschaft,
3800645170067609,demonstration,globaler,orte,
1119030159488722,demonstration,klima,landwirtschaft,
977262944287748,klima,krise,zukunft,
1122254885859304,demonstration,klima,orte,
1668510314041055,demonstration,orte,klima,
2368583956823606,demonstration,orte,engagement,
1178756190248570,globaler,demonstration,gemeinsam,
1878720046609032,demonstration,krieg,klima,
1153457989458776,demonstration,klima,unclassified,
1130127171555898,jugend,engagement,orte,
1285820719203630,klima,politik,demonstration,
1360219564981610,demonstration,wahl,klima,
624758496718792,wahl,aufruf,klima,
1371220430517652,politik,wissenschaft,klima,
631946639287374,demonstration,klima,,
3843124262619514,klima,wahl,gemeinsam,
1154825166021316,demonstration,klima,orte,
586512340901889,vorstellung,jugend,climate justice,
938870811702590,zukunft,jugend,,
4141239496120518,wahl,jugend,demonstration,
570026082642108,demonstration,wahl,klima,
587855027462777,orte,demonstration,klima,
498265623311750,demonstration,orte,zukunft,
1526194584738891,wahl,demonstration,klima,
1291369105463612,demonstration,klima,jugend,
1345213956487191,demonstration,politik,,
1267100047748285,wahl,klima,demonstration,
3160155567458620,demonstration,globaler,cop,
487351067435799,wahl,klima,globaler,
1143430384059784,demonstration,gemeinsam,klima,
1364641481365906,engagement,demonstration,gemeinsam,
1573189686702542,globaler,demonstration,engagement,
1013422964155357,engagement,jugend,orte,
894883999685571,demonstration,orte,,
523976167088533,demonstration,teilnahme,,
882847390499437,klima,demonstration,aufruf,
2733122223539850,globaler,demonstration,klima,
9097070277054119,engagement,teilnahme,,
1571666100173668,globaler,demonstration,klima,
1638576126868599,demonstration,zukunft,engagement,
1738975963502424,demonstration,mobilität,teilnahme,
1828358251306787,klima,krise,orte,
564728503388925,demonstration,orte,teilnahme,
1633524767590201,globaler,orte,vorstellung,
1169537577849725,gemeinsam,klima,demonstration,
1384261795888613,demonstration,politik,orte,
1346267264144344,climate justice,demonstration,aufruf,
9244171085614368,globaler,demonstration,klima,
3999034866895450,engagement,klima,jugend,
1498037537530428,demonstration,engagement,,
920528516948610,orte,klima,teilnahme,
1607176954008321,klima,orte,aufruf,
1557574411626706,demonstration,globaler,klima,
883622340933557,demonstration,teilnahme,,
1104726821007291,demonstration,klima,gemeinsam,
628259469734696,demonstration,globaler,engagement,
1243951666718581,demonstration,klima,gemeinsam,
1286019119268714,demonstration,,,
1021578920255086,demonstration,klima,orte,
1585485149731994,wahl,wissenschaft,klima,
2184148975696515,demonstration,jugend,orte,
1743666300137046,demonstration,gemeinsam,krise,
26824311737246539,demonstration,landwirtschaft,klima,
1309462587037722,demonstration,politik,gemeinsam,
976238334376655,jugend,klima,engagement,
571309375845127,klima,aufruf,,
2124890891298383,demonstration,zukunft,klima,
1913497859183276,globaler,demonstration,teilnahme,
27229796373361422,jugend,klima,globaler,
1343327011266200,unclassified,,,
861548213312195,demonstration,klima,engagement,
625251593212480,demonstration,gemeinsam,orte,
657840439903540,aufruf,klima,demonstration,
1936586947059889,demonstration,orte,klima,
2018459365307322,demonstration,gemeinsam,,
627748782982831,globaler,demonstration,,
3529636417200068,orte,feste,engagement,
1686700248572943,demonstration,mobilität,globaler,
932364452425682,globaler,demonstration,teilnahme,
2149610302650025,demonstration,orte,globaler,
578026645101465,aufruf,orte,globaler,
405630552639245,globaler,aufruf,zukunft,
760830287113048,orte,demonstration,,
1508888241251751,demonstration,teilnahme,,
989509069907042,orte,klima,teilnahme,
1709066006322059,demonstration,gemeinsam,,
1357674042363606,demonstration,klima,,
1390751918970597,aufruf,demonstration,klima,
1598574598326757,klima,aufruf,zukunft,
2074127993194381,klima,demonstration,politik,
818135831233463,kapitalismus,mobilität,demonstration,
586094584362119,demonstration,aufruf,gemeinsam,
872031595983597,demonstration,orte,,
1328198152712707,orte,engagement,,
2418074841929454,orte,demonstration,,
1118557269759253,teilnahme,,,
1726719777876126,orte,klima,zukunft,
1025680923538777,climate justice,demonstration,orte,
627060880017098,vorstellung,jugend,klima,
1124475892206103,demonstration,zukunft,gemeinsam,
3940737059543357,demonstration,wissenschaft,politik,
4068616816772135,globaler,demonstration,aufruf,
989156529749634,engagement,demonstration,,
1186891879807372,mobilität,klima,orte,
1673559439955020,orte,demonstration,teilnahme,
927344826152811,demonstration,gemeinsam,orte,
1381115996630317,globaler,demonstration,orte,
1007929348522952,globaler,demonstration,orte,
1774568916866915,demonstration,engagement,,
941584671425855,demonstration,globaler,orte,
1706761627142259,demonstration,orte,,
1648153419606353,demonstration,gemeinsam,,
1360540952744546,demonstration,orte,zukunft,
565107919574753,demonstration,klima,krise,
1004503131723055,demonstration,klima,teilnahme,
1140150737529927,demonstration,,,
1093062669220887,orte,engagement,teilnahme,
542549012132922,vorstellung,engagement,gemeinsam,
966033825589149,demonstration,globaler,klima,
934191628046300,demonstration,klima,zukunft,
2382607259230186,demonstration,klima,jugend,
659141373214654,orte,zukunft,demonstration,
1704303720874020,demonstration,klima,ozean,
1400096398842482,demonstration,orte,klima,
1352442466842436,demonstration,orte,klima,
9795454683816730,demonstration,orte,klima,
8939407952853923,demonstration,aufruf,politik,
1546042736932246,demonstration,orte,,
2954634811360242,globaler,demonstration,klima,
1038893048003277,demonstration,aufruf,krise,
1094532305546979,klima,politik,aufruf,
623960046987024,klima,politik,aufruf,
1535375777988509,climate justice,globaler,klima,
3913846955553889,demonstration,klima,zukunft,
966068541695847,demonstration,klima,politik,
503772555658429,klima,politik,demonstration,
1672964043639942,demonstration,aufruf,jugend,
1387500653592067,vorstellung,engagement,demonstration,
591681160241258,orte,teilnahme,,
1044729717424759,ozean,klima,krise,
1152042983258407,demonstration,klima,jugend,
1397756949079770,demonstration,orte,engagement,
1902980590376862,politik,klima,demonstration,
1611193469489728,demonstration,,,
1753811589396311,klima,globaler,,
1684032992534199,orte,klima,demonstration,
1127097019162409,kohle,mobilität,klima,
2594136227644368,demonstration,globaler,engagement,
1765748150913330,jugend,wahl,politik,
2088647134901959,wahl,klima,orte,
617260367661827,wahl,klima,zukunft,
959977296084663,demonstration,klima,politik,
1327999011669780,wahl,klima,krise,
3657520114470435,wahl,klima,krise,
564802376558581,demonstration,politik,,
1802901867115138,demonstration,,,
1382545625962174,demonstration,globaler,teilnahme,
1398866478735370,gemeinsam,orte,,
2623426021440535,vorstellung,engagement,demonstration,
946267723890027,demonstration,klima,gemeinsam,
1017790303504489,demonstration,klima,zukunft,
2195879851360990,demonstration,orte,gemeinsam,
3928554970751077,demonstration,klima,orte,
1584050716731988,klima,wissenschaft,orte,
551859234309198,globaler,cop,climate justice,
923222706594315,globaler,demonstration,engagement,
2739522883114324,cop,demonstration,klima,
1317303620517794,demonstration,klima,zukunft,
1132240035125175,demonstration,klima,aufruf,
1853132355451588,demonstration,zukunft,globaler,
3192238287597150,demonstration,klima,orte,
1070457818099698,klima,demonstration,engagement,
1129489515090325,engagement,vorstellung,jugend,
464309780016437,politik,aufruf,,
963773315609314,klima,demonstration,politik,
27733593736339599,vorstellung,engagement,jugend,
2101762656945810,demonstration,klima,jugend,
868527245135569,klima,demonstration,orte,
1316783342795377,demonstration,klima,orte,
981885247163115,climate justice,demonstration,gemeinsam,
1041045991609949,demonstration,klima,climate justice,
679208814673695,wissenschaft,politik,klima,
3540266812806293,unclassified,,,
616290550729924,demonstration,klima,politik,
1703729557369218,vorstellung,engagement,demonstration,
1159568728872970,demonstration,jugend,politik,
1155305969586189,klima,politik,aufruf,
28258377527140108,demonstration,globaler,,
1325615295305651,demonstration,,,
7926890174102630,demonstration,orte,climate justice,
1298939225563480,demonstration,gemeinsam,,
1775280789981038,demonstration,klima,krise,
1356881359055488,klima,aufruf,,
1744992209393757,vorstellung,engagement,klima,
1474384380136599,jugend,orte,demonstration,
2034479060326066,wahl,demonstration,climate justice,
968848655185049,orte,demonstration,,
1149550100093584,demonstration,klima,aufruf,
605209832031888,demonstration,mobilität,globaler,
999884122910073,krieg,gemeinsam,demonstration,
967658906295652,demonstration,krieg,gemeinsam,
1340180287893389,vorstellung,engagement,globaler,
594896803402673,krise,klima,,
592414626573824,wahl,demonstration,klima,
804828138497028,teilnahme,demonstration,klima,
9067386160009432,demonstration,mobilität,,
973064850823591,klima,demonstration,,
2244860386086839,vorstellung,engagement,demonstration,
596478313189038,demonstration,klima,kohle,
565294539436395,klima,politik,,
928300469414178,aufruf,klima,politik,
1000583702759923,demonstration,klima,kapitalismus,
651113847587772,jugend,zukunft,gemeinsam,
920720376923115,demonstration,klima,zukunft,
1255789242294460,demonstration,wahl,klima,
637793665586713,klima,climate justice,engagement,
658945939901414,demonstration,klima,klage,
2323780154647267,jugend,demonstration,klima,
4562845930700251,vorstellung,engagement,demonstration,
1511553430517498,demonstration,klima,orte,
589980003936549,demonstration,klima,,
1128109195393503,demonstration,klima,jugend,
1670394127247554,globaler,demonstration,zukunft,
1024275190195657,demonstration,klima,gemeinsam,
1391763925121309,demonstration,klima,feste,
1256277215486290,globaler,demonstration,klima,
1466709305494038,demonstration,orte,,
947461981639966,unclassified,,,
1182140856693729,demonstration,globaler,orte,
2746604698883129,klima,krise,,
511396048155691,klima,krise,gemeinsam,
943504534328454,demonstration,personen,,
9170896586283346,demonstration,klima,orte,
979307990736090,globaler,demonstration,engagement,
443536321893738,demonstration,wissenschaft,klima,
1696825297533892,personen,engagement,jugend,
1670287390217445,politik,klima,orte,
1161665525610033,demonstration,klima,krise,
611303698516509,demonstration,globaler,klima,
8388365957959416,unclassified,,,
400682276436400,mobilität,klima,demonstration,
2165190150720359,demonstration,krise,gemeinsam,
1416214276426051,demonstration,klima,cop,
3226112407530317,klima,demonstration,cop,
1335670100800098,demonstration,klima,politik,
4484015515177470,demonstration,orte,klima,
595628010034644,jugend,engagement,zukunft,
1088944663580758,vorstellung,engagement,demonstration,
611543861523218,demonstration,klima,zukunft,
1950656312081885,unclassified,,,
1151536933166142,demonstration,klima,engagement,
622941286785857,globaler,engagement,klima,
1987854968357636,klima,orte,krise,
826871130362815,demonstration,globaler,,
1063016766477346,vorstellung,engagement,demonstration,
1807212613443727,teilnahme,,,
1926973864680375,globaler,klima,demonstration,
1158968572467471,krise,zukunft,politik,
2353442021853615,engagement,globaler,demonstration,
560824900053400,demonstration,klima,,
2546812142189088,kapitalismus,klima,,
1967701280530120,demonstration,climate justice,teilnahme,
2121014929294210,globaler,demonstration,klima,
575326791709355,aufruf,klima,climate justice,
610825884708925,unclassified,,,
1737555863938513,globaler,engagement,demonstration,
1465668141989085,demonstration,wissenschaft,jugend,
1699226327600860,demonstration,klima,,
881341791159172,demonstration,klima,kohle,
1491957615574748,demonstration,mobilität,orte,
3912658798991951,kohle,zukunft,aufruf,
513777431224935,orte,engagement,spenden,
1550346426535257,demonstration,climate justice,gemeinsam,
1380773533084496,globaler,engagement,,
1675064976421045,demonstration,klima,jugend,
1821455731933901,globaler,zukunft,demonstration,
613534517927897,aufruf,zukunft,teilnahme,
1049192954698677,vorstellung,engagement,demonstration,
1629354921794056,globaler,demonstration,,
1291844315484422,jugend,demonstration,klima,
1150573176683199,demonstration,globaler,kohle,
559718110398582,demonstration,klima,gemeinsam,
799503436485299,demonstration,gemeinsam,orte,
615035201479571,globaler,jugend,zukunft,
469865762846774,gemeinsam,krise,klima,
889646753151560,klima,aufruf,,
1148386306727163,globaler,zukunft,teilnahme,
311410222067126,demonstration,klima,krise,
1602173347093598,globaler,demonstration,teilnahme,
1129004238493735,jugend,demonstration,zukunft,
1079731413937708,demonstration,jugend,klima,
2314528085579945,demonstration,climate justice,orte,
1316560759461741,demonstration,klima,politik,
3848817405448425,gemeinsam,wissenschaft,klima,
1684529745466153,demonstration,aufruf,dörfer,
1310287756958568,kohle,demonstration,zukunft,
892476639627267,zukunft,klima,jugend,
1526213334718605,klima,demonstration,globaler,
1051166481136356,globaler,climate justice,feminismus,
499272439835489,orte,demonstration,,
9601224049898588,globaler,klima,energie,
601721805822564,demonstration,klima,gemeinsam,
26989850720710717,orte,teilnahme,,
1332410481273374,kohle,demonstration,klima,
2125753111172992,klima,globaler,krise,
1196816015390027,demonstration,klima,politik,
836718958419866,demonstration,zukunft,engagement,
1332700638839886,demonstration,klima,kohle,
1353261469374916,demonstration,aufruf,klima,
637956195411379,demonstration,klima,energie,
1258307591935895,demonstration,dörfer,klima,
1315268599638762,cop,demonstration,klima,
627085859973731,teilnahme,aufruf,politik,
930508375207294,kohle,demonstration,klima,
1244470629952506,demonstration,globaler,gemeinsam,
1284312709304555,demonstration,orte,teilnahme,
575458835069007,demonstration,klima,orte,
2505204226646655,cop,climate justice,orte,
905563851669849,kohle,demonstration,klima,
631569479650715,klima,feste,,
560593973644457,jugend,demonstration,orte,
1712713686125878,demonstration,klima,jugend,
951713033603687,demonstration,klima,energie,
1029325189240023,zukunft,engagement,,
1094520431816708,demonstration,klima,politik,
581193988071105,jugend,klima,kapitalismus,
902143465124901,kohle,demonstration,orte,
428605880247157,climate justice,krise,krieg,
8261729470596475,cop,klima,climate justice,
1115803110289947,jugend,klima,zukunft,
1257196115573782,demonstration,klima,politik,
927619040412042,engagement,teilnahme,,
791333399785537,demonstration,cop,globaler,
1109980227284251,demonstration,klima,orte,
576538711877248,jugend,klima,krieg,
4054250481376661,demonstration,zukunft,orte,
1328086671726176,demonstration,gemeinsam,zukunft,
2482933752170324,demonstration,orte,feste,
918890750450513,jugend,klima,kapitalismus,
2089990671517466,demonstration,klima,gemeinsam,
1082691327560420,jugend,demonstration,klima,
1614350216977216,demonstration,unclassified,,
1574440378029516,demonstration,cop,climate justice,
1290183951983601,demonstration,klima,politik,
2275795309843058,demonstration,orte,globaler,
947246200701786,demonstration,klima,politik,
1028434565774374,wahl,demonstration,gemeinsam,
515534401017548,feste,gemeinsam,orte,
1597111978679445,ozean,demonstration,engagement,
1010837385170590,orte,demonstration,teilnahme,
1800874067573779,demonstration,klima,feste,
920381006909236,demonstration,klima,globaler,
928096476147289,jugend,klima,demonstration,
3973572186210186,klima,jugend,globaler,
476751591924710,jugend,klima,demonstration,
1264879231502234,demonstration,orte,klima,
623361780079021,climate justice,demonstration,engagement,
613560251049471,demonstration,orte,klima,
947888484102797,demonstration,gemeinsam,orte,
571335385838366,orte,globaler,demonstration,
459301320586630,gemeinsam,klima,orte,
1168378271313326,jugend,orte,demonstration,
982703727117294,jugend,orte,engagement,
621595466917447,demonstration,klima,krise,
937292885177239,demonstration,gemeinsam,orte,
1548024409247594,feste,,,
560941893598180,demonstration,klima,gemeinsam,
1042129875011324,klima,orte,aufruf,
9025374897569701,klima,feste,,
991748452773143,feste,klima,unclassified,
2309808982719626,feste,klima,,
1370425291002187,demonstration,klima,orte,
1110004620800260,feste,gemeinsam,zukunft,
1783233402218045,demonstration,orte,,
1537334911695492,adf,demonstration,klima,
1129399428655909,feste,zukunft,gemeinsam,
1252192212535466,klima,krise,politik,
974500307344293,klima,demonstration,krise,
995583120022126,climate justice,kohle,jugend,
947428487366759,demonstration,klima,politik,
932687388287098,unclassified,,,
971788564934059,klima,aufruf,,
1110219197467528,krise,klima,unclassified,
28401528546159406,demonstration,gemeinsam,orte,
3856040894659480,jugend,orte,demonstration,
1146837093511236,jugend,orte,demonstration,
9288808537820386,demonstration,orte,,
1365480941287888,klima,krise,aufruf,
651501537228876,klima,politik,demonstration,
1242674323634022,engagement,cop,demonstration,
583139774690684,klima,krise,orte,
1018355370126573,klima,krise,orte,
3921519228122854,kohle,aufruf,klima,
624053733327247,kohle,demonstration,orte,
1668991464035659,politik,orte,,
1122422679576230,demonstration,krise,orte,
851631877048022,kohle,demonstration,orte,
984639090198220,klima,aufruf,engagement,
589747503973191,climate justice,klima,gemeinsam,
1176333860791511,mobilität,demonstration,klima,
1048455510374230,demonstration,kohle,klima,
928414085380903,kohle,demonstration,orte,
2070944943319220,kohle,aufruf,demonstration,
1534687477219376,demonstration,wahl,cop,
1110639777120315,demonstration,klima,landwirtschaft,
1275871846977890,demonstration,klima,orte,
1000346171937094,demonstration,zukunft,,
1336406798528054,climate justice,feminismus,globaler,
1148981623337226,demonstration,mobilität,krise,
538989232341660,demonstration,climate justice,orte,
1325914378723749,jugend,klima,engagement,
1617063929244758,landwirtschaft,demonstration,klima,
3837188599943725,demonstration,klima,aufruf,
1349728999793348,demonstration,cop,klima,
4398961283690689,demonstration,klima,landwirtschaft,
1125730452548930,demonstration,klima,climate justice,
1276093303522189,demonstration,kohle,klima,
609156441974018,demonstration,orte,klima,
1337684640979376,engagement,gemeinsam,klima,
1658070042405710,engagement,climate justice,klima,
847259393832005,wissenschaft,klima,jugend,
1689529272159841,wahl,demonstration,klima,
1355132809197895,klima,demonstration,politik,
1702022374449716,adf,demonstration,engagement,
3705456229768282,klima,krise,globaler,
2019581695227906,klima,krieg,jugend,
599104156018331,kohle,climate justice,klima,
1542195607502636,klima,kohle,aufruf,
27489935144024241,klima,kohle,aufruf,
448992154958255,wahl,klima,zukunft,
1124158175766269,demonstration,kohle,klima,
1133845554900926,wahl,klima,zukunft,
918679843696461,kohle,demonstration,klima,
465270749973926,demonstration,orte,teilnahme,
1649806589212726,demonstration,unclassified,,
1663533564561465,orte,wahl,demonstration,
628100026335986,demonstration,kohle,kapitalismus,
477602504786496,kohle,politik,,
1526113364720481,wahl,demonstration,klima,
1138316887685783,kohle,energie,klima,
867793558431648,demonstration,klima,demokratie,
578869181715062,demonstration,gemeinsam,teilnahme,
950582076924895,kohle,demonstration,klima,
582883781381555,mobilität,wahl,orte,
600321899595335,demonstration,orte,,
1080162767217655,demonstration,klima,gemeinsam,
381077564544604,politik,klima,climate justice,
1651345662461061,kohle,demonstration,aufruf,
1149800199873255,krise,gemeinsam,zukunft,
1018416317613877,demonstration,adf,klima,
3548562808778564,wahl,climate justice,adf,
1369015094269104,kohle,demonstration,wahl,
1167817991425214,demonstration,klima,zukunft,
1323518098695358,demonstration,aufruf,klima,
541306755599059,demonstration,klima,orte,
1676944889518323,kohle,personen,klima,
3850322025282798,demonstration,feste,,
1274913893737909,globaler,klima,demonstration,
780794147414890,politik,klima,orte,
1145176329890485,globaler,demonstration,gemeinsam,
4439579099591330,climate justice,feminismus,klima,
1412326007455838,demonstration,adf,demokratie,
1474713750599357,jugend,demonstration,klima,
1584709666657663,kohle,dörfer,climate justice,
620867510427270,demonstration,klima,wahl,
1268507504387158,adf,demonstration,gemeinsam,
971524815081454,orte,demonstration,,
1700897393825405,demonstration,klima,orte,
527974709652461,demonstration,orte,klima,
27309838791958832,feste,klima,,
1690365638488419,climate justice,orte,teilnahme,
870235711573603,klima,politik,personen,
2220403705451326,aufruf,climate justice,gemeinsam,
1344277863585581,demonstration,klima,feste,
464115973419480,demonstration,orte,,
2481376385703875,orte,demonstration,engagement,
780803641349304,kohle,engagement,klima,
3875770039304920,demonstration,orte,wahl,
1084752399797314,demonstration,orte,wahl,
582727901332121,klima,aufruf,engagement,
608027624992491,globaler,demonstration,teilnahme,
702303428767640,demonstration,orte,klima,
1308583434325524,demonstration,climate justice,klima,
1153622019666772,klima,aufruf,politik,
3887390728182134,orte,feste,,
1580692343327114,climate justice,demonstration,klima,
550003730833204,demonstration,gemeinsam,orte,
26694846646772201,feminismus,demonstration,gemeinsam,
777924691630914,demonstration,adf,gemeinsam,
636755645596319,teilnahme,orte,,
1644391329485160,jugend,demonstration,orte,
2675252812931056,klima,krise,,
1083907476761552,demonstration,gemeinsam,demokratie,
1807119243386721,demonstration,wahl,orte,
1111120993924775,wahl,klima,zukunft,
1570737963579909,mobilität,orte,,
1021922473665852,climate justice,demonstration,orte,
1122940318686300,wahl,demonstration,klima,
1598253111059103,demonstration,klima,,
528306336934715,wahl,demonstration,klima,
3807106556218299,mobilität,klima,,
1082677806994253,mobilität,klima,aufruf,
600831732558402,wissenschaft,klima,krise,
1283735912951845,wissenschaft,klima,krise,
1480052216246090,climate justice,demonstration,klima,
589066223680279,klima,aufruf,,
1620819912646444,demonstration,orte,,
1365771234725063,demonstration,wahl,klima,
1596962384272212,politik,orte,klima,
1205944201669093,climate justice,klima,aufruf,
935053544636839,demonstration,zukunft,globaler,
963033829098130,klima,engagement,zukunft,
1134436504755060,aufruf,klima,demonstration,
1116627443379275,feminismus,climate justice,kapitalismus,
982592893786834,klima,krise,politik,
1369829481721634,aufruf,landwirtschaft,climate justice,
2025575107941556,feminismus,demonstration,orte,
1309349340159926,demonstration,klima,orte,
1304306634022689,demonstration,engagement,orte,
889591153087172,wahl,klima,orte,
1336814040641214,climate justice,feminismus,,
1729481565064294,teilnahme,demokratie,,
1149877239857071,demonstration,politik,,
1359590022079535,jugend,corona,klima,
928163632119708,jugend,demonstration,klima,
4417201805161221,climate justice,feminismus,globaler,
1276807916873350,klima,politik,zukunft,
281212841491926,demonstration,klima,aufruf,
867232092067752,orte,gemeinsam,feste,
1106473017217751,klima,demonstration,aufruf,
1283682153837490,klima,krise,demokratie,
2133854127059415,klima,politik,aufruf,
1640691036566300,demonstration,mobilität,engagement,
919825066985300,demonstration,aufruf,politik,
1146742120465035,demonstration,orte,jugend,
1019297610746671,demonstration,kohle,gemeinsam,
1955179058307144,klima,politik,,
926437556285879,demonstration,wahl,orte,
918371636946975,corona,demonstration,wahl,
1750173025704551,feminismus,demonstration,climate justice,
501319522944979,demonstration,corona,klima,
1594744451407555,corona,demonstration,klima,
965467245110169,corona,klima,demonstration,
1154734399648801,corona,klima,demonstration,
1687554141840343,demonstration,wahl,corona,
1608009133159434,demonstration,corona,klima,
1351107332572102,corona,demonstration,gemeinsam,
1915001796001394,demonstration,klima,jugend,
1774422880075382,corona,klima,teilnahme,
1824252071683407,corona,aufruf,gemeinsam,
1371340367229703,demonstration,krise,orte,
1389687953051836,corona,demonstration,mobilität,
1025094692991527,wahl,klima,gemeinsam,
826341583837601,klima,engagement,wissenschaft,
1803907617461921,engagement,klima,jugend,
978001260479854,globaler,klima,jugend,
2070884423709990,demonstration,climate justice,corona,
1057776522820755,vorstellung,engagement,klima,
613954871215289,corona,gemeinsam,,
832356659005945,corona,,,
1123388362782759,klima,kohle,orte,
2474204726114541,corona,gemeinsam,engagement,
1607932951116806,corona,engagement,demonstration,
3829000734018338,jugend,krise,gemeinsam,
1957568461430187,engagement,klima,energie,
1150201079927301,unclassified,,,
933741134822118,corona,klima,demonstration,
1248541079581286,demonstration,klima,corona,
962485069150922,jugend,engagement,krise,
902613606188610,gemeinsam,zukunft,aufruf,
452377094571215,kohle,klima,engagement,
1278342209949267,krise,aufruf,kohle,
906121081593345,vorstellung,engagement,klima,
1151206256562760,unclassified,,,
1066089269640528,corona,aufruf,gemeinsam,
915275663430279,klima,politik,teilnahme,
4340729616190922,globaler,engagement,teilnahme,
1632956000916372,krise,gemeinsam,,
1381996190503800,klima,energie,gemeinsam,
1336865457946045,corona,klima,krise,
622566830184142,klima,zukunft,engagement,
868355666346373,klima,energie,gemeinsam,
2222514061930539,gemeinsam,krieg,klima,
938892751639408,krise,klima,kohle,
27836035999327933,kapitalismus,klima,krise,
1123833272306528,vorstellung,engagement,demonstration,
1824224961736646,corona,klima,climate justice,
1142854310702956,corona,klima,climate justice,
588750727170394,climate justice,klima,krise,
1008836888619570,corona,klima,demonstration,
1119338906184572,demonstration,krise,corona,
3801635166744901,klima,kapitalismus,corona,
1064587625433616,demonstration,krise,corona,
1643059749660208,energie,klima,politik,
1144977116997998,demonstration,corona,kohle,
1531873640710208,demonstration,teilnahme,,
581075388082523,gemeinsam,krise,,
1752338969339867,klima,klage,globaler,
1769489330513237,energie,klima,zukunft,
1799886071203426,climate justice,corona,demonstration,
1861314848232913,corona,demonstration,orte,
2021470878360046,vorstellung,engagement,klima,
1090866280264783,engagement,teilnahme,,
1102056541012567,orte,klima,demonstration,
4566260343598556,klima,demonstration,gemeinsam,
1982820925528405,demonstration,engagement,,
1795275694569760,demonstration,wissenschaft,engagement,
475028675661427,jugend,demonstration,wissenschaft,
892611082938193,jugend,klima,gemeinsam,
626923273149499,energie,politik,zukunft,
1300809004490571,corona,klima,landwirtschaft,
877991544493043,corona,engagement,unclassified,
1611775252759249,corona,engagement,gemeinsam,
947001793813591,energie,demonstration,klima,
561520316822391,mobilität,klima,jugend,
2078894792626765,aufruf,klima,mobilität,
2325606454475408,demonstration,energie,gemeinsam,
8903499009737324,demonstration,unclassified,,
535283415520427,corona,feste,engagement,
1069520238749885,jugend,demonstration,klima,
1434666797622894,corona,climate justice,demonstration,
28369188422695937,globaler,demonstration,,
763984026629197,landwirtschaft,demonstration,gemeinsam,
941101031489902,vorstellung,engagement,jugend,
913450380621601,unclassified,,,
495416449894827,demonstration,globaler,politik,
593210526850805,climate justice,klima,krise,
1139405321746766,engagement,globaler,klima,
1573438734274802,demonstration,klima,orte,
1294679581663881,unclassified,,,
3347687918750838,landwirtschaft,klima,krise,
313627354627027,demonstration,klima,demokratie,
2315942378773884,globaler,corona,demonstration,
27684583904490566,corona,klima,wissenschaft,
1129768221897574,demonstration,corona,globaler,
1710433002844954,demonstration,corona,klima,
1368028017901634,globaler,corona,demonstration,
1125227039075577,globaler,corona,demonstration,
955004743397723,globaler,demonstration,,
3886125994992249,globaler,demonstration,klima,
1339125387919510,demonstration,orte,corona,
1548963642439120,demonstration,klima,globaler,
942806181333797,demonstration,globaler,wissenschaft,
1723325561573342,demonstration,krise,zukunft,
1151841006358409,globaler,demonstration,orte,
674781061550713,unclassified,,,
619556930563782,demonstration,corona,klima,
1998910230575563,demonstration,globaler,klima,
1000164198627088,globaler,demonstration,personen,
993274076193368,demonstration,jugend,engagement,
1136857761240979,globaler,klima,engagement,
1256306658764005,globaler,demonstration,wissenschaft,
871191371882687,demonstration,globaler,,
27795093930134591,demonstration,klima,corona,
1378973854302100,demonstration,klima,krise,
1751866736140220,orte,engagement,teilnahme,
589550497089324,demonstration,globaler,corona,
1848012409473823,demonstration,klima,corona,
8747959215318194,energie,politik,aufruf,
639235075420048,vorstellung,engagement,klima,
2661549550704150,unclassified,,,
2639107492956193,kohle,klima,cop,
1959530597906647,klima,gemeinsam,engagement,
602775299280328,vorstellung,engagement,orte,
1295266591393903,krise,kohle,cop,
970446565127513,demonstration,gemeinsam,corona,
1127234309374735,demonstration,corona,engagement,
955832893783112,corona,klima,demonstration,
521219604324188,energie,kohle,aufruf,
935154268085687,mobilität,demonstration,klima,
1180226723461521,corona,klima,krise,
2159697694450139,corona,klima,globaler,
2010790526420926,klima,demonstration,orte,
848323130575055,teilnahme,engagement,demonstration,
8295089030595838,klima,wissenschaft,aufruf,
400178609825688,demonstration,jugend,krise,
28014602321464781,krieg,gemeinsam,,
909029031370946,demonstration,klima,corona,
1400699627321086,adf,climate justice,demokratie,
612745914673200,energie,gemeinsam,gas,
1821192888720256,feste,jugend,engagement,
565320973171000,feste,jugend,engagement,
522448574293749,demonstration,zukunft,cop,
923353393320928,demonstration,orte,corona,
1252989002617696,feminismus,klima,gemeinsam,
1262684961535521,teilnahme,,,
575902275271046,klima,krise,aufruf,
993782272629966,klima,krise,aufruf,
488295704009004,kohle,demonstration,,
2929806580519066,wissenschaft,teilnahme,,
1163007962110476,climate justice,demonstration,zukunft,
1693744338189421,demonstration,klima,krise,
628789132881989,vorstellung,engagement,feste,
1251443519256319,demonstration,klima,gemeinsam,
1555365765178302,demonstration,corona,zukunft,
1053642330656369,demonstration,klima,corona,
956645546515058,kohle,energie,demonstration,
585020334362538,demonstration,corona,klima,
433124213178694,krise,demonstration,corona,
37440059505579124,demonstration,krise,teilnahme,
1037149322536109,engagement,politik,jugend,
591657606635372,kohle,demonstration,energie,
591040513694469,demonstration,energie,zukunft,
941762594510828,klima,orte,demonstration,
956339233054399,energie,mobilität,politik,
592619390200897,klima,krise,vorstellung,
1602616590647060,kohle,dörfer,politik,
1841272313307041,demonstration,engagement,orte,
1966537117186328,klima,corona,krise,
538213462383140,klima,krise,engagement,
1287767669140329,klima,zukunft,engagement,
832140329039189,landwirtschaft,klima,engagement,
869378952074780,landwirtschaft,klima,gemeinsam,
1130896785190840,climate justice,demonstration,corona,
792713756492623,demonstration,kohle,climate justice,
952500179860159,globaler,orte,,
9137666399657561,vorstellung,engagement,orte,
1750067965726572,orte,demonstration,,
1349116896556281,demonstration,klima,orte,
1786693528819508,klima,climate justice,wissenschaft,
1162525062138239,demonstration,klima,zukunft,
1096199351949634,landwirtschaft,klima,politik,
599340886138963,kapitalismus,klima,,
971275821732948,demonstration,klima,orte,
4149346405286858,demonstration,klima,orte,
1823879168446339,demonstration,orte,engagement,
1508721863598131,unclassified,,,
1600294570865534,landwirtschaft,klima,politik,
1683553149174947,corona,demonstration,engagement,
611033691674445,demonstration,orte,corona,
1551317675712788,demonstration,klima,zukunft,
850406160360024,landwirtschaft,klima,aufruf,
1323396432522566,kohle,corona,demonstration,
2405625399607725,klima,demonstration,corona,
610001105316843,demonstration,orte,teilnahme,
414726354996811,aufruf,demonstration,klima,
1007210714765141,kohle,zukunft,klima,
2844863442511296,demonstration,energie,klima,
558882863546640,demonstration,orte,,
3799584713624713,kohle,klima,demonstration,
802535302427716,kohle,demonstration,climate justice,
1532018444150966,demonstration,klima,corona,
937142285142862,kohle,energie,dörfer,
634036365747397,kohle,demonstration,klima,
879589005224858,demonstration,climate justice,corona,
1338342257520870,politik,klima,aufruf,
1815570472290039,kohle,energie,klima,
1311601940434567,mobilität,klima,demonstration,
788413190797804,demonstration,climate justice,klima,
582127388055845,aufruf,klima,politik,
800317539204173,demonstration,klima,gemeinsam,
1521094048576238,demonstration,klima,jugend,
1273087700561534,demonstration,politik,orte,
991608080304291,demonstration,climate justice,klima,
929674945312489,climate justice,klima,gemeinsam,
24899504139702726,climate justice,gemeinsam,klima,
1171885334845908,demonstration,,,
930781388983677,klima,demonstration,politik,
1713776566612942,feminismus,climate justice,klima,
933380451728405,klima,politik,aufruf,
1297673861495024,mobilität,gemeinsam,klima,
1149144499972320,demonstration,gemeinsam,unclassified,
457994630654664,krise,klima,gas,
1082493673670486,demonstration,corona,,
923769389957775,klima,demonstration,aufruf,
4037879213115375,ozean,klima,zukunft,
1092341442641228,demonstration,klima,mobilität,
3886879648307139,klima,demonstration,politik,
1081862319689796,klima,demonstration,zukunft,
971476811015897,kohle,energie,,
973148284757437,krise,klima,energie,
792675929651328,klima,spenden,corona,
810171201464405,kohle,demonstration,climate justice,
1706544913599374,demonstration,klima,orte,
649420250768859,climate justice,klima,,
2313586115762215,kohle,demonstration,dörfer,
931310028977414,demonstration,zukunft,engagement,
1023177319840343,klima,corona,krise,
1112876861019313,demonstration,kohle,teilnahme,
1837806960289399,demonstration,klima,gemeinsam,
4219821544931607,krise,krieg,corona,
1300988374227843,energie,klima,politik,
959632716092761,demonstration,teilnahme,,
580334271644910,klima,aufruf,zukunft,
919220020422844,klima,aufruf,politik,
2103037696819808,wissenschaft,klima,corona,
2948217645332897,klima,engagement,politik,
1019994400674907,mobilität,orte,corona,
575643838637058,klima,orte,feminismus,
531739312556254,vorstellung,engagement,orte,
973830850831429,unclassified,,,
3617518928396001,dörfer,klima,,
1927356754422661,demonstration,klima,orte,
1295185448298818,klima,krise,demonstration,
1232199491211471,klima,demonstration,engagement,
2257607828316074,mobilität,corona,,
835382515689503,kohle,demonstration,gemeinsam,
918409707051993,wissenschaft,,,
1345093846653899,demonstration,kohle,climate justice,
1047095021461628,corona,jugend,engagement,
961695723586392,kohle,gemeinsam,orte,
1167803648065392,demonstration,,,
876363891122073,kohle,aufruf,klima,
1745224453085480,demonstration,orte,,
2646353045572651,kohle,demonstration,klima,
3226818764186422,demonstration,kohle,orte,
1135311581572675,demonstration,orte,gemeinsam,
1141802087303652,corona,demonstration,jugend,
1578235856477359,demonstration,kohle,orte,
1132472591645347,kohle,demonstration,engagement,
996053905897322,kohle,demonstration,gemeinsam,
578851961299270,kohle,demonstration,wissenschaft,
4409830585971890,demonstration,engagement,,
974383424552947,aufruf,klima,krise,
1750552469311493,klima,krise,aufruf,
1210362686729234,kohle,dörfer,demonstration,
8593068790797758,demonstration,klima,cop,
543485655157961,kohle,demonstration,aufruf,
1141747744273892,kohle,aufruf,dörfer,
2937625006386956,krise,demonstration,klima,
1627762551459970,kohle,aufruf,politik,
1328828171584706,demonstration,kohle,mobilität,
1948025589377860,aufruf,kapitalismus,demonstration,
925826566149471,kohle,cop,demonstration,
2666280156902881,demonstration,kohle,gemeinsam,
1753422038824333,kohle,aufruf,dörfer,
951595777114605,kohle,aufruf,dörfer,
639065515141277,kohle,politik,aufruf,
1800119294080246,kohle,demonstration,gemeinsam,
1807152293373908,orte,demonstration,,
1268687247577115,demonstration,,,
1366956031989029,kohle,politik,kapitalismus,
1083794920105355,demonstration,kohle,zukunft,
1231629930028090,kohle,klima,zukunft,
628912389807029,klima,politik,cop,
1325177875165336,klima,politik,cop,
944192077474860,kohle,demonstration,orte,
1664019921497532,klima,climate justice,kapitalismus,
801291759060394,kohle,demonstration,gemeinsam,
1860002394535768,jugend,politik,klima,
1282590119691083,kohle,demonstration,energie,
2593062967702568,demonstration,kohle,,
1464775691476590,demonstration,kohle,orte,
1513546742641351,kohle,demonstration,politik,
2871941139860992,demonstration,corona,gemeinsam,
1905109016702410,kohle,demonstration,orte,
1589446104998461,jugend,demonstration,klima,
523368403505739,kohle,demonstration,cop,
1222584705708953,kohle,kapitalismus,klima,
848612453987413,klima,krise,,
2008601482935551,klima,krise,,
1080497656882841,demonstration,zukunft,engagement,
1045575111534265,kohle,demonstration,teilnahme,
1103470104513057,energie,klima,aufruf,
592327799938937,klima,aufruf,politik,
781410437857034,demonstration,climate justice,zukunft,
8429840003783005,demonstration,klima,teilnahme,
475743548920299,demonstration,klima,corona,
1699750437891895,kapitalismus,klima,krise,
586778034200920,klima,jugend,demonstration,
628742732887643,klima,jugend,,
1679813943109785,klima,corona,aufruf,
1434647893756140,demonstration,gemeinsam,,
471236225531531,aufruf,klima,climate justice,
1077313177043417,dörfer,kohle,demonstration,
1177195044414322,demonstration,teilnahme,zukunft,
627348723115228,mobilität,demonstration,gemeinsam,
1063546775516076,unclassified,klima,gemeinsam,
924100343181783,demonstration,klima,engagement,
599206222528933,globaler,demonstration,klima,
1313940563145758,globaler,demonstration,gemeinsam,
1263770808214043,globaler,demonstration,klima,
1322499352226405,globaler,demonstration,zukunft,
1753388552327919,mobilität,klima,gemeinsam,
1363961424973333,globaler,demonstration,politik,
3555366708011128,demonstration,globaler,,
1553964076080480,globaler,orte,teilnahme,
1567139997498954,klima,ozean,aufruf,
1415618119847636,demonstration,klima,globaler,
2239086316823582,demonstration,klima,orte,
2113470519156235,demonstration,dörfer,teilnahme,
473867401909404,demonstration,jugend,,
1043097647170508,gemeinsam,demonstration,orte,
1570424827066282,demonstration,orte,klima,
1108193005121014,gemeinsam,engagement,spenden,
1786506516036252,gemeinsam,engagement,teilnahme,
2160009164431000,kohle,globaler,demonstration,
477548638747947,demonstration,klima,gemeinsam,
1330513811481470,globaler,corona,engagement,
1329540558048404,demonstration,klima,feste,
940299448234741,mobilität,demonstration,gemeinsam,
1572544274268360,demonstration,globaler,climate justice,
896921399243490,globaler,demonstration,klima,
943038607941113,aufruf,demonstration,klima,
1502428004401770,demonstration,gemeinsam,orte,
2051099778818506,demonstration,klima,kapitalismus,
1700346324196448,demonstration,klima,globaler,
1147104570190015,globaler,demonstration,teilnahme,
2105168716606950,corona,jugend,engagement,
936637641925537,vorstellung,klima,corona,
1542363963146113,teilnahme,gemeinsam,demonstration,
1138947384545856,demonstration,orte,engagement,
2915298678644319,kohle,krise,klima,
486117847865490,klima,engagement,personen,
941877281422258,klima,jugend,climate justice,
1737670004108398,orte,politik,aufruf,
972947638259888,demonstration,mobilität,gemeinsam,
501094456347388,unclassified,,,
1122628035728699,demonstration,climate justice,krise,
1527203968089244,kohle,demonstration,jugend,
708882528878259,kohle,demonstration,klima,
9366470793437041,vorstellung,engagement,gemeinsam,
9394014567317341,engagement,orte,klima,
419893473753971,demonstration,klima,corona,
3645879492217275,aufruf,politik,orte,
2134292590636332,wahl,klima,orte,
1019194163811722,climate justice,zukunft,politik,
1542088086490073,corona,jugend,klima,
1428788412406024,wahl,orte,corona,
827350342732634,demonstration,klima,teilnahme,
1312915886854911,kohle,dörfer,demonstration,
1300063951200897,demonstration,climate justice,orte,
625771769960010,dörfer,demonstration,globaler,
1951920865475546,wahl,politik,orte,
28234056732947945,demonstration,gemeinsam,globaler,
1500221394573463,wahl,climate justice,orte,
1355318065434230,dörfer,demonstration,mobilität,
1142706630550865,orte,corona,adf,
2364728350547243,jugend,gemeinsam,orte,
2478230915991978,jugend,climate justice,engagement,
1176495244666359,orte,politik,,
2011069016438782,demonstration,orte,wahl,
9076445932434346,globaler,spenden,engagement,
1703217490538865,demonstration,globaler,orte,
950714867179501,demonstration,orte,klima,
1112597998003262,klima,jugend,politik,
1295223151601261,aufruf,globaler,demonstration,
912658151024862,aufruf,climate justice,dörfer,
9094544347328343,demonstration,corona,wissenschaft,
1617007149187803,demonstration,corona,wissenschaft,
735597409456473,dörfer,demonstration,orte,
1890737954798536,demonstration,orte,globaler,
1114892510048116,klima,demonstration,unclassified,
31916417661305278,demonstration,zukunft,politik,
1552432082134915,demonstration,klima,orte,
770467301198911,globaler,demonstration,klima,
628357129847950,globaler,demonstration,engagement,
400896756414629,jugend,engagement,demonstration,
559665453355289,klima,demonstration,globaler,
455906877459152,demonstration,mobilität,gemeinsam,
802951675253330,wahl,klima,orte,
593065473142772,demonstration,klima,krise,
1905975630074720,wahl,klima,orte,
1153568076284988,wahl,klima,mobilität,
1490037741659590,krise,demonstration,klima,
1185825986215272,wahl,demonstration,orte,
1361369039430789,engagement,jugend,demonstration,
1012258040731204,klima,krise,gemeinsam,
2377068735970342,klima,engagement,demokratie,
587537370312703,demonstration,energie,klima,
1060197759683088,demonstration,engagement,mobilität,
928782918663674,demonstration,globaler,klima,
1105115374523422,globaler,demonstration,klima,
822024653856170,demonstration,globaler,corona,
3874807312732420,demonstration,corona,orte,
1354289813034602,corona,demonstration,,
1311087744021980,demonstration,climate justice,globaler,
557901853518890,globaler,demonstration,klima,
538147732576294,orte,engagement,,
532342365829448,orte,globaler,gemeinsam,
27499796489698765,engagement,teilnahme,orte,
999226536350311,globaler,orte,demonstration,
1561117414584146,globaler,demonstration,orte,
1424645715569261,globaler,orte,demonstration,
1342259610115970,unclassified,,,
1889267074953164,demonstration,mobilität,klima,
1314687309701200,globaler,demonstration,,
1381871880799391,engagement,teilnahme,,
1603159238010225,globaler,engagement,klima,
2214795239339362,mobilität,gemeinsam,demonstration,
916653427118328,globaler,engagement,orte,
492040593886655,demonstration,energie,aufruf,
1156402335880771,demonstration,orte,corona,
1316709189758678,globaler,demonstration,klima,
482041181006538,engagement,climate justice,orte,
1820254285390263,cop,demonstration,jugend,
548227767987226,climate justice,demonstration,klima,
944682647394107,globaler,demonstration,klima,
1960721147953245,demonstration,corona,orte,
1481052259892568,demonstration,gemeinsam,,
2154199661663150,demonstration,engagement,,
1103997415620093,mobilität,orte,zukunft,
1068702505657605,demonstration,climate justice,orte,
1257586865501467,demonstration,globaler,orte,
869921308461929,corona,climate justice,demonstration,
1043680444933129,orte,engagement,demonstration,
365197366682996,demonstration,globaler,,
1049755847514134,demonstration,orte,,
1307313700267330,demonstration,globaler,orte,
899726442859731,demonstration,corona,klima,
2305187093551012,klima,jugend,wissenschaft,
1624299711820831,demonstration,kohle,,
1447015100591393,climate justice,klima,demonstration,
881900324120115,engagement,unclassified,,
8791849067565327,demonstration,gemeinsam,,
920971133525015,corona,demonstration,klima,
750512280381531,klima,globaler,wissenschaft,
1341199090964367,demonstration,klima,politik,
1319845356396120,demonstration,orte,gemeinsam,
559996166855302,demonstration,corona,teilnahme,
922414983226092,demonstration,globaler,orte,
1584916386239678,demonstration,wissenschaft,globaler,
589154083633054,demonstration,klima,corona,
1906410663218013,demonstration,spenden,klima,
805200228457711,demonstration,klima,orte,
638455512423468,demonstration,globaler,teilnahme,
1488602308472589,demonstration,klima,climate justice,
803920215452021,spenden,climate justice,demonstration,
667865959217140,engagement,demonstration,orte,
1575839590593837,kohle,demonstration,climate justice,
2107028960157130,demonstration,gemeinsam,mobilität,
2562186607316949,demonstration,gemeinsam,climate justice,
1648341652446275,demonstration,klima,zukunft,
1104742400523953,demonstration,klima,corona,
1158797365583368,jugend,klima,wissenschaft,
1427628215583182,dörfer,klima,climate justice,
600610042646705,jugend,klima,demokratie,
2112341545951236,gemeinsam,aufruf,,
1454095730088187,demonstration,engagement,unclassified,
1111118580364887,dörfer,klima,demonstration,
540873698999127,kohle,demonstration,,
1385680270121895,gemeinsam,mobilität,demonstration,
246590181839932,mobilität,dörfer,demonstration,
588136723705038,demonstration,,,
3772081059709054,globaler,dörfer,mobilität,
1337587150750080,wahl,orte,,
9130257083755337,wahl,klima,orte,
1607626360173005,mobilität,demonstration,,
1172593521119516,wahl,klima,zukunft,
1574024940738194,climate justice,unclassified,,
1312167960032825,wissenschaft,engagement,klima,
1009525087604267,wissenschaft,politik,klima,
1379631619687369,wissenschaft,klima,aufruf,
625008463314844,wissenschaft,cop,gemeinsam,
8458562550938526,klima,politik,demonstration,
2809902772525024,engagement,unclassified,,
1064202722794987,klima,politik,wissenschaft,
905204374801722,klima,demonstration,politik,
2360449458027289,demonstration,jugend,klima,
969109092825579,corona,zukunft,demonstration,
1153575379658603,unclassified,,,
825332459931206,demonstration,dörfer,spenden,
1103189497983619,aufruf,wissenschaft,politik,
754613996344161,klima,engagement,politik,
1040922731923882,climate justice,feminismus,engagement,
1381870065794954,aufruf,wissenschaft,klima,
595160949979147,unclassified,,,
924622009212136,klima,climate justice,kapitalismus,
2060264901062971,demonstration,klima,landwirtschaft,
912698694775418,climate justice,,,
923270146061347,energie,zukunft,wissenschaft,
964962018917262,zukunft,politik,,
28245257731760270,jugend,klima,engagement,
2829056860610781,dörfer,demonstration,klima,
1673920267044293,kapitalismus,klima,kohle,
1765908070772859,demonstration,krise,dörfer,
1406610376976180,kohle,zukunft,feste,
596004846401576,kohle,zukunft,cop,
1089122566090132,dörfer,kohle,corona,
914090247022127,climate justice,jugend,klima,
6913477695428614,demonstration,klima,corona,
821625837471466,klima,demonstration,engagement,
631094586043377,gemeinsam,dörfer,corona,
1122193232551059,energie,politik,klima,
1727946817769699,jugend,klima,engagement,
1601105863941795,klima,jugend,engagement,
854036187502597,corona,jugend,,
1138561157910979,demonstration,klima,,
3882113865377405,demonstration,klima,kapitalismus,
607115698410179,klima,engagement,globaler,
1049516717412905,dörfer,teilnahme,klima,
1719148448816729,demonstration,klima,globaler,
1256572708926306,engagement,corona,,
1890912745158495,demonstration,dörfer,teilnahme,
1142637670574950,krise,klima,krieg,
1796978557732894,dörfer,klima,demonstration,
884684991188562,mobilität,orte,klima,
1161072312096840,klima,orte,politik,
2120781105023414,gemeinsam,demonstration,dörfer,
8830759900385267,jugend,klima,krise,
1330171265375151,corona,jugend,unclassified,
1392801991701125,demonstration,orte,klima,
3544551529036184,dörfer,gemeinsam,demonstration,
596862706826282,dörfer,gemeinsam,engagement,
1780838913264763,dörfer,demonstration,klima,
2437239313464978,engagement,klima,jugend,
969517964550278,demonstration,engagement,,
1035743249398116,climate justice,jugend,aufruf,
1001964292638135,demonstration,cop,climate justice,
1058109763618164,klima,demonstration,engagement,
1363721201659658,demonstration,orte,teilnahme,
1668594454360042,globaler,krieg,orte,
426401490557168,globaler,demonstration,,
1349791203909489,demonstration,klima,jugend,
2120473025179735,cop,demonstration,zukunft,
1370898928503828,demonstration,aufruf,klima,
564178923016665,landwirtschaft,klima,jugend,
1105367901284398,cop,orte,demonstration,
3901658953485095,globaler,engagement,,
1284975672631037,demonstration,dörfer,klima,
1116197266528857,klima,aufruf,demokratie,
1955121165340515,climate justice,cop,demonstration,
1530429568827797,engagement,demonstration,,
641540898539065,cop,klima,aufruf,
1310862183813995,demonstration,klima,orte,
3919419874871547,demonstration,aufruf,orte,
1090797258936849,aufruf,cop,engagement,
3260582220755441,demonstration,cop,orte,
1810239353061733,cop,demonstration,klima,
1021545427241724,demonstration,klima,,
1467728542037250,aufruf,engagement,demonstration,
956459270803921,klima,demonstration,orte,
1643247209539902,jugend,klima,engagement,
1530318172180937,globaler,orte,gemeinsam,
1160511762269500,aufruf,engagement,,
1298287954646256,demonstration,,,
634654905599020,feste,klima,krise,
1782294319171106,globaler,climate justice,gemeinsam,
1564105778642580,aufruf,klima,,
1148339636597252,klima,cop,globaler,
1030901635511497,engagement,klima,jugend,
1725100518524364,feminismus,demonstration,climate justice,
1899685047365676,demonstration,klima,orte,
1397831568152290,corona,demonstration,,
1640898177010044,feminismus,climate justice,demonstration,
967314795360957,engagement,klima,demonstration,
29141681145420997,engagement,zukunft,demonstration,
1129328685649668,demonstration,,,
1013452621084909,klima,orte,kapitalismus,
1304802034923574,engagement,klima,globaler,
481342414793635,personen,climate justice,feminismus,
1525153378171904,klima,engagement,gemeinsam,
1216579123410252,klima,krise,,
1678583946394924,demonstration,mobilität,orte,
8838108239570089,politik,wissenschaft,personen,
939731030838136,kohle,climate justice,aufruf,
1382468407081049,climate justice,gemeinsam,klima,
1599686375184215,wahl,klima,orte,
1794139054391986,klima,politik,zukunft,
2345242376220145,dörfer,gemeinsam,demonstration,
1185893946901217,dörfer,demonstration,corona,
2631182707283813,globaler,demonstration,corona,
1106412743874861,vorstellung,engagement,politik,
1129373065059506,demonstration,klima,,
1122407016106964,dörfer,kohle,climate justice,
1120904542701146,klima,politik,demonstration,
634373459059649,klima,energie,politik,
2388195458201494,landwirtschaft,aufruf,,
1045150626544318,demonstration,globaler,jugend,
1040033534557963,klima,krise,wissenschaft,
1724541894795400,klima,corona,engagement,
1703610703531199,corona,engagement,orte,
1144418647133609,gas,demonstration,energie,
1142015994269812,klima,corona,demonstration,
1264671691444781,gas,energie,gemeinsam,
1662186331401179,demonstration,klima,corona,
1505282427006520,corona,engagement,gemeinsam,
2100367983892338,demonstration,climate justice,globaler,
985321356773572,klima,cop,corona,
1289145596507361,mobilität,demonstration,zukunft,
646729697706677,mobilität,energie,orte,
1067543085765716,engagement,vorstellung,,
824585309688867,globaler,demonstration,wahl,
1657662631808438,kohle,demonstration,gas,
763091239900833,globaler,engagement,demonstration,
1123520196176795,klima,gemeinsam,orte,
3904847639842897,politik,engagement,orte,
595776006650840,unclassified,,,
493663620059108,globaler,demonstration,klima,
2068457476931765,demonstration,,,
538313119227101,gas,politik,klima,
968358885299403,demonstration,klima,corona,
504048502299324,klima,krise,,
1412254210817986,klima,engagement,demonstration,
614130751197729,demonstration,orte,engagement,
772141421466426,demonstration,klima,politik,
1025298466899089,globaler,demonstration,orte,
8179142632188382,engagement,klima,demonstration,
1480046465938074,globaler,klima,demonstration,
1323650455427629,klima,demonstration,politik,
1258061258620696,cop,klima,aufruf,
1131251341827094,demonstration,klima,corona,
506444019226545,klima,krise,corona,
1342949923725356,orte,klima,aufruf,
631199976147054,mobilität,orte,klima,
2630318294073909,engagement,demonstration,jugend,
1164544125235730,wahl,klima,demonstration,
483252781221834,engagement,klima,corona,
752508716839060,cop,klima,gas,
1125669819042012,globaler,demonstration,corona,
577075378404855,climate justice,globaler,klima,
973228711436163,corona,klima,krise,
1260572851835209,wahl,klima,politik,
2246742602533208,klage,spenden,klima,
1039156122237546,klage,spenden,klima,
1243061240284182,kohle,demonstration,klima,
1284154239438075,globaler,demonstration,corona,
630250166053343,energie,klima,orte,
471828805793254,krise,demonstration,wissenschaft,
4510712742544010,climate justice,feminismus,krise,
1252754109110803,globaler,demonstration,aufruf,
645964727992983,globaler,klima,corona,
1761398541562780,spenden,klage,engagement,
1127985662163196,aufruf,klima,zukunft,
1772028003643690,climate justice,demonstration,krise,
601378989373872,feminismus,klima,krise,
1043577645236692,demonstration,globaler,engagement,
1150755239770976,globaler,aufruf,,
1839775530111085,aufruf,demonstration,globaler,
1388040626856800,klima,engagement,unclassified,
2797679283743532,globaler,aufruf,,
1781422772641625,klima,demonstration,zukunft,
593847419814181,wahl,klima,politik,
1300939867818161,orte,demonstration,mobilität,
2047629525686873,engagement,demonstration,spenden,
1137613521908934,corona,demonstration,zukunft,
473198508639985,demonstration,corona,climate justice,
999733152043771,globaler,demonstration,orte,
1637956403754338,demonstration,aufruf,climate justice,
548635481422893,demonstration,klima,climate justice,
317976397933498,klima,corona,jugend,
1561090684612420,demonstration,gemeinsam,orte,
634000452413578,globaler,demonstration,klima,
1742117206362491,globaler,corona,demonstration,
1167126101789404,globaler,demonstration,orte,
1104179334447655,demonstration,aufruf,klima,
640042258550057,globaler,klima,,
444075305159037,demonstration,aufruf,klima,
3307650739425087,globaler,klima,gemeinsam,
2208274882907995,orte,klima,aufruf,
1244909630059107,demonstration,corona,aufruf,
1943254589498567,demonstration,globaler,klima,
1001705045323585,demonstration,corona,aufruf,
849157107151746,demonstration,gemeinsam,aufruf,
586738377375369,demonstration,jugend,klima,
1525910548094982,globaler,demonstration,aufruf,
1777578249766046,globaler,demonstration,klima,
1592462538054457,klima,zukunft,engagement,
1702920400278472,demonstration,teilnahme,orte,
1153676506462062,climate justice,engagement,corona,
1441053120634992,orte,jugend,klima,
1376603564616886,globaler,klima,orte,
3865517963722937,gemeinsam,teilnahme,,
363273396628646,klima,demonstration,politik,
1220800376127612,klima,kohle,aufruf,
1477172526285494,demonstration,engagement,orte,
2416307102052301,klima,demokratie,engagement,
1332862081373835,unclassified,,,
1047061054919364,mobilität,klima,orte,
948538023612354,politik,klima,,
584515674389726,klima,aufruf,engagement,
613549131426028,krise,demonstration,politik,
1059544682852407,klima,jugend,wissenschaft,
477323358559881,engagement,demonstration,jugend,
1416340117054546,climate justice,globaler,klima,
1409910757159205,klima,corona,engagement,
8917507201693780,orte,klima,engagement,
1789486908516912,energie,klima,politik,
1135432314950335,klima,gemeinsam,engagement,
8983101198454371,demonstration,mobilität,corona,
429348300173604,teilnahme,engagement,,
1112127563124094,ozean,wissenschaft,politik,
1921369325490703,engagement,demonstration,unclassified,
2201073717129087,gas,engagement,politik,
1785107202221602,demonstration,corona,klima,
3353252931480074,demonstration,climate justice,kohle,
1458016198653033,demonstration,klima,cop,
1328823575148759,kohle,dörfer,wahl,
1338244810647906,engagement,teilnahme,demonstration,
1560127512529407,klima,demonstration,unclassified,
1683232036097154,demonstration,globaler,orte,
1148863826942572,mobilität,demonstration,teilnahme,
3147832592013602,demonstration,mobilität,politik,
1345293661096247,unclassified,,,
625668050114342,demonstration,klima,jugend,
2096409167392851,klage,klima,demonstration,
704824291530953,klage,klima,gemeinsam,
1456731248587584,klage,klima,demonstration,
495981116509383,cop,zukunft,krise,
1698193824065964,klima,politik,gemeinsam,
2096597247439552,demonstration,mobilität,,
1343257300136820,climate justice,demonstration,orte,
1167473458130701,mobilität,klima,,
3740013202928563,demonstration,teilnahme,klima,
613602677983339,demonstration,zukunft,jugend,
1178325543960476,klima,demonstration,corona,
1230450919119637,mobilität,demonstration,aufruf,
2323711858374556,mobilität,jugend,cop,
1009056464381002,demonstration,klima,gemeinsam,
1110380718009696,klage,energie,kohle,
1083764029601719,demonstration,klima,orte,
1201648680926459,demonstration,klima,aufruf,
1075582450977167,demonstration,klima,energie,
633739096262161,klima,demonstration,teilnahme,
1375290781336448,jugend,engagement,orte,
1346068473053861,demonstration,klima,orte,
3401804933323750,kohle,demonstration,orte,
1494132641233963,kapitalismus,demonstration,klima,
892472379690464,kohle,demonstration,gas,
362297683349523,demonstration,klima,kapitalismus,
791581389836610,jugend,klima,orte,
971824720950059,wahl,klima,jugend,
984457763014931,aufruf,kapitalismus,klima,
3868413763398348,demonstration,engagement,orte,
1036774995146036,demonstration,mobilität,orte,
1530215120809842,klima,kapitalismus,demonstration,
1100515208481790,klima,orte,demonstration,
627445646323570,demonstration,klima,wahl,
934050248660136,gemeinsam,wahl,engagement,
1674959520069674,globaler,demonstration,corona,
2827193210792435,demonstration,teilnahme,,
1561753241111651,demonstration,wahl,klima,
27738599622421661,wahl,demonstration,klima,
1096573235048513,feminismus,climate justice,klima,
1981527532342035,feminismus,klima,climate justice,
1295227732551096,spenden,jugend,personen,
1314081963337788,mobilität,demonstration,klima,
1014458554814026,klima,teilnahme,,
1322024062923375,demonstration,engagement,gemeinsam,
631802285841977,mobilität,demonstration,orte,
1936936186828983,klima,politik,climate justice,
847558751541121,demonstration,orte,corona,
3379467462186988,climate justice,demonstration,krise,
1374484696869758,demonstration,klima,kohle,
1305773033779321,engagement,politik,jugend,
1611223949498419,demonstration,klima,orte,
3879800372293659,demonstration,engagement,,
550127281133052,demonstration,klima,gemeinsam,
588564834147391,climate justice,demonstration,zukunft,
1280305913415383,demonstration,zukunft,aufruf,
1132979781461802,orte,demonstration,,
581463554714879,demonstration,klima,orte,
494439476674347,demonstration,gemeinsam,vorstellung,
524727573874527,demonstration,klima,wahl,
998915145590853,orte,demonstration,,
933005198968579,orte,unclassified,,
1315829386526921,demonstration,klima,politik,
436075086156249,gemeinsam,politik,teilnahme,
1428821364753334,demonstration,gas,klima,
475695412062216,demonstration,klima,krise,
2088910071708106,klima,climate justice,orte,
1297219458277417,mobilität,klima,demonstration,
929816695979702,klima,politik,demonstration,
684695094024716,mobilität,demonstration,gemeinsam,
628358093497779,demonstration,klima,wahl,
2843675602632705,demonstration,klima,zukunft,
1337238621947159,demonstration,klima,wissenschaft,
1342706304485324,demonstration,zukunft,krise,
1132713511827830,demonstration,klima,politik,
1101356455100730,demonstration,klima,orte,
3020069368191516,klima,gemeinsam,feste,
2012504869401292,spenden,jugend,personen,
1128987114975846,jugend,klima,engagement,
1840441860115430,demonstration,gemeinsam,orte,
1516029532399182,climate justice,demonstration,krise,
28338460799135258,orte,engagement,,
1814434233326679,spenden,klima,jugend,
1313003497224433,demonstration,klima,orte,
1277455200032928,jugend,klima,climate justice,
1776071470486289,klima,politik,wissenschaft,
1313499963223478,klima,krise,politik,
577694035076389,demonstration,klima,wahl,
1144430307123709,demonstration,klima,politik,
1148255933366438,demonstration,climate justice,orte,
918158767027646,demonstration,klima,orte,
2155554424877180,demonstration,klima,orte,
4024637514446275,globaler,demonstration,,
1039631264873053,wahl,demonstration,klima,
1677737899808950,demonstration,klima,wahl,
1532936497375294,globaler,zukunft,demonstration,
1131307355156502,demonstration,,,
1489818595672547,demonstration,krise,gemeinsam,
635530475666295,klima,demonstration,orte,
789462103842479,demonstration,mobilität,klima,
1300681197855086,demonstration,gemeinsam,orte,
1117631893287384,klage,dörfer,klima,
915648850782816,engagement,klima,orte,
628410513048452,demonstration,krise,wahl,
1567894085061692,globaler,demonstration,mobilität,
2200814787052323,demonstration,klima,jugend,
1163408241797386,demonstration,mobilität,,
1034830685348819,demonstration,gemeinsam,wahl,
949483610492267,demonstration,teilnahme,,
496535876797581,demonstration,klima,gemeinsam,
1151597633357776,klima,energie,politik,
588002990876922,orte,unclassified,,
617057517395441,demonstration,globaler,orte,
1112948240414215,klima,demonstration,globaler,
1228039405146146,demonstration,klima,orte,
980824964756129,klima,engagement,,
1253204259075734,demonstration,klima,gemeinsam,
1568075408206453,demonstration,orte,klima,
1187847512876067,krise,demonstration,politik,
406890198660328,climate justice,engagement,wahl,
1289009923053502,orte,klima,demonstration,
729446615937609,klima,demonstration,krise,
587395010945783,demonstration,,,
810869580869706,demonstration,klima,orte,
1406687140401670,demonstration,gemeinsam,orte,
966687362226328,demonstration,klima,politik,
2377048489296817,demonstration,klima,gemeinsam,
1722298418413010,engagement,orte,climate justice,
1695275168081109,demonstration,gemeinsam,politik,
3032149403641258,demonstration,klima,wahl,
1795994994565492,wahl,klima,orte,
1105582221143666,demonstration,klima,kapitalismus,
1200499608162496,climate justice,demonstration,orte,
1209107180642672,demonstration,klima,climate justice,
1656071342773847,demonstration,klima,orte,
1240274750402472,engagement,klima,gemeinsam,
9064805290304498,demonstration,klima,corona,
497919153414001,demonstration,klima,globaler,
1325254518632241,demonstration,krise,globaler,
1013492410600438,demonstration,orte,,
3996412790683183,corona,demonstration,engagement,
9108643249229531,globaler,orte,demonstration,
7135596603198773,wahl,klima,politik,
1321415959282579,demonstration,klima,orte,
628717626413561,demonstration,klima,corona,
8091833894250950,aufruf,klima,wahl,
1506730310523189,demonstration,jugend,wahl,
650560300877069,wahl,klima,zukunft,
1420483015579462,demonstration,klima,mobilität,
583629517771223,wahl,politik,,
541380258884531,climate justice,globaler,engagement,
496511290143531,demonstration,klima,krise,
1251397975918849,climate justice,wahl,demonstration,
544916901695234,demonstration,globaler,wahl,
1094839768718770,klima,jugend,engagement,
1071449957794830,klima,demokratie,aufruf,
8665809770141250,kohle,klima,politik,
934123619738363,wahl,orte,demonstration,
9408484799237094,demonstration,klima,wahl,
2045619215801396,demonstration,klima,zukunft,
1589212995300754,kohle,dörfer,klima,
1149509690242302,demonstration,klima,orte,
919931229719307,demonstration,klima,climate justice,
1109390873989089,engagement,orte,klima,
438941822526945,engagement,klima,gemeinsam,
1349622813085250,klima,demonstration,,
1378028176519991,globaler,demonstration,klima,
1307967166863998,gemeinsam,engagement,,
598351369592791,mobilität,orte,,
2414953985537698,spenden,demonstration,globaler,
4028477787458871,engagement,orte,klima,
621377353610661,klima,orte,,
27796463083355972,spenden,engagement,klima,
1098650788454863,klima,jugend,engagement,
950744650531593,demonstration,klima,wahl,
1124190728718289,globaler,demonstration,wahl,
452201714650215,demonstration,mobilität,wahl,
910111437963088,demonstration,mobilität,orte,
8968273953225567,wahl,klima,demonstration,
1620374158556000,globaler,demonstration,orte,
9598095576893314,globaler,demonstration,,
2728351114013492,klima,climate justice,engagement,
642855184831307,klima,wahl,jugend,
1751921222823815,demonstration,wahl,politik,
624315339959247,spenden,demonstration,globaler,
561821096737009,demonstration,mobilität,orte,
1002106815304511,wahl,klima,orte,
9088487047909057,jugend,demonstration,klima,
1060115853342096,wahl,globaler,klima,
1414378293952688,spenden,globaler,demonstration,
2057485984676299,wissenschaft,klima,engagement,
789095773523166,spenden,demonstration,globaler,
1194946395569024,wahl,orte,demonstration,
981698944856397,wahl,demonstration,politik,
1017658580313598,demonstration,aufruf,politik,
496175056848487,wahl,demonstration,orte,
491193937015467,demonstration,orte,klima,
1689403531616467,demonstration,globaler,orte,
1487526335983855,klage,klima,engagement,
2654750264922099,globaler,demonstration,gemeinsam,
600893275979209,demonstration,globaler,wahl,
1295983925645194,demonstration,climate justice,globaler,
2933893893441889,demonstration,klima,,
1587037695238520,demonstration,klima,orte,
1235568902054276,demonstration,orte,zukunft,
935788515278384,demonstration,orte,,
1948710855808701,wahl,demonstration,klima,
903988245191856,demonstration,engagement,,
946861147289697,demonstration,klima,,
1147267310167112,globaler,demonstration,gemeinsam,
1631990224379637,personen,orte,,
1560063804679613,demonstration,,,
1026761026158467,spenden,demonstration,orte,
1088780252468208,demonstration,globaler,,
1258722025438269,globaler,demonstration,gemeinsam,
1046849940818421,wahl,demonstration,,
1519669272006740,demonstration,klima,orte,
9103265666421903,demonstration,klima,orte,
1753527622329876,wahl,demonstration,klima,
1140218893696642,demonstration,corona,,
1108831270708769,wahl,demonstration,gemeinsam,
2059183854682350,demonstration,engagement,globaler,
3625250127765817,demonstration,,,
1619147075359567,demonstration,klima,orte,
2875910475936803,globaler,orte,demonstration,
938586351518848,demonstration,,,
1698350020730659,demonstration,gemeinsam,,
3897683663848000,orte,demonstration,,
1177580007268856,globaler,orte,politik,
1124262725575682,teilnahme,,,
1119702199625097,globaler,demonstration,wahl,
2513894272458138,demonstration,klima,wahl,
1162445539214549,demonstration,orte,gemeinsam,
1270436234079536,demonstration,gemeinsam,teilnahme,
1249699146124138,demonstration,klima,teilnahme,
3861139670841370,demonstration,engagement,klima,
939898154876122,demonstration,klima,aufruf,
1195464356033877,demonstration,climate justice,wahl,
1784663122345958,demonstration,wahl,klima,
1117656599822007,demonstration,zukunft,aufruf,
2439206622949594,engagement,demonstration,klima,
1522978445526284,demonstration,climate justice,wahl,
544396728564906,cop,globaler,klima,
1188184896195746,gemeinsam,mobilität,engagement,
3921686481443321,gemeinsam,feste,,
455792044271033,demonstration,krise,orte,
1174173197745094,demonstration,klima,orte,
1730990077475521,demonstration,climate justice,globaler,
987901330991588,demonstration,klima,politik,
1097877112329724,demonstration,climate justice,orte,
493839790481560,spenden,krieg,,
1782895022270465,globaler,demonstration,orte,
987032643360803,klima,politik,wahl,
1558013835227590,dörfer,kohle,gemeinsam,
1806383083449703,demonstration,orte,globaler,
1137795760903645,demonstration,orte,gemeinsam,
738030735098824,demonstration,wahl,orte,
1669089797648003,demonstration,aufruf,politik,
1614465406704798,demonstration,klima,orte,
1102078804756730,demonstration,klima,orte,
4264819813753946,demonstration,orte,engagement,
936318211160747,engagement,aufruf,,
3527782457429040,demonstration,dörfer,kohle,
517518651348097,demonstration,cop,dörfer,
1159213252055146,demonstration,globaler,orte,
918908833163271,cop,climate justice,demonstration,
2662594757272500,demonstration,orte,cop,
1017901496839436,climate justice,politik,klima,
1178200860336751,demonstration,gemeinsam,engagement,
1369654392003292,cop,klima,orte,
547425298325905,cop,klima,politik,
1811935819715129,demonstration,klima,politik,
2001741447298797,kohle,dörfer,klima,
1147434757165645,demonstration,teilnahme,,
548725071525384,klima,orte,engagement,
1809747603110595,klima,politik,,
587863230320742,demonstration,politik,klima,
3800756746809025,aufruf,politik,klima,
647586457698012,demonstration,orte,dörfer,
938036951787011,politik,kohle,klima,
1169364191442197,unclassified,,,
1317780379229746,demonstration,orte,klima,
1122535232447874,demonstration,klima,engagement,
964847671778996,politik,klima,jugend,
3065807810251196,energie,gemeinsam,,
500937376366777,klima,orte,politik,
624900823239833,aufruf,kohle,demonstration,
2287009621769492,klima,orte,demonstration,
724978213113419,klima,orte,politik,
1296601144994115,klima,demonstration,,
651730440623427,engagement,politik,teilnahme,
1128368185117813,engagement,aufruf,klima,
1355384659974036,orte,demonstration,climate justice,
519450430589049,demonstration,cop,feste,
1558141748887558,demonstration,klima,orte,
639434768432006,politik,,,
2309339866097449,kohle,dörfer,demonstration,
1837120186926950,dörfer,kohle,demonstration,
676833542125827,demonstration,klima,orte,
896504969228896,demonstration,klima,jugend,
7625946067438176,demonstration,klima,engagement,
666469065493970,demonstration,politik,klima,
628518519831863,teilnahme,demonstration,orte,
577584798593901,demonstration,aufruf,jugend,
1277351986831374,demonstration,klima,aufruf,
612317641585707,demonstration,politik,cop,
591834773618623,demonstration,teilnahme,politik,
569993422644197,demonstration,engagement,globaler,
1549100925798556,demonstration,klima,orte,
1120697366343916,jugend,engagement,klima,
1936182906790586,engagement,demonstration,teilnahme,
2956100154574099,demonstration,climate justice,jugend,
631540012625154,demonstration,gemeinsam,krise,
1517607965598211,demonstration,,,
1585189419027294,climate justice,feste,politik,
630213289463380,unclassified,,,
499281736129163,aufruf,engagement,zukunft,
619687303780299,demonstration,climate justice,engagement,
1562872282523056,globaler,gemeinsam,klima,
1213517687532648,dörfer,demonstration,engagement,
1126999908904696,dörfer,demonstration,klima,
1266706034601383,engagement,gemeinsam,klima,
1165914528396754,kohle,dörfer,aufruf,
546868544890075,klima,kohle,gas,
1092590829335100,demonstration,gas,mobilität,
1582891469259717,demonstration,gas,energie,
1383276210030301,gas,energie,demonstration,
1313984083064390,vorstellung,orte,spenden,
1311061480204231,demonstration,krise,engagement,
1305669937418436,aufruf,engagement,politik,
2178716073052551,demonstration,politik,unclassified,
1141048224126563,gas,klima,aufruf,
1258288122170979,engagement,aufruf,politik,
874735744634213,klima,politik,energie,
1120317942744647,orte,engagement,klima,
1123379499503686,demonstration,engagement,klima,
2857710211236500,aufruf,globaler,kapitalismus,
1858521474981076,demonstration,ozean,klima,
1183269003415333,gas,klima,wissenschaft,
577317858460700,aufruf,demonstration,politik,
1355758026482657,demonstration,orte,,
614842797854686,globaler,demonstration,climate justice,
4105020446486130,demonstration,climate justice,globaler,
1027041113196473,globaler,demonstration,,
1235177867770422,demonstration,engagement,orte,
1105281010998106,krise,demonstration,engagement,
1136538301308081,demonstration,klima,orte,
1688656939057092,kapitalismus,climate justice,klima,
1790772605466926,climate justice,klima,jugend,
2886501091686351,krieg,spenden,demonstration,
1609708847212886,krieg,demonstration,gemeinsam,
584897268031340,spenden,demonstration,globaler,
958685859797658,krieg,demonstration,gemeinsam,
805951445041467,demonstration,krieg,gemeinsam,
1720456419409838,demonstration,krieg,gemeinsam,
937056815251637,krieg,gemeinsam,orte,
1290984838850680,demonstration,krieg,gemeinsam,
1830333564462190,krieg,demonstration,zukunft,
2082049612706684,demonstration,orte,mobilität,
975972054417109,demonstration,klima,climate justice,
1756604011794560,spenden,engagement,demonstration,
1146653683661161,spenden,engagement,demonstration,
588901873822957,engagement,unclassified,,
987678199900892,demonstration,klima,energie,
638355381866380,feminismus,climate justice,demonstration,
1725532181792914,mobilität,orte,,
961167385370620,krieg,energie,demonstration,
1331711658568816,vorstellung,engagement,climate justice,
3132531896894159,demonstration,energie,krieg,
999533695541281,krieg,gas,demonstration,
993552297014233,demonstration,orte,gemeinsam,
914314723366904,gas,klima,politik,
609325648201418,krieg,demonstration,gas,
1255791389010513,globaler,demonstration,,
958124715892608,aufruf,demonstration,kapitalismus,
414515324411471,krieg,klima,energie,
544308885282386,demonstration,globaler,orte,
2874529229389754,demonstration,globaler,zukunft,
1672589620273440,demonstration,klima,globaler,
1006763272214551,engagement,globaler,demonstration,
933822265549352,krieg,spenden,feminismus,
996139112538514,globaler,demonstration,klima,
1548387863394886,globaler,demonstration,klima,
1059670796176539,spenden,gas,globaler,
1866153363825595,globaler,demonstration,kohle,
1586448975340878,demonstration,krise,gemeinsam,
1127204155369035,politik,aufruf,demonstration,
1974592213191930,globaler,demonstration,teilnahme,
520926931003086,demonstration,climate justice,orte,
2013888612357590,globaler,demonstration,climate justice,
605693198991183,globaler,demonstration,orte,
3393637324105532,demonstration,,,
1192472669691430,demonstration,globaler,orte,
1528800777798075,orte,demonstration,,
526650520153024,unclassified,,,
598459456489878,demonstration,klima,energie,
922066396544821,demonstration,aufruf,,
622911326813604,climate justice,krieg,teilnahme,
1335944114997800,klima,krieg,demonstration,
485829817611311,globaler,demonstration,orte,
1043652704148632,demonstration,globaler,gemeinsam,
1367754634586966,globaler,demonstration,orte,
516905021344743,globaler,demonstration,orte,
920891379835736,demonstration,orte,globaler,
946283730400848,demonstration,klima,orte,
579555931292939,demonstration,klima,globaler,
1346543896705986,spenden,orte,engagement,
1672631109984821,demonstration,klima,globaler,
1136013611507927,demonstration,krise,krieg,
2425312574537750,demonstration,corona,mobilität,
902315102049684,demonstration,climate justice,orte,
1647296272859264,demonstration,mobilität,orte,
947538870601602,demonstration,klima,,
8874129319296928,demonstration,climate justice,globaler,
1884151758783383,globaler,demonstration,,
559489620166115,demonstration,klima,orte,
9405654456152333,demonstration,globaler,orte,
1288043192546444,globaler,climate justice,demonstration,
1661400697783308,climate justice,krieg,orte,
1587760448551064,demonstration,krieg,energie,
2127219361008415,dörfer,demonstration,klima,
1343176103358713,klima,engagement,gemeinsam,
1347207780158364,dörfer,kohle,demonstration,
1041171231685644,engagement,orte,klima,
1564372007557607,globaler,demonstration,climate justice,
1785683608894947,globaler,climate justice,demonstration,
1068860116076585,unclassified,,,
633597492377179,globaler,teilnahme,personen,
1162250172264952,klima,krieg,politik,
1057425409734305,gas,kohle,politik,
1556980335287598,vorstellung,engagement,klima,
1659836121893490,engagement,feminismus,orte,
2864674767077028,gas,energie,krieg,
1557503174941787,dörfer,kohle,demonstration,
2093148874455285,demonstration,wahl,klima,
1976951792803502,demonstration,wahl,orte,
979593360243207,wahl,orte,,
953981283012547,klima,aufruf,politik,
1391118289883314,demonstration,ozean,wissenschaft,
2752288754958328,gas,klima,demonstration,
642715688243057,gas,energie,klima,
1651498185466984,krieg,gas,kohle,
576178875416265,gas,krieg,politik,
2827621167397521,gas,demonstration,energie,
481257351688977,feminismus,demonstration,orte,
1100678288466452,demonstration,klima,gemeinsam,
614234997731741,demonstration,klima,gas,
281877674750319,climate justice,cop,gemeinsam,
1155446409699783,demonstration,klima,orte,
1147708350591599,demonstration,feminismus,climate justice,
1698029974389893,gas,klima,energie,
1136777844651021,demonstration,jugend,klima,
633580029610882,demonstration,klima,climate justice,
2155741614845758,demonstration,gas,orte,
540158252379839,demonstration,climate justice,krise,
1065590719196919,klima,engagement,dörfer,
1649382122327714,gas,krieg,orte,
822084626722536,engagement,klima,orte,
1137550961252839,klima,demonstration,gemeinsam,
1087444226406189,demonstration,energie,orte,
976114047766010,klima,krise,engagement,
1313646079299843,demonstration,klima,gemeinsam,
1515241282489669,engagement,klima,orte,
2280201212364794,demonstration,klima,orte,
1062310763386736,engagement,klima,demonstration,
1613125325978380,gas,aufruf,politik,
28055589927437528,orte,engagement,klima,
439799842290683,gas,aufruf,politik,
1088887697038444,engagement,demonstration,,
848577560541275,gas,aufruf,politik,
1698532310726400,demonstration,gemeinsam,politik,
1147792293665391,aufruf,gemeinsam,politik,
28495982493380686,demonstration,climate justice,jugend,
635330319149259,engagement,klima,krise,
572467652446837,feminismus,demonstration,gemeinsam,
1015003297121861,gas,aufruf,demonstration,
630337479694018,demonstration,gas,politik,
559449576948508,gas,demonstration,politik,
1286112252479199,gas,klage,demonstration,
500631742659992,demonstration,krieg,klima,
1034558675100354,demonstration,gas,orte,
523749446799261,energie,klima,politik,
493847083756255,demonstration,orte,feminismus,
926265918957212,demonstration,klima,politik,
580514524793472,klima,krieg,demonstration,
556001417036887,demonstration,engagement,klima,
600519346017928,aufruf,globaler,demonstration,
3604878969646070,engagement,,,
470105112825131,climate justice,demonstration,orte,
636455442657867,demonstration,engagement,,
2765323030527576,dörfer,feste,orte,
2074711206282100,unclassified,,,
907456971097058,globaler,demonstration,klima,
1344250603597746,globaler,klima,demonstration,
1554937718524511,globaler,krise,gas,
1567832821758447,globaler,demonstration,klima,
966496398248987,globaler,demonstration,klima,
585790967696364,globaler,demonstration,krise,
1122942332951015,demonstration,gemeinsam,politik,
1366697259849231,demonstration,klima,globaler,
1301260954269796,demonstration,jugend,orte,
977103624526802,klima,demonstration,engagement,
1306747133969324,demonstration,aufruf,klima,
9114470175295400,vorstellung,engagement,demonstration,
927742912885174,demonstration,dörfer,mobilität,
2160834874358666,unclassified,,,
593346286786907,climate justice,engagement,aufruf,
3993515784210995,energie,klima,climate justice,
943907857871848,engagement,,,
3136565896481430,dörfer,kohle,demonstration,
1531086800813857,climate justice,demonstration,dörfer,
1331623294645119,klima,demonstration,globaler,
913124190491063,aufruf,demonstration,orte,
3004594616371601,politik,zukunft,,
795521402768059,orte,krise,,
921312859668441,demonstration,klima,climate justice,
1071064948556517,demonstration,kapitalismus,krise,
1508444343184352,demonstration,globaler,orte,
502734436184526,klima,orte,,
1471158217428326,demonstration,dörfer,klima,
1089913502935428,demonstration,gas,globaler,
1202695668151339,globaler,demonstration,climate justice,
2682079961999500,energie,demonstration,engagement,
1079031603705552,energie,engagement,demonstration,
1146913779706662,spenden,klima,engagement,
1624249384970057,energie,politik,engagement,
1337225151052128,globaler,gas,climate justice,
1336389973934941,spenden,engagement,gemeinsam,
1320612532439048,spenden,gemeinsam,engagement,
933169514882637,jugend,demonstration,engagement,
1811190153024111,energie,demonstration,klima,
2923963877759784,demonstration,gemeinsam,,
1177230873821480,orte,klima,,
1120539132928889,globaler,demonstration,,
1662079031048157,climate justice,demonstration,globaler,
650063720691925,dörfer,kohle,demonstration,
3825926444388376,klima,demonstration,politik,
588430350736596,globaler,demonstration,,
461562833682654,energie,gas,orte,
1030562742238712,demonstration,globaler,gemeinsam,
2000835520743359,demonstration,orte,dörfer,
1793547724831765,demonstration,klima,politik,
895486739356537,globaler,mobilität,dörfer,
910355361284327,mobilität,politik,,
1397816257854996,klima,demonstration,zukunft,
1316923419632679,demonstration,klima,politik,
3039453786253247,demonstration,orte,krise,
2056393591454164,demonstration,dörfer,kohle,
960755249346351,klima,demonstration,krise,
980969084172996,demonstration,kohle,krise,
531775192560277,personen,unclassified,,
2321456831621108,demonstration,dörfer,kohle,
1625184371438425,klima,demonstration,krise,
522659246897684,demonstration,krise,politik,
1563595508234528,krieg,climate justice,cop,
647908917665258,energie,demonstration,politik,
1377623359869143,mobilität,demonstration,globaler,
593841340275645,spenden,demonstration,klima,
1021415510004833,dörfer,demonstration,globaler,
1003427188273125,mobilität,demonstration,climate justice,
583894344436220,mobilität,demonstration,aufruf,
4073638899535820,dörfer,globaler,demonstration,
678986168406470,demonstration,gemeinsam,mobilität,
1193700742469465,demonstration,mobilität,,
2249656808738437,demonstration,engagement,klima,
1253869812365780,globaler,demonstration,,
1121038515967836,krise,demonstration,politik,
1661654051371115,demonstration,kohle,dörfer,
2710861349122612,demonstration,zukunft,globaler,
2056688891411056,demonstration,krise,gemeinsam,
596284639685594,globaler,klima,demonstration,
3882901041971953,globaler,demonstration,klima,
1583123719003717,dörfer,demonstration,mobilität,
3811808719081295,demonstration,engagement,klima,
1159598182243369,globaler,demonstration,orte,
1637445170190137,demonstration,krise,zukunft,
1288784515688522,globaler,klima,demonstration,
1180543637059351,globaler,demonstration,engagement,
2085979901997400,globaler,orte,demonstration,
598641792956878,demonstration,engagement,jugend,
8998014366930279,globaler,demonstration,engagement,
921735546673834,engagement,orte,,
1011221234150056,spenden,globaler,demonstration,
634201975726685,demonstration,klima,krise,
639272125223379,engagement,globaler,demonstration,
950076430433239,demonstration,kohle,aufruf,
3819350554998398,demonstration,klima,globaler,
373623262125302,demonstration,klima,krise,
1131394548778072,demonstration,klima,globaler,
1972983089845662,demonstration,climate justice,zukunft,
1027159272554787,demonstration,engagement,,
608199245243348,demonstration,climate justice,,
638106065456918,climate justice,demonstration,gemeinsam,
3212967505759929,demonstration,globaler,orte,
792076536457329,demonstration,zukunft,klima,
1156309745855877,aufruf,klima,,
1572138990115190,demonstration,klima,orte,
1276159887019929,engagement,orte,,
420783060510948,globaler,demonstration,klima,
1155427983254169,klima,globaler,demonstration,
981815310489449,jugend,klima,demonstration,
1325815468775191,demonstration,orte,aufruf,
308797011822434,klima,orte,demonstration,
1269919827566728,globaler,demonstration,orte,
1080701111384998,jugend,klima,demonstration,
1458114861572065,energie,globaler,demonstration,
911115437538670,globaler,demonstration,klima,
1369609461074215,demonstration,engagement,teilnahme,
1788609165323975,unclassified,,,
636988435570479,globaler,krise,gas,
966908741558783,engagement,demonstration,orte,
604564485611975,climate justice,demonstration,gemeinsam,
1686835658879717,demonstration,krise,,
1152751159719143,demonstration,orte,teilnahme,
1302104844314553,demonstration,climate justice,orte,
610035641759187,demonstration,climate justice,orte,
1176132740916055,globaler,demonstration,gemeinsam,
1338233697601165,klima,demonstration,zukunft,
649773674287490,globaler,demonstration,gemeinsam,
580586541517393,demonstration,orte,engagement,
989576407220517,demonstration,klima,orte,
2809177186136059,globaler,climate justice,demonstration,
973067947492438,demonstration,jugend,klima,
508854305103985,climate justice,demonstration,gemeinsam,
515428014372248,mobilität,klima,aufruf,
1459598781663139,demonstration,globaler,engagement,
3840336412779103,globaler,demonstration,engagement,
627826272994347,globaler,demonstration,orte,
1170362181147089,orte,klima,,
1349633810442301,demonstration,klima,kapitalismus,
979734454091306,demonstration,jugend,klima,
3983214538564684,engagement,demonstration,orte,
1830386607763377,demonstration,orte,gemeinsam,
713701735055400,demonstration,kapitalismus,klima,
234846022951111,demonstration,klima,orte,
648573787504214,demonstration,energie,mobilität,
2482323105309504,demonstration,engagement,gemeinsam,
1618176625402587,demonstration,engagement,globaler,
2599019460296232,unclassified,,,
1657572705137624,globaler,demonstration,orte,
2659695784221579,globaler,krise,demonstration,
963178625345985,orte,unclassified,,
1804517287012054,globaler,demonstration,engagement,
8614024685333945,demonstration,klima,climate justice,
649071314143442,demonstration,unclassified,,
515012864435475,demonstration,orte,,
601794732713265,globaler,demonstration,zukunft,
1537633216947607,demonstration,klima,globaler,
1099564728324798,demonstration,klima,gas,
1690786604837553,demonstration,personen,teilnahme,
827011356444623,demonstration,globaler,orte,
3786842038295365,klima,zukunft,krise,
1589765102578948,globaler,demonstration,orte,
848044647406173,demonstration,klima,,
887849623459266,demonstration,jugend,globaler,
9372357202803762,globaler,demonstration,climate justice,
930274725753867,unclassified,,,
1255421505556078,demonstration,climate justice,orte,
441760408971725,jugend,klima,demonstration,
568436806349176,demonstration,globaler,orte,
4328256674115299,demonstration,dörfer,teilnahme,
1312601259770344,orte,personen,teilnahme,
1489004362418527,globaler,demonstration,krise,
1282925939636044,demonstration,krise,zukunft,
319671464422036,demonstration,klima,globaler,
872712688278220,demonstration,klima,orte,
1811876849564837,demonstration,jugend,gemeinsam,
587894070754705,demonstration,aufruf,,
1008577097779450,feminismus,orte,unclassified,
3794586830792819,orte,demonstration,,
1333389804337138,globaler,demonstration,orte,
9034576859961743,demonstration,klima,energie,
873749384924899,demonstration,klima,jugend,
472872475689313,demonstration,orte,teilnahme,
2404747120020510,globaler,demonstration,orte,
583279610747547,demonstration,globaler,klima,
1048191190966093,demonstration,orte,gemeinsam,
2346156305724631,klima,demonstration,kapitalismus,
960620502234230,unclassified,,,
619250287471351,globaler,demonstration,orte,
587016040924199,demonstration,klima,globaler,
650709654185903,demonstration,teilnahme,,
588307070655235,globaler,jugend,orte,
491053080368254,teilnahme,,,
1178839413835228,orte,teilnahme,engagement,
634284012311135,demonstration,orte,,
543192402024682,demonstration,klima,krise,
1095124068395408,demonstration,klima,,
1157715429103889,demonstration,krise,gemeinsam,
1314877529935664,demonstration,klima,orte,
612294494873041,demonstration,,,
1379558054135765,demonstration,klima,teilnahme,
2593414120868307,globaler,climate justice,demonstration,
1250034079423973,climate justice,orte,demonstration,
626448026518453,climate justice,demonstration,gemeinsam,
1278092636561882,klima,demonstration,energie,
1768225923974380,teilnahme,demonstration,,
1351456367078030,demonstration,klima,teilnahme,
1475772606730267,demonstration,climate justice,orte,
1142801667468407,globaler,demonstration,politik,
1173981434312320,demonstration,climate justice,teilnahme,
486922841174341,globaler,demonstration,krise,
1167195348300551,demonstration,teilnahme,,
633591589133702,globaler,orte,teilnahme,
1134658984835680,globaler,demonstration,orte,
597600013148168,globaler,orte,teilnahme,
1234606641108792,climate justice,klima,globaler,
1278158756731694,demonstration,globaler,orte,
627259380001656,demonstration,klima,politik,
1358568702205411,demonstration,klima,gemeinsam,
1171394640900277,klima,demonstration,politik,
1764237197749497,demonstration,spenden,engagement,
607118135383684,demonstration,kapitalismus,aufruf,
1388314180110124,aufruf,gemeinsam,climate justice,
1619400069893031,aufruf,gemeinsam,climate justice,
779394308199571,engagement,demonstration,politik,
1862540818014985,globaler,orte,demonstration,
2030191094059735,unclassified,,,
1364979504153355,demonstration,klima,climate justice,
2832208260290624,personen,globaler,demonstration,
2034149970435726,demonstration,klima,dörfer,
638767411940431,climate justice,demonstration,kapitalismus,
1827345484705494,demonstration,globaler,orte,
482476961625312,politik,,,
1333611418353280,klima,krise,gemeinsam,
509620071693044,demonstration,klima,orte,
902296555405277,demonstration,climate justice,klima,
2134388706978446,krise,klima,demonstration,
538809485868846,demonstration,orte,engagement,
631031306047748,adf,demonstration,gemeinsam,
1088767682969099,globaler,engagement,klima,
1174008237581136,politik,zukunft,engagement,
937873575142253,engagement,demonstration,gemeinsam,
1534868720510659,demonstration,climate justice,krise,
1768774513901957,globaler,kohle,dörfer,
641771385180692,energie,mobilität,zukunft,
1205046794207462,demonstration,climate justice,globaler,
528769256227780,dörfer,kohle,demonstration,
595262939806991,dörfer,kohle,demonstration,
1154291039604762,kohle,dörfer,demonstration,
953075444450954,engagement,orte,,
1139317830698531,climate justice,demonstration,gemeinsam,
967151299724765,klima,wissenschaft,jugend,
1163539028797960,dörfer,engagement,demonstration,
1318590362516948,climate justice,kapitalismus,aufruf,
1488626249207524,dörfer,kohle,demonstration,
966678818265906,dörfer,kohle,demonstration,
377372451736057,demonstration,dörfer,orte,
969238675161752,kohle,dörfer,climate justice,
1786135846170536,dörfer,gemeinsam,teilnahme,
547322564995907,klima,demonstration,,
1561307458046039,adf,klima,orte,
1006673771315119,globaler,demonstration,teilnahme,
977113280978029,demonstration,klima,,
1127544192364716,klima,krise,kapitalismus,
1041442765461611,engagement,orte,demonstration,
1672512949971288,demonstration,klima,engagement,
1701003677148504,klima,engagement,,
2132085920561958,demonstration,klima,jugend,
360638860220672,kohle,klima,dörfer,
638393535518251,engagement,energie,politik,
1784357605676220,aufruf,demonstration,krise,
1328340989113073,feminismus,demonstration,gemeinsam,
834189592267599,feminismus,demonstration,krieg,
1046270141615665,demonstration,gemeinsam,orte,
1846546673382304,engagement,demonstration,,
1122711315756371,unclassified,,,
964830635615021,dörfer,kohle,aufruf,
1683730972178979,dörfer,demonstration,kohle,
899842852024543,energie,klima,politik,
1376247050643634,krieg,demonstration,klima,
1102472721559726,krise,klima,politik,
1180654983670108,dörfer,kohle,zukunft,
1089607840420451,cop,climate justice,spenden,
1063731958020167,demonstration,klima,jugend,
609372981674379,kohle,dörfer,demonstration,
931441249173860,demonstration,dörfer,kohle,
946853370418614,demonstration,energie,kapitalismus,
1298223494659498,demonstration,kohle,dörfer,
1440889143167119,demonstration,klima,orte,
1338104730439348,demonstration,klima,,
1139906064511067,demonstration,klima,orte,
642658688419706,cop,klima,globaler,
8980212418694167,cop,krieg,engagement,
636471479048324,energie,krise,demonstration,
1327727771567436,demonstration,engagement,,
8999727590122819,cop,kohle,personen,
514561028313539,krise,klima,,
1364196918087501,unclassified,,,
1117612006757774,cop,klima,orte,
519970497777687,demonstration,klima,gemeinsam,
617898510784396,klima,zukunft,krise,
1107201494484147,cop,demonstration,klima,
972853951447234,demonstration,climate justice,krise,
1778257966326597,cop,orte,,
1194400998915350,kohle,dörfer,demonstration,
1047908584804946,demonstration,climate justice,orte,
1337553547244080,demonstration,cop,klima,
1156373232538467,cop,demonstration,kohle,
972125354352940,cop,klima,climate justice,
1660936424553089,engagement,jugend,klima,
588501617140585,cop,klima,,
324405636756110,demonstration,klima,politik,
1614416165843361,cop,spenden,klima,
1147462610100705,climate justice,klima,gemeinsam,
1550227353554798,engagement,demonstration,,
1348815346136747,demonstration,jugend,mobilität,
429298543507772,klima,demonstration,engagement,
3560512714251617,unclassified,,,
1792608598182053,demonstration,mobilität,gemeinsam,
1429207559229153,engagement,orte,,
1826700731463016,cop,klima,demonstration,
9055276384566724,demonstration,klima,orte,
943324881109202,demonstration,klima,politik,
2128137537782145,engagement,klima,teilnahme,
578722018322544,demonstration,globaler,orte,
2304954416537904,jugend,engagement,demonstration,
583280654580589,gas,demonstration,politik,
1773766440112833,jugend,krise,klima,
1177285400488393,gas,klima,zukunft,
1049599059461670,cop,klima,orte,
1346706953001226,klima,demonstration,,
1569633527086492,klima,jugend,globaler,
1835202930217095,aufruf,kohle,klima,
1695119571431099,climate justice,demonstration,politik,
1633530743940987,demonstration,orte,,
1714997212765680,demonstration,gemeinsam,orte,
1071360968077004,demonstration,klima,gemeinsam,
835672528671875,demonstration,cop,gemeinsam,
1452339849082969,demonstration,kohle,klima,
1277293756813316,climate justice,demonstration,aufruf,
4604518506463144,feste,engagement,klima,
9047592588695695,klima,zukunft,,
3028726763934623,demonstration,dörfer,klima,
1542251537654170,feste,demonstration,krise,
581574761078245,spenden,demokratie,krieg,
1684709418759066,spenden,jugend,demonstration,
440445438408485,klima,krise,zukunft,
1950578465724423,dörfer,demonstration,gemeinsam,
3904385256471573,dörfer,kohle,demonstration,
960730376245805,demonstration,klima,orte,
1689292658287545,climate justice,demonstration,gemeinsam,
639203795235518,dörfer,demonstration,kohle,
1774082976551603,dörfer,demonstration,orte,
1285847159361405,dörfer,kohle,demonstration,
657843513575167,kohle,dörfer,demonstration,
2304285563278812,dörfer,klima,demonstration,
1553562122672888,dörfer,demonstration,orte,
1015009384469536,klima,jugend,orte,
1158843005768713,dörfer,demonstration,gemeinsam,
1531948338573874,dörfer,kohle,demonstration,
589273970237907,dörfer,demonstration,gemeinsam,
623467490275834,dörfer,klima,engagement,
1654458612114372,engagement,klima,demonstration,
2635098460212371,dörfer,demonstration,gemeinsam,
3614159745415395,engagement,climate justice,demonstration,
9431769756881897,dörfer,demonstration,aufruf,
638887898617914,dörfer,kohle,demonstration,
9225995097462903,dörfer,demonstration,demokratie,
541965772229257,klima,jugend,politik,
599657749076443,dörfer,kohle,demonstration,
9440161989327864,wahl,klima,dörfer,
2954051171437313,dörfer,engagement,aufruf,
1185086863187471,demonstration,wahl,gemeinsam,
1085303306423209,demonstration,gemeinsam,dörfer,
1344317236535460,demonstration,dörfer,gemeinsam,
1348078893322258,dörfer,demonstration,orte,
589969870175019,dörfer,demonstration,mobilität,
744844781850388,demonstration,dörfer,gemeinsam,
961777525490170,orte,wahl,demonstration,
412533791810064,dörfer,demonstration,gemeinsam,
1734664617109929,dörfer,orte,gemeinsam,
598297086160296,dörfer,kohle,demonstration,
633576299127693,demonstration,orte,klima,
1605870410022640,aufruf,politik,,
958594556230217,dörfer,kohle,demonstration,
487435384098559,dörfer,demonstration,gemeinsam,
487923347692185,dörfer,klima,demonstration,
2050935692016529,demonstration,wahl,orte,
1695660104667139,demonstration,klima,aufruf,
4490385941201516,aufruf,klima,personen,
492621239825612,globaler,aufruf,,
1125977088830540,wahl,klima,dörfer,
470982672740693,globaler,aufruf,klima,
443298942080599,globaler,engagement,orte,
611327534825635,globaler,demonstration,klima,
332487823293384,engagement,wahl,globaler,
1360628579342256,engagement,dörfer,orte,
9415499608489876,wahl,orte,klima,
3820333001517545,dörfer,kohle,demonstration,
507655709015162,landwirtschaft,politik,demonstration,
1697579491099236,spenden,demonstration,engagement,
1604594971177288,demonstration,landwirtschaft,gemeinsam,
544243831979485,kohle,dörfer,demonstration,
631282885962930,demonstration,landwirtschaft,klima,
1285692739491971,jugend,engagement,globaler,
2064271974037979,kohle,demonstration,kapitalismus,
1744153463406976,globaler,demonstration,climate justice,
1995349734508904,wahl,klima,demonstration,
3958487837756238,globaler,demonstration,orte,
559900530333997,mobilität,klima,wissenschaft,
626026429844992,energie,krise,gas,
642785391491531,demonstration,mobilität,klima,
2591816914608287,mobilität,orte,demonstration,
1147102063465248,kapitalismus,kohle,dörfer,
1699466780637799,demonstration,mobilität,klima,
1492114288319843,globaler,climate justice,mobilität,
1060304152532214,aufruf,politik,klima,
621128233932418,globaler,demonstration,krise,
9387199191334141,climate justice,klima,globaler,
795067709946741,globaler,orte,mobilität,
869062385202726,wahl,demonstration,klima,
1794467628072580,engagement,orte,demonstration,
1649322932607944,klima,demonstration,politik,
963081928677045,dörfer,demonstration,klima,
24679996915001602,demonstration,kohle,mobilität,
1358382415536664,engagement,globaler,spenden,
1088863178921274,wahl,demonstration,klima,
9060383254008888,globaler,zukunft,demonstration,
2922718441220229,mobilität,demonstration,klima,
1510909723690629,demonstration,klima,politik,
27444131088539193,demonstration,klima,orte,
1095186859287302,wahl,klima,demonstration,
1514306183216402,demonstration,klima,orte,
619046604231016,climate justice,demonstration,gemeinsam,
378473108223970,demonstration,klima,politik,
2292817127915719,demonstration,gemeinsam,engagement,
1191596866322133,demonstration,mobilität,dörfer,
1034848342244274,demonstration,,,
547775451754739,demonstration,orte,teilnahme,
590334327230197,demonstration,orte,engagement,
2355801208122838,demonstration,klima,kapitalismus,
1273792983903431,demonstration,climate justice,mobilität,
1132363898565259,mobilität,demonstration,klima,
876288457784696,demonstration,orte,engagement,
581804394672282,demonstration,klima,climate justice,
963920699000115,spenden,demonstration,globaler,
1779694382880837,demonstration,klima,mobilität,
1731385300740703,jugend,zukunft,engagement,
2110124216092451,globaler,engagement,demonstration,
1317829186081154,klage,jugend,klima,
9005491126225945,globaler,demonstration,engagement,
1671350280212394,globaler,demonstration,klima,
3015703085251906,krieg,gas,demonstration,
1727393917914542,demonstration,engagement,orte,
1592381644785437,klage,jugend,klima,
1100883008344767,globaler,demonstration,mobilität,
1862500714221847,kohle,demonstration,klima,
795825276185421,demonstration,globaler,orte,
494888916614271,mobilität,demonstration,orte,
1904185617207866,demonstration,jugend,klima,
854700756410365,klage,jugend,klima,
1323487428984613,demonstration,globaler,orte,
952935436804920,demonstration,jugend,krise,
2065360427690116,kohle,demonstration,dörfer,
2113467869084205,demonstration,klima,gemeinsam,
1391368888969906,demonstration,jugend,orte,
1669010830882081,demonstration,globaler,mobilität,
1007218487913616,globaler,demonstration,engagement,
1745392366539637,globaler,klima,orte,
1349031336465847,mobilität,gemeinsam,demonstration,
1145305906966494,globaler,demonstration,klima,
2335596396824030,globaler,engagement,demonstration,
1613797876120001,demonstration,klima,gemeinsam,
1706662896581203,demonstration,climate justice,gemeinsam,
506056082089485,demonstration,globaler,climate justice,
1565984661461129,demonstration,mobilität,,
1176220140794943,demonstration,teilnahme,,
293749850161654,demonstration,mobilität,gemeinsam,
2328276137573125,globaler,demonstration,teilnahme,
1338710811055367,demonstration,mobilität,gemeinsam,
1140400584415117,demonstration,orte,klima,
587904417383488,demonstration,globaler,krise,
1047060954457939,demonstration,orte,teilnahme,
978050490413988,demonstration,mobilität,klima,
1667622523848301,globaler,demonstration,jugend,
1220901760088973,globaler,demonstration,klima,
788918543267409,klima,globaler,zukunft,
1286964695902115,globaler,orte,demonstration,
1408457043445048,globaler,demonstration,climate justice,
591034783686659,demonstration,klima,politik,
1630257924546868,demonstration,klima,orte,
1036780938494383,orte,demonstration,,
964739745120503,orte,demonstration,,
1286215975950384,globaler,demonstration,,
595854182791845,mobilität,engagement,,
1452929612658613,globaler,demonstration,orte,
1550667759775210,demonstration,mobilität,jugend,
1097955542014207,demonstration,globaler,orte,
512663388515270,demonstration,gemeinsam,klima,
1842297899508614,teilnahme,gemeinsam,,
3946954868894211,demonstration,klima,orte,
626624396521139,demonstration,orte,teilnahme,
3950292461963479,demonstration,klima,teilnahme,
890467666161594,demonstration,mobilität,orte,
1992725481503756,demonstration,gemeinsam,engagement,
581553268051790,demonstration,teilnahme,,
587994484154984,demonstration,teilnahme,,
1823002508513843,demonstration,klima,gemeinsam,
933911692162724,engagement,orte,teilnahme,
1384999402909325,jugend,klima,demonstration,
965474285528611,demonstration,teilnahme,,
620498623789560,demonstration,mobilität,gemeinsam,
2399300133744676,globaler,engagement,jugend,
1846491192843486,corona,klima,zukunft,
918614553293789,demonstration,klima,mobilität,
3533225950311530,unclassified,,,
4341409302795035,mobilität,demonstration,klima,
1389480085765968,ozean,klima,,
1375689677775852,demonstration,klima,orte,
1321585262600406,zukunft,gemeinsam,klima,
634559882367213,ozean,klima,krise,
1032363079329054,orte,engagement,teilnahme,
500988725956522,klima,energie,kohle,
952825333701386,mobilität,klima,politik,
581930811404846,demonstration,mobilität,klima,
1137971414453354,wissenschaft,klima,,
1439022013364325,demonstration,klima,gemeinsam,
475587768926209,klima,aufruf,krise,
1069414314895222,klima,wissenschaft,politik,
945754470955579,wissenschaft,aufruf,klima,
2012417095901449,demonstration,aufruf,,
1369882398125698,demonstration,klima,politik,
1388811016641777,mobilität,demonstration,klima,
2367618000253213,demonstration,mobilität,aufruf,
2060578591108126,gas,demonstration,orte,
1140836627493575,demonstration,mobilität,gemeinsam,
1664714238996685,demonstration,cop,orte,
1047661323716547,demonstration,klima,gas,
929225392494705,demonstration,mobilität,gemeinsam,
3067837476697905,gas,demonstration,kapitalismus,
2149603718907927,climate justice,jugend,globaler,
1176172300686983,klima,mobilität,politik,
2443745275814539,demonstration,mobilität,klima,
584467274549026,klima,demonstration,mobilität,
1817985385695976,demonstration,klima,politik,
1146001126752957,politik,,,
1285854235993389,klima,kapitalismus,demonstration,
2001394133661743,demonstration,landwirtschaft,klima,
8145370502232054,klima,politik,,
1303796667346123,klima,krise,,
399726656536198,klima,landwirtschaft,,
2784066041796463,zukunft,demonstration,,
2738272246358189,mobilität,engagement,,
1687482175452386,demonstration,gemeinsam,zukunft,
2062667110830736,mobilität,demonstration,klima,
1156474766037332,vorstellung,engagement,jugend,
1796220297860115,demonstration,,,
8517695961664896,klima,engagement,demonstration,
430052699371119,demonstration,klima,gemeinsam,
2936141996746504,engagement,orte,teilnahme,
920306709889225,landwirtschaft,klima,demonstration,
1202587894175745,demonstration,klima,politik,
2088570391594488,demonstration,engagement,,
428067219642631,politik,wissenschaft,klima,
610625031685363,demonstration,politik,,
1346388783170202,demonstration,orte,,
969251371292162,vorstellung,engagement,demonstration,
1855183878405338,demonstration,klima,,
619928440533233,demonstration,klima,politik,
1780858042755262,gas,dörfer,kohle,
1130196258497750,kohle,demonstration,orte,
556579700418579,gas,klima,demonstration,
1867641130641866,orte,demonstration,,
643335931384513,engagement,klima,orte,
1917093089098069,demonstration,mobilität,zukunft,
1641961683083873,demonstration,wahl,klima,
1838176640049679,demonstration,orte,,
3857901804433213,demonstration,klima,mobilität,
1785726811969846,demonstration,mobilität,kapitalismus,
604917105622740,demonstration,mobilität,engagement,
1274440930278024,politik,klima,aufruf,
972291078143958,mobilität,klima,demonstration,
1157314285973209,demonstration,klima,orte,
2275605506146577,demonstration,,,
575225775504192,gas,demonstration,orte,
2108554266750707,engagement,orte,zukunft,
647672927837322,globaler,demonstration,klima,
1333803791614008,demonstration,globaler,,
1557009121483798,globaler,demonstration,orte,
480789531734925,klima,unclassified,,
1412053373121337,mobilität,,,
2319244225140866,energie,kapitalismus,,
1789254898527190,klage,klima,politik,
1270847724148822,gas,energie,demonstration,
1989437688201341,demonstration,klima,gemeinsam,
2371568689695186,klima,demonstration,globaler,
1541507243225095,mobilität,aufruf,klima,
8944016489042619,mobilität,kapitalismus,klima,
842832121253359,ozean,globaler,klima,
3905636399752923,climate justice,demonstration,globaler,
541568962242215,ozean,globaler,orte,
2640637069659799,kohle,dörfer,demonstration,
1630301864266569,demonstration,gemeinsam,,
1138098187632099,climate justice,klima,engagement,
981957420464904,energie,klima,mobilität,
918678187059366,globaler,jugend,zukunft,
1077582551352850,kohle,klima,orte,
585878967745630,gemeinsam,demonstration,klima,
1118539566638090,unclassified,,,
2758278411039012,demokratie,unclassified,,
1573112560008763,unclassified,,,
1505076676809092,klima,politik,klage,
913167700637693,globaler,demonstration,climate justice,
592226543639655,globaler,demonstration,klima,
950058169361694,globaler,demonstration,,
781216904865154,kohle,demonstration,orte,
660332316522459,klima,politik,demonstration,
1082511406984003,demonstration,demokratie,,
1094965248852462,globaler,demonstration,orte,
2644508029687648,demonstration,politik,orte,
1139185894541508,unclassified,,,
1791195128685389,klage,jugend,klima,
1373798020968494,klage,klima,engagement,
1550497362929348,klage,jugend,engagement,
2111463359469610,klage,jugend,klima,
1354142630136075,klage,jugend,klima,
486118821197022,demonstration,klima,orte,
894547892888894,demonstration,klima,orte,
1130119396342417,klage,jugend,gemeinsam,
990857717343954,klage,klima,jugend,
3553424768155827,klage,jugend,gemeinsam,
1080927393126491,feminismus,climate justice,demonstration,
971143702675139,klage,klima,jugend,
946231661853380,klage,jugend,klima,
1359582521871234,kohle,demonstration,gemeinsam,
2240447803425595,demonstration,orte,engagement,
603209232318572,klima,aufruf,politik,
1315020476201761,unclassified,,,
1086276183839384,klage,jugend,klima,
1555197136348863,klage,jugend,klima,
1803667320456458,kohle,demonstration,klima,
861941400209791,klage,jugend,demonstration,
495764120210846,feste,gemeinsam,orte,
1536482933673725,engagement,orte,,
1502821273727843,demonstration,klima,politik,
579245528423561,demonstration,mobilität,orte,
1361672152733400,feminismus,orte,gemeinsam,
486781264527923,mobilität,klima,,
1686436645420389,climate justice,,,
488802673949516,engagement,gemeinsam,,
1456450033290374,globaler,engagement,teilnahme,
3872991359606435,demonstration,klima,unclassified,
594411406365307,orte,engagement,,
1182881703172284,demonstration,klima,aufruf,
949456197280165,klima,ozean,gemeinsam,
1541620927255809,klage,jugend,demonstration,
502545515785163,klima,kohle,,
549271338122334,demonstration,klima,politik,
1674783260119493,globaler,klima,,
9290617660999176,klage,klima,demonstration,
4037421899912527,demonstration,,,
485929590942523,globaler,demonstration,gemeinsam,
1129251952183065,demonstration,krise,aufruf,
1174378884020022,globaler,demonstration,klima,
633432549192914,jugend,unclassified,,
1588763731764940,gemeinsam,orte,klima,
3955716027981773,klima,demonstration,politik,
987326573290137,mobilität,klima,,
1008539064456620,jugend,demonstration,engagement,
3235337810108148,politik,klima,mobilität,
1272350787212647,climate justice,klima,globaler,
857211846306837,demonstration,aufruf,klima,
1053984950914220,jugend,engagement,,
1331256016490142,gemeinsam,orte,engagement,
1802551423832973,demonstration,engagement,,
1339440564293426,engagement,orte,teilnahme,
1011555834334473,climate justice,gemeinsam,engagement,
1686885375591296,engagement,jugend,globaler,
587352777438875,globaler,krise,orte,
9303249296385311,klima,aufruf,zukunft,
2808348236027898,globaler,climate justice,demonstration,
1516757519007329,unclassified,,,
1835032003933491,wahl,climate justice,engagement,
1153361392969332,aufruf,,,
2122646278181832,klima,demonstration,orte,
601645972824780,demonstration,globaler,gemeinsam,
556534650872934,demonstration,klima,kapitalismus,
9266720850081582,demonstration,aufruf,orte,
4042076596076842,climate justice,gemeinsam,klima,
1278685856754043,orte,unclassified,,
1317829166076631,globaler,demonstration,aufruf,
1329708298432959,klima,demonstration,krise,
1004872268818270,climate justice,engagement,orte,
9476122505785538,demonstration,klima,orte,
4053338141568572,demonstration,klima,politik,
1581683686648549,unclassified,,,
580673201452968,demonstration,orte,mobilität,
604524499292447,demonstration,globaler,gemeinsam,
956441716068833,mobilität,demonstration,klima,
1285639459504641,demonstration,climate justice,klima,
1590931678482939,globaler,klima,demonstration,
1126446038691712,demonstration,orte,,
1798746014206334,unclassified,,,
1014943717961464,orte,engagement,,
1116906546430593,klima,demonstration,aufruf,
9957261067642073,globaler,demonstration,orte,
1522722569319255,unclassified,,,
27337918919234161,demonstration,aufruf,,
604804495618403,demonstration,klima,orte,
1259315998462737,klima,demonstration,orte,
1776333833154824,demonstration,,,
1709471926978372,globaler,climate justice,demonstration,
1127414629165508,demonstration,globaler,klima,
587922884222807,demonstration,klima,gemeinsam,
9464008133663976,demonstration,klima,krise,
689149733528400,feste,demonstration,gemeinsam,
1109650084179435,demonstration,mobilität,klima,
616355054311892,ozean,klima,demonstration,
1074604127804075,globaler,klima,orte,
921124793559096,demonstration,klima,orte,
1955549941848374,demonstration,orte,,
604363578898563,vorstellung,engagement,demonstration,
1693150701551734,globaler,demonstration,politik,
636970455376775,mobilität,,,
976978757636040,klima,demonstration,wissenschaft,
1691191434747264,klima,krise,gemeinsam,
1282129196423246,globaler,zukunft,demonstration,
957874365917277,demonstration,climate justice,orte,
2488872728207443,demonstration,orte,klima,
632256639258973,demonstration,klima,jugend,
3831477163771103,globaler,demonstration,aufruf,
945355167719877,demonstration,mobilität,orte,
603939712423219,engagement,demonstration,climate justice,
643531994778714,demonstration,klima,orte,
866315409015403,demonstration,personen,cop,
985875810101029,globaler,demonstration,orte,
1010003300974375,demonstration,orte,engagement,
1671342880404065,globaler,klima,demonstration,
597601483200684,globaler,zukunft,demonstration,
930361845850390,demonstration,globaler,orte,
1560477784612705,demonstration,klima,politik,
954839269648726,globaler,orte,klima,
513163661286631,demonstration,mobilität,klima,
1371706970485950,engagement,,,
584750211039921,globaler,demonstration,orte,
945466170785106,globaler,demonstration,orte,
1148545780314022,engagement,teilnahme,,
585100631168773,globaler,orte,klima,
864133932386018,globaler,demonstration,zukunft,
1269484494350437,demonstration,globaler,climate justice,
599450316020468,,,,"invalid JSON, raw response (first 200 chars): '{""labels"": [""demonstration"", ""mobil'"
1329653458054263,demonstration,climate justice,orte,
1134405998159738,globaler,demonstration,orte,
2823425294485723,demonstration,engagement,orte,
1581184089232536,globaler,demonstration,,
1675035050115031,globaler,demonstration,orte,
1596461861073063,demonstration,,,
3973780912943632,globaler,engagement,spenden,
1292388618615900,jugend,demonstration,personen,
980757587266208,globaler,demonstration,aufruf,
562387956529101,globaler,demonstration,klima,
975092294541669,demonstration,klima,politik,
582372721274716,globaler,engagement,politik,
690127840172654,orte,unclassified,,
461332810330983,demonstration,klima,gemeinsam,
628242919682757,demonstration,klima,mobilität,
1145584027210290,orte,demonstration,mobilität,
2366830610344709,klima,orte,demonstration,
1141436890717269,demonstration,mobilität,klima,
931938552412285,demonstration,klima,orte,
631683535999753,klima,engagement,,
379131358202601,demonstration,klima,orte,
988752763353540,demonstration,climate justice,globaler,
1295232321586383,globaler,demonstration,orte,
970358864550319,globaler,demonstration,orte,
918967117016330,globaler,demonstration,klima,
633468645881105,demonstration,mobilität,klima,
471761559147616,globaler,demonstration,klima,
1091065676342110,klima,,,
602282142558517,engagement,spenden,,
596081206468549,globaler,feminismus,demonstration,
648888047706917,orte,engagement,,
939874238279662,spenden,demonstration,klima,
618380714539312,demonstration,,,
933779658944446,globaler,demonstration,klima,
9929609207053388,demonstration,globaler,klima,
1713849479551880,globaler,demonstration,,
485263034332216,demonstration,,,
605582065666741,demonstration,globaler,orte,
1118186226442029,globaler,klima,krise,
1581681482803577,demonstration,orte,teilnahme,
1666697700922484,demonstration,klima,orte,
669096998906901,klima,krise,,
596508662995269,globaler,demonstration,orte,
1322016449142788,globaler,demonstration,engagement,
582519831325806,globaler,demonstration,gemeinsam,
1293105628661518,gemeinsam,demonstration,,
1325938385388823,klima,krise,gemeinsam,
530195143340736,globaler,demonstration,klima,
8952855941477467,globaler,orte,demonstration,
1145210427384222,demonstration,gemeinsam,,
897571652441047,klima,politik,,
621795947202367,demonstration,aufruf,orte,
1705295753662782,globaler,demonstration,mobilität,
2279812466091366,demonstration,klima,,
1557133344998050,teilnahme,,,
2907640756073531,engagement,demonstration,orte,
915199287305033,climate justice,demonstration,klima,
314357591627895,demonstration,klima,politik,
3778125792436747,globaler,demonstration,,
2155072838241490,jugend,globaler,demonstration,
4023572091197498,spenden,demonstration,engagement,
3485074728466101,globaler,demonstration,climate justice,
1473361836551436,demonstration,klima,orte,
9004802399640581,unclassified,,,
507573668575697,orte,demonstration,,
587830234403496,demonstration,orte,jugend,
1956092751538715,globaler,demonstration,klima,
1087860509693015,globaler,demonstration,klima,
1337547944097079,globaler,demonstration,orte,
1223263452765031,demonstration,engagement,klima,
1602220497837886,demonstration,mobilität,orte,
973270760871538,globaler,demonstration,klima,
580670078281735,demonstration,,,
443764781869374,klima,demonstration,aufruf,
1577564942991605,demonstration,klima,globaler,
520989024336606,globaler,demonstration,krise,
2026026987915238,demonstration,gemeinsam,politik,
1530853607584963,demonstration,orte,,
557892266865251,demonstration,klima,orte,
1155770795924211,demonstration,teilnahme,,
1032454092921189,mobilität,demonstration,gemeinsam,
1100882954811810,demonstration,,,
912912760936284,climate justice,demonstration,klima,
2489631561508944,demonstration,mobilität,gemeinsam,
1400610815220594,demonstration,klima,,
2042760029522083,teilnahme,gemeinsam,,
911083933818639,climate justice,demonstration,teilnahme,
290614897372971,demonstration,orte,klima,
1281962386177756,demonstration,klima,gemeinsam,
491699056957488,climate justice,demonstration,klima,
2280695278964914,demonstration,klima,globaler,
2189673461426930,demonstration,,,
1011749677476323,engagement,jugend,demonstration,
1341291163962380,gemeinsam,politik,zukunft,
501873335876624,teilnahme,gemeinsam,demonstration,
495000976241215,climate justice,demonstration,kohle,
817027226843334,demonstration,climate justice,orte,
637161555321089,engagement,orte,,
930176669312059,demonstration,teilnahme,,
989701979725469,unclassified,,,
2334997093377926,demonstration,klima,politik,
383751694381905,demonstration,klima,orte,
8356335391133141,teilnahme,,,
771080418381736,demonstration,climate justice,politik,
906987914929795,demonstration,globaler,engagement,
1136784474474330,klima,demonstration,engagement,
856408929867822,personen,globaler,demonstration,
3431792736951629,krise,klima,,
473791479106948,demonstration,orte,,
826757786241792,globaler,demonstration,klima,
2614148855709708,kohle,demonstration,orte,
1068275958402800,mobilität,,,
593922386742906,demonstration,klima,wahl,
2917962001728505,orte,politik,,
3796014083993882,demonstration,klima,teilnahme,
1467120287206208,demonstration,krise,teilnahme,
962864519123005,unclassified,,,
2612998049047136,demonstration,mobilität,orte,
1776876496486344,demonstration,adf,klima,
981017559826674,aufruf,,,
2413951005609031,wahl,adf,demonstration,
933235902083818,mobilität,demonstration,orte,
595387539936456,adf,demonstration,klima,
415945554266047,demonstration,klima,gemeinsam,
1061117608654910,climate justice,demonstration,krise,
1051831714190280,mobilität,demonstration,,
893121310259634,globaler,demonstration,gemeinsam,
1524219395101722,globaler,climate justice,demonstration,
622532510259029,mobilität,gemeinsam,zukunft,
788427536373053,demonstration,politik,klima,
481173414810699,feste,orte,,
2082138255577256,klima,demokratie,aufruf,
1727759295152371,mobilität,gemeinsam,engagement,
1204913700473774,politik,,,
616554067446868,zukunft,klima,orte,
365190452739535,energie,klima,orte,
1447612855795462,demonstration,jugend,corona,
2847692975578900,mobilität,demonstration,gemeinsam,
591672336999099,jugend,engagement,klima,
1830143677788157,demonstration,klima,orte,
1611924403657672,klima,engagement,gemeinsam,
1174949554632072,klima,engagement,orte,
1443675796612227,unclassified,,,
1969424240343690,orte,engagement,klima,
250782121416504,cop,demonstration,climate justice,
829295016099456,demonstration,cop,klima,
1360798802822218,mobilität,demonstration,orte,
2771196933265776,demonstration,cop,klima,
243035242144898,klima,personen,aufruf,
1869657487176084,mobilität,demonstration,,
1704673213358536,gemeinsam,demonstration,orte,
1023300567357151,adf,demokratie,unclassified,
840359041509293,feste,klima,,
745649037602234,cop,kohle,klima,
2235894106804434,feste,klima,,
1338133553732919,cop,klima,kohle,
343881904950233,demonstration,orte,engagement,
1144666673583895,politik,klima,,
890755912363693,demonstration,politik,krise,
1420547588813716,cop,klima,engagement,
3632776756978796,demonstration,klima,politik,
273580172381572,klima,politik,,
317148747831389,demonstration,politik,,
838438471416006,unclassified,,,
242749248699325,unclassified,,,
315416178126117,demonstration,klima,orte,
324715133739643,demonstration,klima,engagement,
1286624655934950,feste,politik,,
1162122168803770,jugend,demonstration,klima,
952923469774797,cop,klima,,
542988022102772,cop,klima,,
1199246515102601,cop,,,
4275978315964899,cop,,,
1308477520172183,feste,ozean,,
1428592044730609,klima,unclassified,,
415078198295180,demonstration,feste,,
1608344846441449,demonstration,cop,climate justice,
2108478782919841,unclassified,,,
474045169110035,klima,kapitalismus,wissenschaft,
985871660069316,orte,engagement,klima,
1300710457819552,mobilität,gemeinsam,climate justice,
362946583112219,cop,demonstration,klima,
609029018504707,engagement,klima,orte,
1008855778422319,mobilität,demonstration,gemeinsam,
2615654818863373,engagement,klima,orte,
311694004609355,demonstration,demokratie,adf,
913088213652909,demonstration,adf,feminismus,
1075790187003539,demonstration,adf,feminismus,
1003282811849059,demonstration,demokratie,gemeinsam,
1765420344219109,demonstration,mobilität,klima,
1194615320401772,demonstration,mobilität,klima,
918961343751998,globaler,klima,,
1126559029090192,demonstration,gemeinsam,orte,
1337873533888064,demonstration,engagement,orte,
966005778801879,zukunft,krise,,
1123632219870745,demonstration,,,
628426219598812,klima,orte,demokratie,
1153695905977242,demonstration,orte,,
1417819565974738,engagement,jugend,demonstration,
2067158137058354,demonstration,orte,adf,
646670041356749,demonstration,adf,demokratie,
1551275112246044,demonstration,adf,demokratie,
1557788621592144,adf,demonstration,orte,
463830443462354,demonstration,adf,orte,
1413223779743915,adf,engagement,demonstration,
528643769578429,teilnahme,orte,,
503559242339003,demonstration,demokratie,gemeinsam,
1254845358940493,gemeinsam,demokratie,orte,
28059107713714546,unclassified,,,
2538608963015440,demonstration,jugend,gemeinsam,
984551146921794,demonstration,demokratie,adf,
960480162718522,demonstration,engagement,orte,
2668354996885679,demokratie,adf,demonstration,
1891622895004122,demonstration,orte,,
403048355522128,demonstration,gemeinsam,krieg,
930163652243957,teilnahme,orte,,
9008247519303416,demonstration,demokratie,adf,
1496532131491219,demonstration,mobilität,gemeinsam,
532829522441944,adf,demonstration,orte,
1734045977153288,landwirtschaft,demonstration,klima,
1688401892400067,orte,,,
1159242966253961,demonstration,,,
2146682909587986,demonstration,teilnahme,,
898490655296297,adf,demonstration,klima,
1343845903731459,orte,klima,demonstration,
1280799059840122,demonstration,orte,,
641879825071949,demonstration,mobilität,gemeinsam,
1307090617007433,demonstration,adf,gemeinsam,
1152998946170073,mobilität,klima,climate justice,
633237359200786,demokratie,demonstration,orte,
1378217613177435,demokratie,gemeinsam,,
25032093663049871,demonstration,mobilität,politik,
1283535299428653,demokratie,gemeinsam,,
1986905038740061,orte,engagement,jugend,
1779203532865049,demokratie,orte,demonstration,
581984257525893,demonstration,mobilität,gemeinsam,
487712657403543,adf,gemeinsam,orte,
1990994821674665,demonstration,demokratie,aufruf,
2255804621904739,demonstration,mobilität,orte,
1012124657398068,adf,demonstration,demokratie,
925905752946211,demonstration,adf,demokratie,
4725824874406883,demonstration,gemeinsam,klima,
1142178950767097,adf,,,
1155113542991291,unclassified,,,
1826034218149294,demonstration,demokratie,gemeinsam,
605788775538678,demonstration,demokratie,orte,
1038786198263383,demonstration,demokratie,orte,
2003323340470196,engagement,jugend,demonstration,
1345451999445777,demonstration,mobilität,gemeinsam,
2011865955947422,jugend,demonstration,klima,
971073831049861,demonstration,klima,mobilität,
1057723390457220,demonstration,demokratie,globaler,
1341869293921392,demonstration,adf,demokratie,
2020725001770250,adf,demonstration,demokratie,
2705192663025210,adf,demonstration,demokratie,
565573689496390,mobilität,demonstration,gemeinsam,
1356646546424583,demonstration,mobilität,klima,
915832197394152,demonstration,engagement,gemeinsam,
1562735515201696,mobilität,engagement,,
1654499178480713,klima,demonstration,mobilität,
1392862096231074,demonstration,orte,,
588527104027545,adf,demonstration,demokratie,
1114361183525768,demokratie,adf,demonstration,
3942825259309591,demonstration,adf,orte,
1630677774242264,demonstration,demokratie,orte,
3962149414064221,demonstration,jugend,orte,
2010648582912746,demonstration,engagement,orte,
643011201495247,demonstration,demokratie,orte,
1715281849596841,demonstration,mobilität,climate justice,
1530561962150729,demonstration,mobilität,gemeinsam,
570747739292617,demonstration,orte,teilnahme,
1127478965543348,demonstration,demokratie,orte,
1090086138888088,adf,demonstration,demokratie,
2723322174519317,demonstration,orte,,
909765327297296,adf,gemeinsam,demonstration,
999880901958810,demonstration,engagement,orte,
635384005727700,demonstration,jugend,gemeinsam,
1341586950614580,mobilität,orte,demonstration,
588303360877547,adf,demonstration,gemeinsam,
941371211467084,teilnahme,orte,,
549328764726327,demonstration,klima,orte,
1274401577201311,demonstration,orte,,
1809421546557319,orte,gemeinsam,,
349229891430150,adf,demonstration,demokratie,
242198242296111,adf,demonstration,teilnahme,
1105377081337626,adf,demonstration,gemeinsam,
1009982708534341,demonstration,mobilität,klima,
1351026026076069,gemeinsam,,,
888759663173435,demonstration,gemeinsam,mobilität,
803510081959299,demonstration,mobilität,klima,
1266684828006827,demonstration,engagement,,
973657055665467,demonstration,mobilität,gemeinsam,
1358945791768791,gemeinsam,demonstration,,
1012056218470509,climate justice,engagement,teilnahme,
561492046937138,demokratie,adf,demonstration,
964011325155229,adf,gemeinsam,,
1778762779334600,feminismus,klima,kapitalismus,
637484998676531,demonstration,mobilität,climate justice,
1328066478941558,engagement,orte,gemeinsam,
848846180511882,feminismus,gemeinsam,teilnahme,
962684919162004,mobilität,demonstration,klima,
4451004075161142,adf,demonstration,orte,
941998208892822,feminismus,jugend,orte,
308577115574161,adf,demokratie,,
1290711635500961,unclassified,,,
1133239207851127,demonstration,mobilität,gemeinsam,
1119586585749497,wahl,jugend,demonstration,
998120428874631,demonstration,climate justice,politik,
1400380284278928,climate justice,demonstration,globaler,
885265934448009,demonstration,adf,demokratie,
1375938729784183,demonstration,klima,wahl,
1715071672231898,wahl,demonstration,,
1781163345990824,engagement,gemeinsam,jugend,
1457468888501840,climate justice,demonstration,wahl,
1451874179046350,demonstration,klima,cop,
2079335529390058,demonstration,engagement,jugend,
1537449573779959,demonstration,wahl,klima,
1507458371062799,globaler,demonstration,orte,
954766405887714,wahl,klima,gemeinsam,
1553029096400272,globaler,demonstration,orte,
1345650737766238,demonstration,orte,,
1046012851124393,demonstration,orte,,
1021535170272890,demonstration,klima,orte,
1500633444148313,klage,klima,climate justice,
2212449232935505,orte,teilnahme,,
323984260433844,globaler,klima,wahl,
1530980000800011,jugend,klima,krise,
870686416110328,wahl,jugend,demonstration,
1806581486547612,wahl,orte,,
3590053204625528,demonstration,wahl,demokratie,
971876277695852,klima,demonstration,aufruf,
1582060203491849,klima,climate justice,aufruf,
1820349128479556,demonstration,climate justice,orte,
2785740234945717,politik,teilnahme,,
2985417421808905,engagement,demonstration,teilnahme,
1527910892134714,globaler,demonstration,klima,
927938095742076,engagement,wahl,orte,
1487796901862505,demonstration,wahl,klima,
460770246528341,demonstration,wahl,klima,
1783973909107157,demonstration,orte,klima,
2183617669161865,demonstration,orte,,
1742984437130332,demonstration,orte,,
1909736299493276,demonstration,wahl,demokratie,
981706453795059,demonstration,engagement,klima,
1040432701838788,unclassified,,,
1087229019046017,wahl,klima,demonstration,
965513651816359,demonstration,wahl,engagement,
790661223822953,demonstration,wahl,demokratie,
937238998541582,demonstration,klima,demokratie,
1727704968251662,klima,orte,dörfer,
533637992362775,krise,klima,,
983629686503515,adf,wahl,personen,
962859182207994,wahl,jugend,klima,
1132709174708606,demonstration,gemeinsam,klima,
841450311357356,wahl,demonstration,klima,
440575998594289,wahl,demonstration,engagement,
1132049498021939,wahl,,,
1808039046373094,demonstration,klima,demokratie,
1743339906195154,wahl,jugend,demonstration,
2212958419494626,demonstration,orte,,
437375845822877,wahl,demonstration,klima,
591993190121126,demonstration,orte,,
965404731799799,wahl,aufruf,,
853079583322426,klima,wahl,krise,
297089616702892,demonstration,wahl,,
1151446100378879,demonstration,klima,orte,
1942410626211029,demonstration,gemeinsam,krise,
980149450453575,wahl,demonstration,klima,
3697563997165529,demonstration,jugend,wahl,
1275405336751184,demonstration,klima,,
875986191186750,demonstration,feste,orte,
2957950917689502,demonstration,climate justice,wahl,
1168439091133873,demonstration,climate justice,gemeinsam,
480056507922850,engagement,demonstration,orte,
1123704335900007,demonstration,jugend,orte,
467069309189776,demonstration,teilnahme,,
589159550545521,demonstration,demokratie,klima,
3329357400701910,demonstration,engagement,klima,
1985279192123282,feste,politik,orte,
1302834470869203,demonstration,,,
1845182012575158,demonstration,klima,demokratie,
1756965194827955,demonstration,klima,wahl,
1114348719675022,demonstration,klima,orte,
1020256376513898,climate justice,wahl,demonstration,
3277913272513827,demonstration,klima,,
473993115139389,wahl,gemeinsam,klima,
798816909562890,engagement,jugend,demonstration,
463255236188400,demokratie,jugend,wahl,
765910962903886,engagement,demonstration,teilnahme,
838009481556532,climate justice,politik,wahl,
770032595345971,demonstration,adf,wahl,
1299771354685130,teilnahme,orte,,
502331429498729,demonstration,demokratie,orte,
472666991840738,wahl,,,
1135420918142658,demonstration,adf,orte,
2031635074496063,wahl,gemeinsam,zukunft,
1037131452184619,gemeinsam,mobilität,klima,
467440649216272,klima,orte,wahl,
1506496943357660,gemeinsam,engagement,,
976379730938531,demonstration,gemeinsam,orte,
975277530959323,globaler,engagement,demonstration,
27216190281336985,dörfer,demonstration,,
884449200561198,unclassified,,,
854293029912170,demonstration,klima,climate justice,
2559671247811957,climate justice,engagement,orte,
563361333525402,gemeinsam,engagement,orte,
2290893157909198,feminismus,gemeinsam,demonstration,
1787764931979719,gas,kohle,demonstration,
3197298817073431,klima,wahl,jugend,
971547569305787,mobilität,demonstration,orte,
1811020826205069,adf,demonstration,,
1026297133090248,demonstration,gas,aufruf,
580303581357092,demonstration,gas,klima,
1539657974530421,gas,demonstration,energie,
1554768439694507,globaler,mobilität,orte,
1069815088948299,demonstration,gas,klima,
413225937903966,gas,demonstration,klage,
1023955567125173,klima,orte,engagement,
1486238359251135,engagement,jugend,globaler,
1203456007444890,globaler,orte,kapitalismus,
1013084097184620,globaler,demonstration,klima,
8527840147274240,globaler,demonstration,klima,
1102300311575772,wahl,klima,politik,
675902231657583,demonstration,klima,politik,
1974382850027193,engagement,demonstration,klima,
1006727588134283,demonstration,climate justice,kapitalismus,
1169107824578700,demonstration,climate justice,kapitalismus,
607606788854166,demonstration,klima,kohle,
1432217424506242,demonstration,klima,kapitalismus,
1288122939179742,demonstration,climate justice,kapitalismus,
2012797319471157,demonstration,climate justice,kapitalismus,
2029057987570918,demonstration,globaler,gemeinsam,
1048914994472274,demonstration,climate justice,klima,
1701749103831214,demonstration,klima,kapitalismus,
1530822600962540,demonstration,klima,globaler,
3954999381395691,aufruf,demonstration,climate justice,
24541731412154802,demonstration,klima,climate justice,
1357769278915756,climate justice,demonstration,gemeinsam,
2307087463032131,demonstration,climate justice,kapitalismus,
2045615712642833,aufruf,politik,klima,
1079449391018674,demonstration,klima,climate justice,
2821421931360726,demonstration,climate justice,kapitalismus,
24573863205590264,demonstration,climate justice,kapitalismus,
2010548859757826,demonstration,klima,aufruf,
1361065195609325,demonstration,climate justice,kapitalismus,
1314009083182567,mobilität,orte,,
1318778836618136,demonstration,klima,politik,
2347783768951460,demonstration,climate justice,kapitalismus,
1313030040531736,demonstration,klima,kapitalismus,
1340357687526599,demonstration,climate justice,kapitalismus,
660446009755075,demonstration,,,
1102413048766826,feste,climate justice,kapitalismus,
718787531219692,demonstration,klima,kapitalismus,
788205253822282,demonstration,climate justice,kapitalismus,
9313316882046400,globaler,krise,climate justice,
948080380312543,globaler,demonstration,teilnahme,
3692031461099836,demonstration,climate justice,feste,
922668983399893,demonstration,klima,engagement,
1552423282777266,demonstration,climate justice,kapitalismus,
1802937190454730,demonstration,klima,krise,
773174208899148,demonstration,kapitalismus,gemeinsam,
1144996560895266,demonstration,orte,,
1162187605346783,globaler,demonstration,orte,
3686048721532411,demonstration,climate justice,kapitalismus,
887668479949070,demonstration,klima,gemeinsam,
2435014406851707,teilnahme,klima,zukunft,
2044155639358137,teilnahme,,,
373796122336276,zukunft,politik,,
1688501955404341,climate justice,demonstration,teilnahme,
1294271131557604,unclassified,,,
1114913189953726,climate justice,krise,gemeinsam,
2666498876881823,orte,demonstration,teilnahme,
1850663105881533,engagement,jugend,demonstration,
1915720698957855,demonstration,engagement,personen,
8834809209975063,klima,orte,engagement,
592735060279144,zukunft,klima,orte,
2664568353728478,wahl,klima,orte,
1559137851799318,demonstration,klima,kapitalismus,
1120924859827946,klima,orte,aufruf,
600356382950375,klima,orte,engagement,
1138673650997772,unclassified,,,
1387087175589511,klage,klima,politik,
543541258294798,globaler,demonstration,teilnahme,
1025206482709324,cop,klima,gas,
4020033981602051,politik,,,
8498632936858376,gemeinsam,engagement,teilnahme,
484991460555995,cop,demonstration,klima,
483235424096923,demonstration,wahl,klima,
1098449118679029,demonstration,cop,klima,
1294087411616860,gas,demonstration,klima,
1224780125457665,demonstration,klima,feste,
1289403525544317,klima,politik,mobilität,
1376312160020123,cop,klima,demonstration,
2050978312089251,cop,klima,krise,
1001824741861214,gas,demonstration,energie,
1327680341591034,gas,demonstration,klima,
1324539602304544,demonstration,gas,gemeinsam,
1343766083654608,demonstration,klima,orte,
1359392422161104,demonstration,gemeinsam,politik,
1149529950092431,demonstration,klima,politik,
1676822056590515,wahl,klima,politik,
1119291902651222,wahl,klima,personen,
1298102974808026,demonstration,klima,gemeinsam,
1119317776167368,feste,climate justice,gemeinsam,
950786697163614,feste,politik,unclassified,
611077324751622,demonstration,klima,gemeinsam,
587068777276218,gemeinsam,engagement,orte,
566427146364679,jugend,engagement,demonstration,
1553744308640965,energie,zukunft,orte,
491602310644569,jugend,climate justice,engagement,
8815131021943253,wahl,klima,gas,
1322324035622949,adf,demonstration,demokratie,
1173736320758697,wahl,klima,demonstration,
578339438522797,wahl,klima,orte,
1288361389029560,engagement,klima,,
2607597512964386,demonstration,wahl,klima,
1816547985765936,demonstration,klima,gas,
2342376572785320,demonstration,gas,klima,
1795838157939383,adf,demonstration,,
923839166628160,demonstration,klima,gas,
1113451623610877,demonstration,klima,gas,
3909694869309277,demonstration,klima,gas,
1373477697355649,demonstration,klima,gas,
1798825444080518,demonstration,klima,globaler,
636132942132686,wahl,demonstration,klima,
2124179184651776,demonstration,wahl,,
10024034384279433,krieg,wahl,klima,
1702902480353425,jugend,engagement,orte,
1847068376265045,jugend,engagement,demonstration,
955614344189032,unclassified,,,
1097429858849963,demonstration,klima,orte,
973253437610783,wahl,demokratie,klima,
1008271025276666,engagement,demonstration,orte,
1556854212475209,demonstration,demokratie,climate justice,
639158448859686,klima,climate justice,aufruf,
2647951095653913,klima,demokratie,demonstration,
1786184526075296,zukunft,gemeinsam,climate justice,
941895102237536,demonstration,adf,wahl,
1568149324655892,demonstration,orte,gemeinsam,
2049866676406894,demonstration,klima,orte,
783101877847662,demonstration,klima,aufruf,
1450188760206644,demonstration,wahl,teilnahme,
1620879748542140,spenden,demonstration,klima,
1339934371572738,demonstration,jugend,feminismus,
2090466428469931,climate justice,demonstration,wahl,
1574401974349314,personen,,,
1564116508412367,klima,wahl,kapitalismus,
1722585111989390,demonstration,klima,wahl,
577326652010203,wahl,krieg,demokratie,
1732893294377473,demonstration,gemeinsam,klima,
1152404916585203,wahl,klima,demokratie,
1710460040001433,klima,wahl,krise,
3001464893344887,wahl,klima,feminismus,
9640548002662606,wahl,demokratie,klima,
644989057920877,wahl,jugend,klima,
1142086794365723,klima,zukunft,politik,
1529094638999561,wahl,orte,klima,
663944139403675,wahl,klima,personen,
996796479833468,wahl,klima,orte,
1546981080150330,engagement,demonstration,klima,
562687792797844,feminismus,klima,krise,
1300995608685212,demonstration,klima,politik,
1529370545591056,demonstration,klima,politik,
1730879014710148,demonstration,gas,mobilität,
828267153553323,klima,politik,aufruf,
928516692523767,demonstration,klima,engagement,
3705091849655560,demonstration,orte,klima,
1714843929570235,engagement,jugend,klima,
2058662748060180,klima,orte,globaler,
1635963527291952,klima,demonstration,politik,
1335700458542405,engagement,krise,zukunft,
659938999852103,jugend,demonstration,klima,
1736079364002751,klima,engagement,jugend,
1164734795143253,klage,klima,engagement,
1765167931323633,krieg,klima,krise,
4376064745977147,engagement,klima,jugend,
1367217888808854,klima,demonstration,gas,
2664530053975759,demonstration,orte,klima,
1015726921046664,demonstration,mobilität,klima,
549934607735283,gas,demonstration,gemeinsam,
27546630094966690,demonstration,mobilität,aufruf,
2223917595072359,klima,zukunft,gemeinsam,
1471362690874438,engagement,gemeinsam,feste,
734198646109280,gas,demonstration,zukunft,
2596047797515025,gemeinsam,demonstration,orte,
3459517980881045,politik,klima,gas,
1479935300819197,klima,politik,gas,
1809653969760824,politik,klima,orte,
2120194405206969,klima,politik,energie,
28193903960244566,kohle,klima,politik,
1557308712606998,klima,politik,krise,
1343881667947562,demonstration,mobilität,gemeinsam,
2202382910518819,mobilität,,,
1770961100738210,politik,,,
1778330563603160,demonstration,klima,krise,
1732010531472476,engagement,politik,,
1646777093065072,klima,krise,politik,
1788011392563762,klima,politik,engagement,
1505631080644426,klima,krise,energie,
2045465819387827,unclassified,,,
1554401666137686,gas,demonstration,klima,
1249193710028563,gas,demonstration,politik,
1677467813236211,engagement,klima,orte,
1180826850887463,demonstration,gas,klima,
1502200024388713,gas,demonstration,klima,
1255930189805143,gas,demonstration,klima,
1984565088851962,demonstration,orte,teilnahme,
1021676186908315,gas,klima,demonstration,
1550308922998056,klima,politik,gas,
2016554505617558,unclassified,,,
1013082378359167,engagement,demonstration,orte,
1502636351059250,climate justice,zukunft,engagement,
1583268090174808,unclassified,,,
1457249752898978,demonstration,orte,zukunft,
1365660622088454,gas,krise,demonstration,
2127539884779242,krieg,aufruf,,
1354745816607444,gas,aufruf,,
2260230271381453,demonstration,engagement,spenden,
1488573605916537,demonstration,klima,politik,
1733531811116888,gas,energie,,
1782120086105840,gas,aufruf,,
1051012744011353,gas,energie,,
1576378753867560,demonstration,klima,orte,
2056935075071073,demonstration,orte,,
1904823576861450,climate justice,demonstration,gas,
1229451575958213,gas,demonstration,klima,
1380715627162239,demonstration,klima,politik,
784780093959053,orte,gemeinsam,,
1319420669681938,demonstration,gas,mobilität,
846466878286733,klima,gas,globaler,
1019390960492694,globaler,gas,kohle,
1012370898468308,engagement,jugend,orte,
1340750990836258,demonstration,klima,orte,
1001998559413129,demonstration,klima,,
1025189083429263,demonstration,klima,orte,
1433675241083013,demonstration,klima,gas,
1304974961052401,gas,orte,demonstration,
946374518414273,demonstration,klima,jugend,
1306689771547941,demonstration,climate justice,politik,
1740255723765007,engagement,jugend,klima,
1340123290883793,mobilität,demonstration,klima,
1713973976538730,demonstration,politik,,
3438969699605976,demonstration,klima,mobilität,
1555213246272947,mobilität,demonstration,klima,
1041605601745973,mobilität,demonstration,politik,
3139862376204887,klima,gemeinsam,teilnahme,
3218640208523633,demonstration,climate justice,mobilität,
836008519201456,demonstration,,,
1558323562420928,cop,demonstration,orte,
1321804876389770,demonstration,engagement,cop,
1396151405673775,demonstration,gas,orte,
1153232683655199,aufruf,kohle,demonstration,
2180378442472879,demonstration,orte,klima,
2054440528684036,zukunft,demonstration,klima,
732486623198065,demonstration,globaler,cop,
1087078743662381,demonstration,globaler,,
1063694509657135,demonstration,klima,,
3451887901645079,orte,teilnahme,demonstration,
1362330588705738,cop,klima,engagement,
1325320796468126,demonstration,feminismus,orte,
862264216454796,kohle,demonstration,orte,
2346422149428803,engagement,klima,unclassified,
1356269126602703,aufruf,klima,cop,
2575582426208862,cop,demonstration,politik,
1725254382005690,demonstration,klima,gemeinsam,
1611029850263910,krieg,gemeinsam,orte,
787646067171313,klima,engagement,demonstration,
999178736281309,gas,demonstration,politik,
978255861933166,spenden,engagement,demonstration,
1365846982093944,wahl,climate justice,gemeinsam,
1062223979495314,klima,mobilität,orte,
1781259139698068,engagement,klima,jugend,
1073287515073018,wahl,klima,demonstration,
1404043581545901,climate justice,engagement,teilnahme,
917136051398825,engagement,jugend,orte,
1581901713438123,demonstration,klima,orte,
1445134940994555,demonstration,climate justice,gemeinsam,
1099976329264893,demonstration,wahl,orte,
2280174746145768,demonstration,klima,politik,
1370356705077304,demonstration,mobilität,engagement,
27688152194149843,demonstration,mobilität,klima,
1639798147082917,demonstration,climate justice,wahl,
1398922425475209,gas,zukunft,demonstration,
1002420095757554,feminismus,climate justice,klima,
1500220655237474,gas,aufruf,,
2016049182608492,klima,demonstration,gas,
1316518670654211,mobilität,energie,zukunft,
2255473805281461,mobilität,klima,aufruf,
1381067880541586,gas,politik,,
4532354583682699,demonstration,klima,jugend,
1199053815683542,unclassified,,,
1012788538005656,demonstration,energie,orte,
1343599451070628,gas,klima,,
1004493329113599,aufruf,klima,,
1542941900856284,aufruf,klima,,
2064125574507477,demonstration,energie,orte,
2229147617943788,gas,klima,demonstration,
1321873360154212,gas,klima,demonstration,
26959598963723369,demonstration,aufruf,,
1694543781780331,gas,klima,demonstration,
1338885630948765,gas,klima,demonstration,
950579311335450,demonstration,klima,orte,
2530276157414773,demonstration,energie,aufruf,
1010252678428359,demonstration,orte,,
4108090222656636,demonstration,orte,kohle,
1671521240615127,demonstration,gemeinsam,politik,
1725890605114878,demonstration,klima,orte,
2319097668622328,demonstration,kohle,politik,
1610944200587941,gas,demonstration,orte,
1375733474658737,unclassified,,,
981168101589261,demonstration,teilnahme,,
2092020758330485,demonstration,jugend,,
915724131611064,engagement,orte,teilnahme,
1345003696964733,demonstration,klima,gemeinsam,
1531549462077971,demonstration,engagement,klima,
1745716216828277,demonstration,orte,,
1567520901502536,demonstration,orte,,
880539068377798,demonstration,klima,politik,
2115946859278089,klima,politik,zukunft,
2506644846521720,climate justice,engagement,jugend,
